total_BiTE_nM,time_h,surviving_fraction,lysed_fraction,trimer_complexes_per_surviving_target
0.0,0.0,1.0,0.0,0.0
0.0,0.25,1.0,0.0,0.0
0.0,0.5,1.0,0.0,0.0
0.0,0.75,1.0,0.0,0.0
0.0,1.0,1.0,0.0,0.0
0.0,1.25,1.0,0.0,0.0
0.0,1.5,1.0,0.0,0.0
0.0,1.75,1.0,0.0,0.0
0.0,2.0,1.0,0.0,0.0
0.0,2.25,1.0,0.0,0.0
0.0,2.5,1.0,0.0,0.0
0.0,2.75,1.0,0.0,0.0
0.0,3.0,1.0,0.0,0.0
0.0,3.25,1.0,0.0,0.0
0.0,3.5,1.0,0.0,0.0
0.0,3.75,1.0,0.0,0.0
0.0,4.0,1.0,0.0,0.0
0.0,4.25,1.0,0.0,0.0
0.0,4.5,1.0,0.0,0.0
0.0,4.75,1.0,0.0,0.0
0.0,5.0,1.0,0.0,0.0
0.0,5.25,1.0,0.0,0.0
0.0,5.5,1.0,0.0,0.0
0.0,5.75,1.0,0.0,0.0
0.0,6.0,1.0,0.0,0.0
0.0,6.25,1.0,0.0,0.0
0.0,6.5,1.0,0.0,0.0
0.0,6.75,1.0,0.0,0.0
0.0,7.0,1.0,0.0,0.0
0.0,7.25,1.0,0.0,0.0
0.0,7.5,1.0,0.0,0.0
0.0,7.75,1.0,0.0,0.0
0.0,8.0,1.0,0.0,0.0
0.0,8.25,1.0,0.0,0.0
0.0,8.5,1.0,0.0,0.0
0.0,8.75,1.0,0.0,0.0
0.0,9.0,1.0,0.0,0.0
0.0,9.25,1.0,0.0,0.0
0.0,9.5,1.0,0.0,0.0
0.0,9.75,1.0,0.0,0.0
0.0,10.0,1.0,0.0,0.0
0.0,10.25,1.0,0.0,0.0
0.0,10.5,1.0,0.0,0.0
0.0,10.75,1.0,0.0,0.0
0.0,11.0,1.0,0.0,0.0
0.0,11.25,1.0,0.0,0.0
0.0,11.5,1.0,0.0,0.0
0.0,11.75,1.0,0.0,0.0
0.0,12.0,1.0,0.0,0.0
0.0,12.25,1.0,0.0,0.0
0.0,12.5,1.0,0.0,0.0
0.0,12.75,1.0,0.0,0.0
0.0,13.0,1.0,0.0,0.0
0.0,13.25,1.0,0.0,0.0
0.0,13.5,1.0,0.0,0.0
0.0,13.75,1.0,0.0,0.0
0.0,14.0,1.0,0.0,0.0
0.0,14.25,1.0,0.0,0.0
0.0,14.5,1.0,0.0,0.0
0.0,14.75,1.0,0.0,0.0
0.0,15.0,1.0,0.0,0.0
0.0,15.25,1.0,0.0,0.0
0.0,15.5,1.0,0.0,0.0
0.0,15.75,1.0,0.0,0.0
0.0,16.0,1.0,0.0,0.0
0.0,16.25,1.0,0.0,0.0
0.0,16.5,1.0,0.0,0.0
0.0,16.75,1.0,0.0,0.0
0.0,17.0,1.0,0.0,0.0
0.0,17.25,1.0,0.0,0.0
0.0,17.5,1.0,0.0,0.0
0.0,17.75,1.0,0.0,0.0
0.0,18.0,1.0,0.0,0.0
0.0,18.25,1.0,0.0,0.0
0.0,18.5,1.0,0.0,0.0
0.0,18.75,1.0,0.0,0.0
0.0,19.0,1.0,0.0,0.0
0.0,19.25,1.0,0.0,0.0
0.0,19.5,1.0,0.0,0.0
0.0,19.75,1.0,0.0,0.0
0.0,20.0,1.0,0.0,0.0
0.0,20.25,1.0,0.0,0.0
0.0,20.5,1.0,0.0,0.0
0.0,20.75,1.0,0.0,0.0
0.0,21.0,1.0,0.0,0.0
0.0,21.25,1.0,0.0,0.0
0.0,21.5,1.0,0.0,0.0
0.0,21.75,1.0,0.0,0.0
0.0,22.0,1.0,0.0,0.0
0.0,22.25,1.0,0.0,0.0
0.0,22.5,1.0,0.0,0.0
0.0,22.75,1.0,0.0,0.0
0.0,23.0,1.0,0.0,0.0
0.0,23.25,1.0,0.0,0.0
0.0,23.5,1.0,0.0,0.0
0.0,23.75,1.0,0.0,0.0
0.0,24.0,1.0,0.0,0.0
0.0,24.25,1.0,0.0,0.0
0.0,24.5,1.0,0.0,0.0
0.0,24.75,1.0,0.0,0.0
0.0,25.0,1.0,0.0,0.0
0.0,25.25,1.0,0.0,0.0
0.0,25.5,1.0,0.0,0.0
0.0,25.75,1.0,0.0,0.0
0.0,26.0,1.0,0.0,0.0
0.0,26.25,1.0,0.0,0.0
0.0,26.5,1.0,0.0,0.0
0.0,26.75,1.0,0.0,0.0
0.0,27.0,1.0,0.0,0.0
0.0,27.25,1.0,0.0,0.0
0.0,27.5,1.0,0.0,0.0
0.0,27.75,1.0,0.0,0.0
0.0,28.0,1.0,0.0,0.0
0.0,28.25,1.0,0.0,0.0
0.0,28.5,1.0,0.0,0.0
0.0,28.75,1.0,0.0,0.0
0.0,29.0,1.0,0.0,0.0
0.0,29.25,1.0,0.0,0.0
0.0,29.5,1.0,0.0,0.0
0.0,29.75,1.0,0.0,0.0
0.0,30.0,1.0,0.0,0.0
0.0,30.25,1.0,0.0,0.0
0.0,30.5,1.0,0.0,0.0
0.0,30.75,1.0,0.0,0.0
0.0,31.0,1.0,0.0,0.0
0.0,31.25,1.0,0.0,0.0
0.0,31.5,1.0,0.0,0.0
0.0,31.75,1.0,0.0,0.0
0.0,32.0,1.0,0.0,0.0
0.0,32.25,1.0,0.0,0.0
0.0,32.5,1.0,0.0,0.0
0.0,32.75,1.0,0.0,0.0
0.0,33.0,1.0,0.0,0.0
0.0,33.25,1.0,0.0,0.0
0.0,33.5,1.0,0.0,0.0
0.0,33.75,1.0,0.0,0.0
0.0,34.0,1.0,0.0,0.0
0.0,34.25,1.0,0.0,0.0
0.0,34.5,1.0,0.0,0.0
0.0,34.75,1.0,0.0,0.0
0.0,35.0,1.0,0.0,0.0
0.0,35.25,1.0,0.0,0.0
0.0,35.5,1.0,0.0,0.0
0.0,35.75,1.0,0.0,0.0
0.0,36.0,1.0,0.0,0.0
0.0,36.25,1.0,0.0,0.0
0.0,36.5,1.0,0.0,0.0
0.0,36.75,1.0,0.0,0.0
0.0,37.0,1.0,0.0,0.0
0.0,37.25,1.0,0.0,0.0
0.0,37.5,1.0,0.0,0.0
0.0,37.75,1.0,0.0,0.0
0.0,38.0,1.0,0.0,0.0
0.0,38.25,1.0,0.0,0.0
0.0,38.5,1.0,0.0,0.0
0.0,38.75,1.0,0.0,0.0
0.0,39.0,1.0,0.0,0.0
0.0,39.25,1.0,0.0,0.0
0.0,39.5,1.0,0.0,0.0
0.0,39.75,1.0,0.0,0.0
0.0,40.0,1.0,0.0,0.0
0.0,40.25,1.0,0.0,0.0
0.0,40.5,1.0,0.0,0.0
0.0,40.75,1.0,0.0,0.0
0.0,41.0,1.0,0.0,0.0
0.0,41.25,1.0,0.0,0.0
0.0,41.5,1.0,0.0,0.0
0.0,41.75,1.0,0.0,0.0
0.0,42.0,1.0,0.0,0.0
0.0,42.25,1.0,0.0,0.0
0.0,42.5,1.0,0.0,0.0
0.0,42.75,1.0,0.0,0.0
0.0,43.0,1.0,0.0,0.0
0.0,43.25,1.0,0.0,0.0
0.0,43.5,1.0,0.0,0.0
0.0,43.75,1.0,0.0,0.0
0.0,44.0,1.0,0.0,0.0
0.0,44.25,1.0,0.0,0.0
0.0,44.5,1.0,0.0,0.0
0.0,44.75,1.0,0.0,0.0
0.0,45.0,1.0,0.0,0.0
0.0,45.25,1.0,0.0,0.0
0.0,45.5,1.0,0.0,0.0
0.0,45.75,1.0,0.0,0.0
0.0,46.0,1.0,0.0,0.0
0.0,46.25,1.0,0.0,0.0
0.0,46.5,1.0,0.0,0.0
0.0,46.75,1.0,0.0,0.0
0.0,47.0,1.0,0.0,0.0
0.0,47.25,1.0,0.0,0.0
0.0,47.5,1.0,0.0,0.0
0.0,47.75,1.0,0.0,0.0
0.0,48.0,1.0,0.0,0.0
0.01,0.0,1.0,0.0,0.435394688359284
0.01,0.25,0.9999999772517928,2.274820713811562e-08,0.43539469770054917
0.01,0.5,0.9999999545035853,4.549641473486177e-08,0.43539470704181477
0.01,0.75,0.9999999317553772,6.824462279023847e-08,0.43539471638308097
0.01,1.0,0.9999999090071686,9.099283130424573e-08,0.4353947257243477
0.01,1.25,0.9999998862589596,1.1374104027688355e-07,0.43539473506561516
0.01,1.5,0.9999998635107502,1.364892497081521e-07,0.4353947444068831
0.01,1.75,0.9999998407625403,1.5923745959805127e-07,0.43539475374815184
0.01,2.0,0.99999981801433,1.8198566994658115e-07,0.435394763089421
0.01,2.25,0.9999997952661192,2.0473388075374174e-07,0.4353947724306907
0.01,2.5,0.999999772517908,2.274820920195331e-07,0.4353947817719611
0.01,2.75,0.9999997497696962,2.5023030374395515e-07,0.43539479111323215
0.01,3.0,0.999999727021484,2.7297851592700806e-07,0.4353948004545035
0.01,3.25,0.9999997042732713,2.9572672856869184e-07,0.4353948097957759
0.01,3.5,0.9999996815250582,3.1847494166900636e-07,0.4353948191370486
0.01,3.75,0.9999996587768447,3.412231552279519e-07,0.4353948284783216
0.01,4.0,0.9999996360286307,3.639713692455283e-07,0.43539483781959565
0.01,4.25,0.9999996132804162,3.8671958372173563e-07,0.43539484716087024
0.01,4.5,0.9999995905322013,4.094677986565739e-07,0.435394856502145
0.01,4.75,0.9999995677839859,4.3221601405004327e-07,0.4353948658434209
0.01,5.0,0.99999954503577,4.549642299021436e-07,0.4353948751846971
0.01,5.25,0.9999995222875537,4.777124462128749e-07,0.4353948845259738
0.01,5.5,0.999999499539337,5.004606629822372e-07,0.43539489386725144
0.01,5.75,0.9999994767911198,5.232088802102309e-07,0.4353949032085293
0.01,6.0,0.999999454042902,5.459570978968555e-07,0.435394912549808
0.01,6.25,0.9999994312946839,5.687053160421114e-07,0.43539492189108714
0.01,6.5,0.9999994085464653,5.914535346459984e-07,0.4353949312323668
0.01,6.75,0.9999993857982462,6.142017537085167e-07,0.4353949405736473
0.01,7.0,0.9999993630500267,6.369499732296661e-07,0.4353949499149283
0.01,7.25,0.9999993403018067,6.596981932094468e-07,0.43539495925620986
0.01,7.5,0.9999993175535863,6.824464136478589e-07,0.4353949685974919
0.01,7.75,0.9999992948053654,7.051946345449023e-07,0.4353949779387748
0.01,8.0,0.999999272057144,7.279428559005769e-07,0.4353949872800581
0.01,8.25,0.9999992493089223,7.506910777148831e-07,0.43539499662134185
0.01,8.5,0.9999992265607,7.734392999878206e-07,0.43539500596262626
0.01,8.75,0.9999992038124772,7.961875227193896e-07,0.43539501530391167
0.01,9.0,0.999999181064254,8.1893574590959e-07,0.43539502464519736
0.01,9.25,0.9999991583160304,8.416839695584219e-07,0.4353950339864834
0.01,9.5,0.9999991355678063,8.644321936658853e-07,0.43539504332777024
0.01,9.75,0.9999991128195818,8.871804182319806e-07,0.43539505266905776
0.01,10.0,0.9999990900713567,9.09928643256707e-07,0.4353950620103459
0.01,10.25,0.9999990673231312,9.32676868740065e-07,0.4353950713516343
0.01,10.5,0.9999990445749053,9.554250946820548e-07,0.4353950806929236
0.01,10.75,0.9999990218266789,9.781733210826762e-07,0.43539509003421345
0.01,11.0,0.999998999078452,1.0009215479419296e-06,0.43539509937550386
0.01,11.25,0.9999989763302247,1.0236697752598144e-06,0.43539510871679465
0.01,11.5,0.9999989535819969,1.0464180030363308e-06,0.43539511805808634
0.01,11.75,0.9999989308337687,1.0691662312714794e-06,0.43539512739937836
0.01,12.0,0.9999989080855399,1.0919144599652594e-06,0.43539513674067126
0.01,12.25,0.9999988853373108,1.1146626891176715e-06,0.43539514608196467
0.01,12.5,0.9999988625890812,1.1374109187287148e-06,0.4353951554232585
0.01,12.75,0.9999988398408511,1.1601591487983908e-06,0.43539516476455303
0.01,13.0,0.9999988170926206,1.1829073793266986e-06,0.43539517410584827
0.01,13.25,0.9999987943443897,1.205655610313638e-06,0.4353951834471439
0.01,13.5,0.9999987715961581,1.2284038417592094e-06,0.4353951927884399
0.01,13.75,0.9999987488479263,1.251152073663413e-06,0.435395202129737
0.01,14.0,0.999998726099694,1.2739003060262485e-06,0.4353952114710345
0.01,14.25,0.9999987033514611,1.296648538847716e-06,0.43539522081233273
0.01,14.5,0.9999986806032278,1.3193967721278157e-06,0.4353952301536312
0.01,14.75,0.9999986578549941,1.3421450058665474e-06,0.4353952394949303
0.01,15.0,0.9999986351067599,1.3648932400639113e-06,0.43539524883623015
0.01,15.25,0.9999986123585253,1.3876414747199072e-06,0.4353952581775306
0.01,15.5,0.9999985896102902,1.4103897098345355e-06,0.43539526751883156
0.01,15.75,0.9999985668620546,1.433137945407796e-06,0.43539527686013313
0.01,16.0,0.9999985441138185,1.4558861814396885e-06,0.4353952862014355
0.01,16.25,0.9999985213655821,1.4786344179302134e-06,0.4353952955427381
0.01,16.5,0.9999984986173451,1.5013826548793707e-06,0.4353953048840413
0.01,16.75,0.9999984758691077,1.5241308922871602e-06,0.4353953142253455
0.01,17.0,0.9999984531208699,1.5468791301535822e-06,0.43539532356665
0.01,17.25,0.9999984303726315,1.5696273684786362e-06,0.43539533290795496
0.01,17.5,0.9999984076243927,1.592375607262323e-06,0.4353953422492609
0.01,17.75,0.9999983848761534,1.615123846504642e-06,0.43539535159056725
0.01,18.0,0.9999983621279138,1.6378720862055937e-06,0.43539536093187403
0.01,18.25,0.9999983393796736,1.6606203263651778e-06,0.43539537027318137
0.01,18.5,0.999998316631433,1.6833685669833942e-06,0.43539537961448954
0.01,18.75,0.999998293883192,1.7061168080602434e-06,0.4353953889557982
0.01,19.0,0.9999982711349504,1.728865049595725e-06,0.4353953982971074
0.01,19.25,0.9999982483867084,1.7516132915898394e-06,0.43539540763841733
0.01,19.5,0.999998225638466,1.7743615340425862e-06,0.4353954169797276
0.01,19.75,0.999998202890223,1.7971097769539658e-06,0.4353954263210387
0.01,20.0,0.9999981801419797,1.8198580203239781e-06,0.4353954356623502
0.01,20.25,0.9999981573937359,1.8426062641526229e-06,0.4353954450036624
0.01,20.5,0.9999981346454916,1.8653545084399007e-06,0.4353954543449749
0.01,20.75,0.9999981118972469,1.8881027531858114e-06,0.4353954636862884
0.01,21.0,0.9999980891490016,1.9108509983903544e-06,0.43539547302760234
0.01,21.25,0.999998066400756,1.9335992440535306e-06,0.4353954823689171
0.01,21.5,0.9999980436525098,1.9563474901753395e-06,0.435395491710232
0.01,21.75,0.9999980209042633,1.9790957367557813e-06,0.43539550105154773
0.01,22.0,0.9999979981560162,2.0018439837948558e-06,0.4353955103928641
0.01,22.25,0.9999979754077687,2.0245922312925634e-06,0.4353955197341809
0.01,22.5,0.9999979526595207,2.047340479248904e-06,0.43539552907549844
0.01,22.75,0.9999979299112723,2.0700887276638775e-06,0.43539553841681655
0.01,23.0,0.9999979071630235,2.0928369765374843e-06,0.43539554775813544
0.01,23.25,0.9999978844147741,2.115585225869724e-06,0.43539555709945477
0.01,23.5,0.9999978616665244,2.1383334756605967e-06,0.43539556644077454
0.01,23.75,0.9999978389182741,2.1610817259101026e-06,0.43539557578209487
0.01,24.0,0.9999978161700234,2.1838299766182414e-06,0.43539558512341603
0.01,24.25,0.9999977934217722,2.2065782277850133e-06,0.4353955944647375
0.01,24.5,0.9999977706735206,2.229326479410419e-06,0.4353956038060598
0.01,24.75,0.9999977479252685,2.252074731494457e-06,0.4353956131473827
0.01,25.0,0.9999977251770159,2.274822984037129e-06,0.43539562248870584
0.01,25.25,0.999997702428763,2.2975712370384337e-06,0.4353956318300298
0.01,25.5,0.9999976796805095,2.320319490498372e-06,0.43539564117135443
0.01,25.75,0.9999976569322556,2.3430677444169434e-06,0.4353956505126797
0.01,26.0,0.9999976341840012,2.3658159987941485e-06,0.43539565985400525
0.01,26.25,0.9999976114357464,2.388564253629987e-06,0.43539566919533157
0.01,26.5,0.9999975886874911,2.4113125089244583e-06,0.43539567853665856
0.01,26.75,0.9999975659392353,2.4340607646775638e-06,0.4353956878779861
0.01,27.0,0.9999975431909791,2.4568090208893025e-06,0.43539569721931426
0.01,27.25,0.9999975204427224,2.4795572775596743e-06,0.4353957065606429
0.01,27.5,0.9999974976944653,2.50230553468868e-06,0.43539571590197235
0.01,27.75,0.9999974749462077,2.525053792276319e-06,0.43539572524330195
0.01,28.0,0.9999974521979497,2.5478020503225917e-06,0.4353957345846325
0.01,28.25,0.9999974294496912,2.570550308827498e-06,0.4353957439259633
0.01,28.5,0.9999974067014322,2.593298567791038e-06,0.4353957532672952
0.01,28.75,0.9999973839531727,2.6160468272132115e-06,0.43539576260862745
0.01,29.0,0.9999973612049129,2.6387950870940187e-06,0.43539577194996015
0.01,29.25,0.9999973384566525,2.6615433474334594e-06,0.4353957812912937
0.01,29.5,0.9999973157083918,2.6842916082315347e-06,0.4353957906326275
0.01,29.75,0.9999972929601305,2.7070398694882427e-06,0.43539579997396205
0.01,30.0,0.9999972702118688,2.729788131203585e-06,0.43539580931529726
0.01,30.25,0.9999972474636066,2.7525363933775612e-06,0.43539581865663324
0.01,30.5,0.999997224715344,2.775284656010171e-06,0.4353958279979694
0.01,30.75,0.9999972019670809,2.7980329191014142e-06,0.4353958373393063
0.01,31.0,0.9999971792188174,2.820781182651292e-06,0.43539584668064396
0.01,31.25,0.9999971564705533,2.8435294466598038e-06,0.4353958560219822
0.01,31.5,0.9999971337222888,2.866277711126949e-06,0.4353958653633207
0.01,31.75,0.9999971109740239,2.8890259760527286e-06,0.43539587470466007
0.01,32.0,0.9999970882257585,2.9117742414371425e-06,0.4353958840459998
0.01,32.25,0.9999970654774927,2.93452250728019e-06,0.4353958933873404
0.01,32.5,0.9999970427292264,2.9572707735818716e-06,0.4353959027286814
0.01,32.75,0.9999970199809597,2.9800190403421872e-06,0.43539591207002293
0.01,33.0,0.9999969972326924,3.002767307561137e-06,0.435395921411365
0.01,33.25,0.9999969744844247,3.025515575238721e-06,0.43539593075270805
0.01,33.5,0.9999969517361567,3.048263843374939e-06,0.4353959400940513
0.01,33.75,0.9999969289878881,3.0710121119697912e-06,0.4353959494353956
0.01,34.0,0.999996906239619,3.0937603810232783e-06,0.43539595877674014
0.01,34.25,0.9999968834913494,3.116508650535399e-06,0.4353959681180851
0.01,34.5,0.9999968607430795,3.139256920506154e-06,0.43539597745943104
0.01,34.75,0.9999968379948091,3.1620051909355436e-06,0.4353959868007775
0.01,35.0,0.9999968152465382,3.1847534618235676e-06,0.4353959961421244
0.01,35.25,0.9999967924982668,3.2075017331702257e-06,0.43539600548347185
0.01,35.5,0.999996769749995,3.2302500049755182e-06,0.43539601482482015
0.01,35.75,0.9999967470017227,3.2529982772394452e-06,0.4353960241661686
0.01,36.0,0.99999672425345,3.2757465499620067e-06,0.435396033507518
0.01,36.25,0.9999967015051768,3.298494823143202e-06,0.435396042848868
0.01,36.5,0.9999966787569032,3.321243096783033e-06,0.4353960521902183
0.01,36.75,0.9999966560086291,3.3439913708814978e-06,0.43539606153156934
0.01,37.0,0.9999966332603546,3.3667396454385975e-06,0.4353960708729211
0.01,37.25,0.9999966105120796,3.3894879204543317e-06,0.4353960802142734
0.01,37.5,0.9999965877638041,3.4122361959287007e-06,0.43539608955562614
0.01,37.75,0.9999965650155281,3.434984471861704e-06,0.43539609889697967
0.01,38.0,0.9999965422672518,3.4577327482533418e-06,0.4353961082383337
0.01,38.25,0.9999965195189748,3.480481025103615e-06,0.4353961175796884
0.01,38.5,0.9999964967706976,3.503229302412522e-06,0.4353961269210433
0.01,38.75,0.9999964740224198,3.5259775801800646e-06,0.4353961362623994
0.01,39.0,0.9999964512741416,3.5487258584062417e-06,0.4353961456037555
0.01,39.25,0.9999964285258629,3.571474137091053e-06,0.4353961549451127
0.01,39.5,0.9999964057775838,3.5942224162344996e-06,0.43539616428647016
0.01,39.75,0.9999963830293042,3.6169706958365814e-06,0.4353961736278283
0.01,40.0,0.9999963602810241,3.6397189758972984e-06,0.43539618296918714
0.01,40.25,0.9999963375327435,3.6624672564166495e-06,0.4353961923105465
0.01,40.5,0.9999963147844626,3.6852155373946363e-06,0.43539620165190623
0.01,40.75,0.9999962920361811,3.7079638188312563e-06,0.43539621099326675
0.01,41.0,0.9999962692878993,3.7307121007265133e-06,0.4353962203346279
0.01,41.25,0.9999962465396169,3.7534603830804047e-06,0.4353962296759893
0.01,41.5,0.9999962237913341,3.77620866589293e-06,0.4353962390173518
0.01,41.75,0.9999962010430509,3.7989569491640923e-06,0.43539624835871465
0.01,42.0,0.9999961782947671,3.821705232893889e-06,0.4353962577000781
0.01,42.25,0.9999961555464829,3.844453517082321e-06,0.43539626704144196
0.01,42.5,0.9999961327981982,3.867201801729389e-06,0.43539627638280665
0.01,42.75,0.9999961100499132,3.88995008683509e-06,0.4353962857241717
0.01,43.0,0.9999960873016276,3.912698372399427e-06,0.4353962950655377
0.01,43.25,0.9999960645533416,3.935446658422399e-06,0.43539630440690413
0.01,43.5,0.9999960418050551,3.958194944904008e-06,0.43539631374827126
0.01,43.75,0.9999960190567682,3.980943231844251e-06,0.4353963230896387
0.01,44.0,0.9999959963084808,4.0036915192431295e-06,0.4353963324310068
0.01,44.25,0.9999959735601929,4.026439807100644e-06,0.4353963417723755
0.01,44.5,0.9999959508119046,4.0491880954167925e-06,0.435396351113745
0.01,44.75,0.9999959280636158,4.0719363841915774e-06,0.43539636045511504
0.01,45.0,0.9999959053153266,4.094684673424998e-06,0.43539636979648527
0.01,45.25,0.9999958825670369,4.117432963117053e-06,0.4353963791378564
0.01,45.5,0.9999958598187467,4.140181253267745e-06,0.4353963884792279
0.01,45.75,0.9999958370704561,4.162929543877072e-06,0.4353963978206005
0.01,46.0,0.999995814322165,4.185677834945033e-06,0.4353964071619734
0.01,46.25,0.9999957915738735,4.208426126471631e-06,0.43539641650334665
0.01,46.5,0.9999957688255815,4.2311744184568646e-06,0.4353964258447209
0.01,46.75,0.9999957460772891,4.253922710900734e-06,0.4353964351860955
0.01,47.0,0.9999957233289962,4.276671003803237e-06,0.4353964445274706
0.01,47.25,0.9999957005807029,4.299419297164379e-06,0.4353964538688466
0.01,47.5,0.9999956778324091,4.322167590984155e-06,0.4353964632102226
0.01,47.75,0.9999956550841147,4.344915885262566e-06,0.43539647255159997
0.01,48.0,0.99999563233582,4.367664179999614e-06,0.4353964818929775
1.0,0.0,1.0,0.0,43.029569615829836
1.0,0.25,0.9997794272744454,0.00022057272555459502,43.03846107524843
1.0,0.5,0.9995588127179791,0.00044118728202086305,43.047357883307726
1.0,0.75,0.9993381563071794,0.0006618436928206258,43.05626004529115
1.0,1.0,0.9991174580186026,0.0008825419813973126,43.065167566489315
1.0,1.25,0.9988967178287839,0.0011032821712160317,43.07408045220006
1.0,1.5,0.9986759357142364,0.0013240642857635717,43.08299870772849
1.0,1.75,0.9984551116514515,0.0015448883485484008,43.091922338387
1.0,2.0,0.9982342456168993,0.0017657543831006673,43.10085134949531
1.0,2.25,0.9980133375870269,0.0019866624129731038,43.10978574638041
1.0,2.5,0.9977923875381843,0.002207612461815711,43.118725534379614
1.0,2.75,0.9975713954467402,0.002428604553259815,43.127670718836065
1.0,3.0,0.9973503612890948,0.0026496387109051552,43.13662130509797
1.0,3.25,0.9971292850416256,0.0028707149583744335,43.145577298520934
1.0,3.5,0.9969081666806867,0.003091833319313315,43.154538704468045
1.0,3.75,0.9966870061826095,0.0033129938173904272,43.16350552830973
1.0,4.0,0.9964658035237026,0.003534196476297363,43.17247777542389
1.0,4.25,0.9962445586802513,0.003755441319748674,43.181455451195795
1.0,4.5,0.9960232716285181,0.00397672837148188,43.19043856101829
1.0,4.75,0.9958019423447425,0.0041980576552574575,43.19942711029156
1.0,5.0,0.9955805708051412,0.004419429194858852,43.20842110442336
1.0,5.25,0.9953591569859075,0.004640843014092469,43.217420548828876
1.0,5.5,0.9951377008632123,0.004862299136787677,43.2264254489308
1.0,5.75,0.9949162024132032,0.0050837975867968075,43.235435810159366
1.0,6.0,0.9946946616120048,0.005305338387995155,43.24445163795232
1.0,6.25,0.994473078435719,0.0055269215642809785,43.25347293775496
1.0,6.5,0.9942514528604245,0.005748547139575495,43.26249971502005
1.0,6.75,0.9940297848621771,0.005970215137822893,43.271531975208035
1.0,7.0,0.9938080744170097,0.006191925582990313,43.28056972378686
1.0,7.25,0.9935863215009322,0.006413678499067871,43.28961296623205
1.0,7.5,0.9933645260899314,0.006635473910068636,43.29866170802678
1.0,7.75,0.9931426881599713,0.0068573118400286435,43.307715954661795
1.0,8.0,0.9929208076869931,0.007079192313006891,43.31677571163547
1.0,8.25,0.9926988846469147,0.007301115353085341,43.3258409844538
1.0,8.5,0.9924769190156311,0.007523080984368918,43.334911778630435
1.0,8.75,0.9922549107690145,0.007745089230985507,43.343988099686754
1.0,9.0,0.992032859882914,0.007967140117085962,43.35306995315166
1.0,9.25,0.9918107663331559,0.008189233666844091,43.362157344561865
1.0,9.5,0.9915886300955433,0.008411369904456675,43.37125027946175
1.0,9.75,0.9913664511458565,0.00863354885414345,43.38034876340333
1.0,10.0,0.9911442294598529,0.008855770540147119,43.38945280194644
1.0,10.25,0.9909219650132667,0.009078034986733345,43.398562400658655
1.0,10.5,0.9906996577818092,0.009300342218190757,43.40767756511518
1.0,10.75,0.990477307741169,0.009522692258830947,43.41679830089907
1.0,11.0,0.9902549148670116,0.009745085132988468,43.425924613601154
1.0,11.25,0.9900324791349792,0.009967520865020835,43.43505650881996
1.0,11.5,0.9898100005206915,0.010189999479308529,43.444193992161935
1.0,11.75,0.989587478999745,0.010412521000254993,43.45333706924124
1.0,12.0,0.9893649145477134,0.010635085452286632,43.46248574567988
1.0,12.25,0.9891423071401472,0.010857692859852814,43.471640027107725
1.0,12.5,0.9889196567525741,0.011080343247425873,43.48079991916246
1.0,12.75,0.988696963360499,0.011303036639501099,43.48996542748962
1.0,13.0,0.9884742269394032,0.01152577306059675,43.49913655774269
1.0,13.25,0.9882514474647459,0.01174855253525405,43.50831331558291
1.0,13.5,0.9880286249119629,0.011971375088037178,43.51749570667955
1.0,13.75,0.9878057592564667,0.012194240743533284,43.52668373670969
1.0,14.0,0.9875828504736476,0.012417149526352474,43.535877411358385
1.0,14.25,0.9873598985388722,0.012640101461127824,43.545076736318606
1.0,14.5,0.9871369034274846,0.012863096572515366,43.55428171729132
1.0,14.75,0.9869138651148059,0.013086134885194096,43.563492359985396
1.0,15.0,0.986690783576134,0.01330921642386598,43.57270867011769
1.0,15.25,0.986467658786744,0.013532341213255935,43.58193065341307
1.0,15.5,0.9862444907218881,0.013755509278111854,43.59115831560437
1.0,15.75,0.9860212793567954,0.013978720643204585,43.600391662432514
1.0,16.0,0.9857980246666721,0.014201975333327944,43.609630699646324
1.0,16.25,0.9855747266267013,0.014425273373298698,43.61887543300281
1.0,16.5,0.9853513852120435,0.014648614787956593,43.62812586826692
1.0,16.75,0.9851280003978357,0.014871999602164327,43.637382011211734
1.0,17.0,0.9849045721591925,0.015095427840807567,43.64664386761839
1.0,17.25,0.984681100471205,0.015318899528794939,43.655911443276096
1.0,17.5,0.984457585308942,0.015542414691058036,43.6651847439822
1.0,17.75,0.9842340266474486,0.015765973352551407,43.67446377554217
1.0,18.0,0.9840104244617475,0.015989575538252573,43.68374854376959
1.0,18.25,0.983786778726838,0.016213221273162007,43.6930390544862
1.0,18.5,0.9835630894176969,0.01643691058230316,43.70233531352186
1.0,18.75,0.9833393565092776,0.01666064349072243,43.71163732671469
1.0,19.0,0.9831155799765108,0.016884420023489183,43.72094509991092
1.0,19.25,0.9828917597943042,0.017108240205695763,43.730258638965
1.0,19.5,0.9826678959375426,0.017332104062457453,43.73957794973958
1.0,19.75,0.9824439883810875,0.017556011618912508,43.74890303810557
1.0,20.0,0.9822200370997779,0.017779962900222154,43.75823390994212
1.0,20.25,0.9819960420684294,0.01800395793157057,43.76757057113656
1.0,20.5,0.9817720032618351,0.018227996738164914,43.776913027584584
1.0,20.75,0.9815479206547647,0.018452079345235278,43.786261285190115
1.0,21.0,0.9813237942219653,0.018676205778034742,43.795615349865386
1.0,21.25,0.9810996239381606,0.018900376061839343,43.80497522753089
1.0,21.5,0.9808754097780519,0.01912459022194807,43.81434092411553
1.0,21.75,0.9806511517163171,0.01934884828368289,43.82371244555649
1.0,22.0,0.9804268497276113,0.019573150272388727,43.833089797799275
1.0,22.25,0.9802025037865648,0.01979749621343514,43.84247298679788
1.0,22.5,0.9799781138675285,0.020021886132471467,43.85186201852538
1.0,22.75,0.9797536799449136,0.02024632005508633,43.86125689895977
1.0,23.0,0.9795292019932973,0.02047079800670269,43.87065763407962
1.0,23.25,0.9793046799872305,0.02069532001276943,43.88006422987192
1.0,23.5,0.9790801139012386,0.020919886098761355,43.88947669233226
1.0,23.75,0.9788555037098208,0.021144496290179192,43.89889502746489
1.0,24.0,0.9786308493874504,0.02136915061254959,43.90831924128255
1.0,24.25,0.9784061509085749,0.021593849091425112,43.91774933980656
1.0,24.5,0.9781814082476157,0.021818591752384254,43.92718532906692
1.0,24.75,0.9779566213789685,0.022043378621031416,43.93662721510219
1.0,25.0,0.977731790277003,0.022268209722996934,43.946075003959656
1.0,25.25,0.9775069149160629,0.022493085083937058,43.955528701695165
1.0,25.5,0.977281995270466,0.022718004729533958,43.96498831437328
1.0,25.75,0.9770570313145043,0.022942968685495727,43.974453848067235
1.0,26.0,0.9768320230224435,0.02316797697755638,43.983925308859014
1.0,26.25,0.9766069703685241,0.023393029631475847,43.99340270283917
1.0,26.5,0.9763818733269599,0.023618126673039988,44.002886036107135
1.0,26.75,0.9761567318719394,0.023843268128060573,44.01237531477104
1.0,27.0,0.9759315459776247,0.024068454022375303,44.021870544947724
1.0,27.25,0.9757063156181521,0.02429368438184779,44.03137173276284
1.0,27.5,0.9754810407676324,0.024518959232367573,44.04087888435078
1.0,27.75,0.9752557214001498,0.024744278599850116,44.05039200585483
1.0,28.0,0.9750303574897632,0.02496964251023679,44.059911103426955
1.0,28.25,0.9748049490105051,0.0251950509894949,44.06943618322806
1.0,28.5,0.9745794959363823,0.02542050406361767,44.07896725142783
1.0,28.75,0.9743539982413757,0.025646001758624234,44.08850431420486
1.0,29.0,0.9741284558994403,0.025871544100559658,44.098047377746546
1.0,29.25,0.9739028688845051,0.026097131115494925,44.107596448249254
1.0,29.5,0.973677237170473,0.026322762829526943,44.117151531918175
1.0,29.75,0.9734515607312214,0.026548439268778527,44.126712634967454
1.0,30.0,0.9732258395406015,0.026774160459398434,44.13627976362021
1.0,30.25,0.9730000735724387,0.026999926427561324,44.14585292410839
1.0,30.5,0.9727742628005321,0.027225737199467786,44.15543212267306
1.0,30.75,0.9725484071986557,0.02745159280134432,44.16501736556409
1.0,31.0,0.9723225067405565,0.027677493259443367,44.174608659040494
1.0,31.25,0.9720965613999567,0.02790343860004327,44.18420600937021
1.0,31.5,0.9718705711505516,0.0281294288494483,44.1938094228302
1.0,31.75,0.9716445359660113,0.02835546403398865,44.20341890570651
1.0,32.0,0.9714184558199795,0.028581544180020423,44.213034464294175
1.0,32.25,0.9711923306860742,0.028807669313925657,44.22265610489735
1.0,32.5,0.9709661605378876,0.029033839462112312,44.23228383382926
1.0,32.75,0.9707399453489857,0.029260054651014254,44.2419176574122
1.0,33.0,0.9705136850929087,0.029486314907091277,44.25155758197757
1.0,33.25,0.9702873797431708,0.029712620256829105,44.26120361386596
1.0,33.5,0.9700610292732605,0.029938970726739365,44.27085575942707
1.0,33.75,0.9698346336566404,0.030165366343359618,44.280514025019734
1.0,34.0,0.9696081928667466,0.030391807133253346,44.29017841701201
1.0,34.25,0.96938170687699,0.030618293123009933,44.29984894178106
1.0,34.5,0.9691551756607553,0.03084482433924472,44.30952560571338
1.0,34.75,0.9689285991914011,0.03107140080859893,44.31920841520454
1.0,35.0,0.9687019774422602,0.03129802255773973,44.328897376659484
1.0,35.25,0.9684753103866397,0.031524689613360204,44.33859249649231
1.0,35.5,0.9682485979978206,0.03175140200217935,44.34829378112639
1.0,35.75,0.9680218402490579,0.0319781597509421,44.35800123699444
1.0,36.0,0.9677950371135806,0.03220496288641928,44.367714870538414
1.0,36.25,0.9675681885645923,0.03243181143540767,44.37743468820962
1.0,36.5,0.96734129457527,0.032658705424729956,44.38716069646867
1.0,36.75,0.9671143551187652,0.032885644881234743,44.396892901785506
1.0,37.0,0.9668873701682034,0.03311262983179655,44.40663131063953
1.0,37.25,0.9666603396966841,0.03333966030331584,44.41637592951936
1.0,37.5,0.966433263677281,0.03356673632271896,44.42612676492309
1.0,37.75,0.9662061420830418,0.033793857916958214,44.43588382335825
1.0,38.0,0.9659789748869881,0.03402102511301181,44.44564711134181
1.0,38.25,0.9657517620621161,0.034248237937883876,44.455416635400034
1.0,38.5,0.9655245035813955,0.03447549641860448,44.46519240206887
1.0,38.75,0.9652971994177704,0.034702800582229576,44.4749744178935
1.0,39.0,0.9650698495441589,0.03493015045584106,44.48476268942873
1.0,39.25,0.9648424539334532,0.035157546066546745,44.49455722323887
1.0,39.5,0.9646150125585196,0.03538498744148037,44.50435802589772
1.0,39.75,0.9643875253921984,0.03561247460780159,44.51416510398861
1.0,40.0,0.964159992407304,0.035840007592696,44.523978464104445
1.0,40.25,0.9639324135766248,0.036067586423375056,44.533798112847684
1.0,40.5,0.9637047888729238,0.03629521112707622,44.54362405683034
1.0,40.75,0.9634771182689371,0.036522881731062794,44.553456302674135
1.0,41.0,0.9632494017373759,0.03675059826262406,44.563294857010256
1.0,41.25,0.9630216392509248,0.03697836074907518,44.57313972647961
1.0,41.5,0.9627938307822427,0.03720616921775728,44.58299091773279
1.0,41.75,0.9625659763039626,0.03743402369603737,44.59284843743
1.0,42.0,0.9623380757886916,0.03766192421130839,44.602712292241094
1.0,42.25,0.9621101292090107,0.0378898707909892,44.612582488845696
1.0,42.5,0.9618821365374753,0.03811786346252459,44.62245903393308
1.0,42.75,0.9616540977466147,0.03834590225338526,44.632341934202344
1.0,43.0,0.9614260128089321,0.038573987191067846,44.64223119636227
1.0,43.25,0.9611978816969051,0.038802118303094886,44.65212682713139
1.0,43.5,0.9609697043829851,0.03903029561701485,44.662028833237976
1.0,43.75,0.9607414808395979,0.03925851916040213,44.67193722142029
1.0,44.0,0.9605132110391429,0.03948678896085702,44.68185199842621
1.0,44.25,0.9602848949539942,0.03971510504600576,44.69177317101354
1.0,44.5,0.9600565325564995,0.03994346744350052,44.70170074594986
1.0,44.75,0.9598281238189806,0.040171876181019334,44.71163473001277
1.0,45.0,0.9595996687137337,0.04040033128626622,44.72157512998951
1.0,45.25,0.9593711672130288,0.04062883278697107,44.73152195267746
1.0,45.5,0.9591426192891103,0.040857380710889735,44.741475204883756
1.0,45.75,0.958914024914196,0.041085975085803965,44.751434893425525
1.0,46.0,0.9586853840604785,0.04131461593952144,44.7614010251299
1.0,46.25,0.9584566967001242,0.04154330329987574,44.77137360683383
1.0,46.5,0.9582279628052736,0.0417720371947264,44.781352645384445
1.0,46.75,0.9579991823480412,0.042000817651958844,44.79133814763864
1.0,47.0,0.9577703553005156,0.042229644699484425,44.80133012046357
1.0,47.25,0.9575414816347595,0.04245851836524045,44.81132857073625
1.0,47.5,0.9573125613228098,0.04268743867719009,44.82133350534384
1.0,47.75,0.9570835943366774,0.04291640566332248,44.83134493118348
1.0,48.0,0.9568545806483473,0.043145419351652656,44.84136285516253
10.0,0.0,1.0,0.0,376.581278789173
10.0,0.25,0.9891420357281356,0.010857964271864348,379.80481366152816
10.0,0.5,0.9782856474248264,0.021714352575173637,383.06896865555683
10.0,0.75,0.967432421320035,0.03256757867996489,386.3732930032833
10.0,1.0,0.9565840018778984,0.043415998122101604,389.7172333625635
10.0,1.25,0.9457420780134993,0.05425792198650063,393.1001314971841
10.0,1.5,0.9349084075842827,0.06509159241571724,396.52121002507977
10.0,1.75,0.9240848298449097,0.07591517015509024,399.9795614528188
10.0,2.0,0.9132732360173782,0.08672676398262177,403.4741505890849
10.0,2.25,0.902475569174076,0.09752443082592388,407.00380809239783
10.0,2.5,0.8916938242377814,0.10830617576221849,410.5672241793737
10.0,2.75,0.8809300479816624,0.11906995201833753,414.1629426267743
10.0,3.0,0.8701863390292772,0.12981366097072272,417.789355175917
10.0,3.25,0.8594648478545741,0.14053515214542586,421.444696459706
10.0,3.5,0.8487677767818914,0.15123222321810847,425.12703958363915
10.0,3.75,0.8380973799859578,0.16190262001404215,428.83429250233144
10.0,4.0,0.8274559634918917,0.1725440365081083,432.5641953417365
10.0,4.25,0.8168458851752016,0.18315411482479832,436.31431882379474
10.0,4.5,0.8062695547617865,0.19373044523821342,440.0820639539336
10.0,4.75,0.7957294312658955,0.20427056873410446,443.86466405470503
10.0,5.0,0.7852278696894279,0.21477213031057202,447.65924305891053
10.0,5.25,0.7747673805423676,0.22523261945763234,451.4627269742032
10.0,5.5,0.7643505804728681,0.23564941952713192,455.27186691304087
10.0,5.75,0.7539800674394431,0.24601993256055688,459.08329270922553
10.0,6.0,0.743658420710967,0.256341579289033,462.8935237229655
10.0,6.25,0.7333882008666743,0.26661179913332556,466.6989814900234
10.0,6.5,0.7231719497961602,0.2768280502038397,470.4960041961524
10.0,6.75,0.7130121906993799,0.28698780930061996,474.28086291611504
10.0,7.0,0.7029114280866493,0.29708857191335064,478.04977951118366
10.0,7.25,0.6928721477786444,0.3071278522213556,481.79894603147034
10.0,7.5,0.6828968169064017,0.31710318309359825,485.52454542121876
10.0,7.75,0.6729878839113181,0.3270121160886818,489.22277327845853
10.0,8.0,0.663147778545151,0.33685222145484894,492.8898603770151
10.0,8.25,0.6533789118700178,0.3466210881299821,496.5220956211146
10.0,8.5,0.6436836762583967,0.3563163237416032,500.11584907279166
10.0,8.75,0.6340644420806072,0.3659355579193928,503.66759589228815
10.0,9.0,0.624523330873871,0.375476669126129,507.1740214746312
10.0,9.25,0.6150624183829111,0.38493758161708885,510.63196592108676
10.0,9.5,0.6056837892563393,0.3943162107436607,514.0384227704999
10.0,9.75,0.5963894227691459,0.40361057723085414,517.3905974721355
10.0,10.0,0.5871811928226996,0.41281880717730035,520.6859212030103
10.0,10.25,0.5780608679447479,0.421939132055252,523.9220621089954
10.0,10.5,0.5690301112894165,0.4309698887105834,527.0969338304732
10.0,10.75,0.5600904806372099,0.43990951936279005,530.2087012408285
10.0,11.0,0.5512434283950108,0.4487565716049891,533.2557833938905
10.0,11.25,0.5424903015960807,0.45750969840391925,536.2368537418122
10.0,11.5,0.5338323419000593,0.4661676580999406,539.1508377451977
10.0,11.75,0.5252706855929652,0.47472931440703475,541.9969080504089
10.0,12.0,0.5168063635871951,0.4831936364128048,544.7744774532518
10.0,12.25,0.5084403014215246,0.49155969857847537,547.4831899025863
10.0,12.5,0.5001733192611074,0.4998266807388925,550.1229098213156
10.0,12.75,0.49200613209040384,0.5079938679095961,552.6937099755004
10.0,13.0,0.4839393480748265,0.5160606519251735,555.19585881581
10.0,13.25,0.47597343651632346,0.5240265634836765,557.6298161859287
10.0,13.5,0.46810876733351214,0.5318912326664877,559.9962062497794
10.0,13.75,0.4603456253638044,0.5396543746361956,562.2957986506132
10.0,14.0,0.4526842103634065,0.5473157896365934,564.5294941775368
10.0,14.25,0.44512463700731925,0.5548753629926807,566.6983106032008
10.0,14.5,0.43766693488933783,0.5623330651106621,568.8033688636061
10.0,14.75,0.43031104852205193,0.569688951477948,570.8458797232619
10.0,15.0,0.4230568373368456,0.5769431626631543,572.8271310415862
10.0,15.25,0.41590407568389753,0.5840959243161025,574.7484757303746
10.0,15.5,0.40885245283218064,0.5911475471678194,576.6113204678571
10.0,15.75,0.40190157822381195,0.598098421776188,578.4171138592122
10.0,16.0,0.395051049979422,0.6049489500205779,580.1673195312059
10.0,16.25,0.38830036908302556,0.6116996309169744,581.8634302260651
10.0,16.5,0.381648973308517,0.618351026691483,583.5069511699018
10.0,16.75,0.3750962593421925,0.6249037406578074,585.0993879223223
10.0,17.0,0.36864158278275033,0.6313584172172496,586.6422407407073
10.0,17.25,0.36228425814129056,0.6377157418587094,588.1369996263377
10.0,17.5,0.3560235588413152,0.6439764411586848,589.5851400110361
10.0,17.75,0.3498587172187282,0.6501412827812718,590.9881190405537
10.0,18.0,0.34378892452183535,0.6562110754781646,592.3473724097173
10.0,18.25,0.3378133309113446,0.6621866690886553,593.664311704123
10.0,18.5,0.33193104546036556,0.6680689545396343,594.9403222037855
10.0,18.75,0.3261411449452616,0.6738588550547383,596.176759242687
10.0,19.0,0.3204427226939324,0.6795572773060674,597.3749367584417
10.0,19.25,0.314834824893722,0.6851651751062778,598.5361402189615
10.0,19.5,0.3093164781023493,0.6906835218976506,599.6616201411515
10.0,19.75,0.30388669682623326,0.6961133031737666,600.7525903527974
10.0,20.0,0.29854448352049234,0.7014555164795075,601.8102280846567
10.0,20.25,0.29328882858894506,0.7067111714110548,602.8356742339281
10.0,20.5,0.28811871038410947,0.7118812896158904,603.830033773892
10.0,20.75,0.28303309520720354,0.7169669047927963,604.7943762870299
10.0,21.0,0.27803093730814493,0.721969062691855,605.7297366012998
10.0,21.25,0.2731111788855511,0.7268888211144487,606.637115511432
10.0,21.5,0.26827275254353644,0.7317272474564634,607.517480125142
10.0,21.75,0.26351460672448784,0.7364853932755121,608.3717602012389
10.0,22.0,0.2588356805477218,0.7411643194522781,609.2008537866743
10.0,22.25,0.254234910345088,0.7457650896549118,610.0056270096578
10.0,22.5,0.24971123450185628,0.7502887654981436,610.7869142693035
10.0,22.75,0.24526359345671694,0.7547364065432829,611.5455193133325
10.0,23.0,0.24089092970178058,0.7591090702982193,612.282216310841
10.0,23.25,0.23659218778257818,0.7634078122174217,612.9977509148781
10.0,23.5,0.23236631429806098,0.7676336857019389,613.69284131046
10.0,23.75,0.2282122579006007,0.7717877420993992,614.3681792444065
10.0,24.0,0.2241289692959893,0.7758710307040106,615.0244310340627
10.0,24.25,0.22011540620736947,0.7798845937926304,615.6622377681263
10.0,24.5,0.21617054101304614,0.7838294589869537,616.2822151156793
10.0,24.75,0.21229334877073583,0.787706651229264,616.8849562144251
10.0,25.0,0.20848281246371206,0.7915171875362877,617.471031770432
10.0,25.25,0.2047379232109785,0.7952620767890213,618.0409909418962
10.0,25.5,0.20105768026726895,0.7989423197327309,618.5953622240958
10.0,25.75,0.19744109102304722,0.8025589089769526,619.1346543020557
10.0,26.0,0.19388717100450728,0.8061128289954925,619.6593568711949
10.0,26.25,0.1903949438735732,0.8096050561264266,620.1699414263933
10.0,26.5,0.18696344142789906,0.8130365585721008,620.666862020033
10.0,26.75,0.1835917043017636,0.8164082956982361,621.150555889589
10.0,27.0,0.18027878799520827,0.8197212120047915,621.6214433071681
10.0,27.25,0.1770237584570099,0.8229762415429899,622.0799289103746
10.0,27.5,0.1738256914792132,0.8261743085207865,622.5264024393238
10.0,27.75,0.17068367315063004,0.8293163268493697,622.9612392952582
10.0,28.0,0.1675967998568395,0.8324032001431603,623.3848011374355
10.0,28.25,0.16456417828018768,0.8354358217198121,623.7974364538993
10.0,28.5,0.16158492539978792,0.8384150746002118,624.1994811070997
10.0,28.75,0.15865816849152073,0.8413418315084791,624.5912588553423
10.0,29.0,0.15578304512803368,0.8442169548719661,624.9730818510071
10.0,29.25,0.1529587032779897,0.8470412967220101,625.3452511034595
10.0,29.5,0.1501843040596182,0.8498156959403816,625.7080565753912
10.0,29.75,0.1474590216151318,0.8525409783848681,626.0617776468822
10.0,30.0,0.14478204065688005,0.8552179593431197,626.4066838569629
10.0,30.25,0.14215255646936095,0.8578474435306389,626.7430352989982
10.0,30.5,0.13956977490922115,0.8604302250907787,627.0710829983927
10.0,30.75,0.13703291240525575,0.862967087594744,627.3910692731431
10.0,31.0,0.13454119595840852,0.8654588040415913,627.7032280780084
10.0,31.25,0.13209386314177177,0.867906136858228,628.0077853330332
10.0,31.5,0.12969016210058631,0.8703098378994135,628.3049592371285
10.0,31.75,0.1273293515538426,0.8726706484461572,628.5949605672043
10.0,32.0,0.12501070193332942,0.8749892980666704,628.8779928252865
10.0,32.25,0.12273349658101365,0.8772665034189862,629.1542523706811
10.0,32.5,0.12049702918231582,0.8795029708176839,629.4239289971597
10.0,32.75,0.11830060339773886,0.8816993966022609,629.6872062241102
10.0,33.0,0.11614353286286817,0.8838564671371316,629.9442615312256
10.0,33.25,0.11402514118837158,0.8859748588116282,630.1952665826481
10.0,33.5,0.11194476195999936,0.8880552380400004,630.44038744104
10.0,33.75,0.10990173873858425,0.8900982612614156,630.6797847720661
10.0,34.0,0.1078954250600414,0.8921045749399583,630.913614039714
10.0,34.25,0.10592518440338923,0.8940748155966106,631.1420256965868
10.0,34.5,0.10399039064538385,0.8960096093546159,631.3651653097784
10.0,34.75,0.1020904295116715,0.8979095704883283,631.5831735663403
10.0,35.0,0.1002246961979167,0.899775303802083,631.796186712208
10.0,35.25,0.09839259491405968,0.9016074050859402,632.00433675769
10.0,35.5,0.09659353888431631,0.9034064611156835,632.207751623305
10.0,35.75,0.09482695034717821,0.9051730496528215,632.4065552792495
10.0,36.0,0.09309226055541271,0.9069077394445871,632.600867878779
10.0,36.25,0.09138890977606279,0.908611090223937,632.7908058857862
10.0,36.5,0.08971634729044715,0.9102836527095526,632.9764821968365
10.0,36.75,0.08807403132544504,0.9119259686745548,633.1580062654928
10.0,37.0,0.08646142927539155,0.9135385707246082,633.3354841894802
10.0,37.25,0.08487801902486634,0.9151219809751334,633.509018673246
10.0,37.5,0.08332328676245432,0.9166767132375455,633.678709371635
10.0,37.75,0.08179672662221671,0.9182032733777831,633.8446530249529
10.0,38.0,0.08029784068369115,0.9197021593163086,634.0069435502817
10.0,38.25,0.07882613897189164,0.9211738610281082,634.1656721289497
10.0,38.5,0.07738113945730854,0.9226188605426913,634.3209272903142
10.0,38.75,0.0759623680559086,0.9240376319440912,634.4727949920328
10.0,39.0,0.07456935862913494,0.9254306413708648,634.6213586969602
10.0,39.25,0.07320165286385823,0.9267983471361416,634.7666994595678
10.0,39.5,0.07185880051253125,0.9281411994874685,634.9088959709409
10.0,39.75,0.07054036037444837,0.9294596396255514,635.0480245232977
10.0,40.0,0.06924589835157516,0.9307541016484246,635.1841592809038
10.0,40.25,0.06797498724089654,0.9320250127591033,635.3173723624056
10.0,40.5,0.06672720673441677,0.9332727932655831,635.4477338986128
10.0,40.75,0.06550214341915948,0.9344978565808404,635.5753120879272
10.0,41.0,0.06429939077716763,0.9357006092228322,635.7001732495254
10.0,41.25,0.06311854918550353,0.9368814508144963,635.8223818743913
10.0,41.5,0.061959225916248806,0.938040774083751,635.942000674278
10.0,41.75,0.06082103495299941,0.9391789650470004,636.0590906475502
10.0,42.0,0.05970359739672398,0.9402964026032758,636.1737110824338
10.0,42.25,0.058606541955833806,0.941393458044166,636.2859195505758
10.0,42.5,0.05752950334435859,0.9424704966556412,636.3957721127401
10.0,42.75,0.0564721221982368,0.943527877801763,636.5033233659027
10.0,43.0,0.05543404507531566,0.9445659549246841,636.608626480212
10.0,43.25,0.05441492445535116,0.9455850755446487,636.7117332345028
10.0,43.5,0.05341441874000809,0.9465855812599917,636.8126940504181
10.0,43.75,0.05243219225285998,0.9475678077471398,636.9115580251996
10.0,44.0,0.05146791523938913,0.9485320847606107,637.0083729631937
10.0,44.25,0.05052126361590571,0.9494787363840941,637.1031854312496
10.0,44.5,0.04959191961212837,0.9504080803878714,637.1960407233904
10.0,44.75,0.04867957169191515,0.9513204283080846,637.2869828971393
10.0,45.0,0.04778391338459441,0.9522160866154054,637.3760549168338
10.0,45.25,0.04690464326932726,0.9530953567306726,637.4632986800297
10.0,45.5,0.046041464975107506,0.9539585350248923,637.5487550413931
10.0,45.75,0.04519408718076172,0.9548059128192381,637.6324638356892
10.0,46.0,0.04436222361494919,0.9556377763850507,637.7144638998994
10.0,46.25,0.04354559305616193,0.9564544069438379,637.7947930945029
10.0,46.5,0.04274391933288617,0.9572560806671137,637.8734883239359
10.0,46.75,0.04195693153876988,0.9580430684612299,637.9505855352355
10.0,47.0,0.04118436382619869,0.9588156361738011,638.0261197573664
10.0,47.25,0.04042595479296229,0.9595740452070375,638.1001251792518
10.0,47.5,0.039681447523829606,0.9603185524761702,638.1726351627123
10.0,47.75,0.03895058959054873,0.961049410409451,638.2436822588596
10.0,48.0,0.03823313305184699,0.9617668669481528,638.3132982238845
1000.0,0.0,1.0,0.0,75.35031387949819
1000.0,0.25,0.9993340311161487,0.000665968883851288,75.35031473934774
1000.0,0.5,0.9986685057320097,0.0013314942679902796,75.35031559860538
1000.0,0.75,0.9980034235522562,0.0019965764477437252,75.35031645727157
1000.0,1.0,0.9973387842817582,0.0026612157182418833,75.35031731534671
1000.0,1.25,0.9966745876255813,0.0033254123744187215,75.35031817283125
1000.0,1.5,0.9960108332889881,0.00398916671101192,75.35031902972561
1000.0,1.75,0.9953475209774371,0.004652479022562869,75.35031988603025
1000.0,2.0,0.9946846503963542,0.005315349603645711,75.35032074174543
1000.0,2.25,0.994022221251278,0.005977778748721875,75.35032159687177
1000.0,2.5,0.9933602332483281,0.006639766751671809,75.35032245140948
1000.0,2.75,0.9926986860938194,0.007301313906180555,75.35032330535921
1000.0,3.0,0.9920375794942576,0.007962420505742314,75.3503241587212
1000.0,3.25,0.9913769131563395,0.008623086843660446,75.35032501149591
1000.0,3.5,0.9907166867869525,0.00928331321304747,75.35032586368379
1000.0,3.75,0.9900569000931749,0.009943099906825063,75.35032671528522
1000.0,4.0,0.9893975527822759,0.010602447217724065,75.35032756630063
1000.0,4.25,0.9887386445617155,0.011261355438284468,75.35032841673048
1000.0,4.5,0.9880801751391445,0.011919824860855438,75.35032926657516
1000.0,4.75,0.9874221442224047,0.012577855777595282,75.35033011583498
1000.0,5.0,0.9867645515195285,0.013235448480471479,75.35033096451055
1000.0,5.25,0.9861073967387393,0.013892603261260659,75.35033181260211
1000.0,5.5,0.9854506795884513,0.014549320411548623,75.35033266011021
1000.0,5.75,0.9847943997772697,0.015205600222730313,75.3503335070351
1000.0,6.0,0.9841385570139901,0.01586144298600985,75.35033435337736
1000.0,6.25,0.9834831510075994,0.016516848992400503,75.35033519913733
1000.0,6.5,0.9828281814672752,0.017171818532724703,75.35033604431544
1000.0,6.75,0.9821736481023859,0.01782635189761404,75.35033688891208
1000.0,7.0,0.9815195506224907,0.018480449377509263,75.3503377329277
1000.0,7.25,0.9808658887373397,0.019134111262660278,75.35033857636265
1000.0,7.5,0.9802126621568739,0.019787337843126154,75.35033941921739
1000.0,7.75,0.9795598705912248,0.020440129408775123,75.3503402614923
1000.0,8.0,0.9789075137507154,0.021092486249284562,75.35034110318789
1000.0,8.25,0.9782555913458589,0.021744408654141026,75.35034194430442
1000.0,8.5,0.9776041030873598,0.022395896912640215,75.3503427848424
1000.0,8.75,0.976953048686113,0.023046951313886992,75.3503436248022
1000.0,9.0,0.9763024278532045,0.02369757214679539,75.35034446418427
1000.0,9.25,0.9756522402999114,0.024347759700088577,75.35034530298897
1000.0,9.5,0.9750024857377011,0.024997514262298907,75.35034614121679
1000.0,9.75,0.9743531638782321,0.025646836121767876,75.35034697886799
1000.0,10.0,0.9737042744333538,0.026295725566646142,75.35034781594312
1000.0,10.25,0.9730558171151065,0.026944182884893537,75.35034865244255
1000.0,10.5,0.9724077916357209,0.027592208364279027,75.35034948836673
1000.0,10.75,0.9717601977076192,0.02823980229238076,75.35035032371592
1000.0,11.0,0.971113035043414,0.028886964956586034,75.35035115849065
1000.0,11.25,0.9704663033559087,0.029533696644091296,75.35035199269133
1000.0,11.5,0.9698200023580978,0.030179997641902174,75.35035282631833
1000.0,11.75,0.9691741317631666,0.03082586823683343,75.35035365937208
1000.0,12.0,0.9685286912844909,0.03147130871550902,75.35035449185291
1000.0,12.25,0.9678836806356379,0.03211631936436201,75.35035532376136
1000.0,12.5,0.9672390995303652,0.03276090046963469,75.35035615509777
1000.0,12.75,0.9665949476826216,0.033405052317378434,75.35035698586249
1000.0,13.0,0.9659512248065462,0.03404877519345384,75.35035781605599
1000.0,13.25,0.9653079306164694,0.03469206938353064,75.35035864567864
1000.0,13.5,0.9646650648269123,0.03533493517308771,75.35035947473094
1000.0,13.75,0.9640226271525869,0.035977372847413105,75.35036030321318
1000.0,14.0,0.963380617308396,0.036619382691604044,75.35036113112578
1000.0,14.25,0.9627390350094331,0.03726096499056688,75.35036195846918
1000.0,14.5,0.9620978799709828,0.03790212002901717,75.35036278524379
1000.0,14.75,0.9614571519085204,0.03854284809147956,75.35036361144999
1000.0,15.0,0.960816850537712,0.039183149462287924,75.35036443708813
1000.0,15.25,0.9601769755744147,0.03982302442558525,75.35036526215875
1000.0,15.5,0.9595375267346762,0.04046247326532374,75.3503660866621
1000.0,15.75,0.9588985037347353,0.04110149626526468,75.3503669105987
1000.0,16.0,0.9582599062910214,0.041740093708978555,75.35036773396891
1000.0,16.25,0.9576217341201549,0.042378265879845035,75.3503685567731
1000.0,16.5,0.956983986938947,0.043016013061052905,75.35036937901171
1000.0,16.75,0.9563466644643999,0.04365333553560013,75.3503702006851
1000.0,17.0,0.9557097664137062,0.04429023358629382,75.35037102179375
1000.0,17.25,0.9550732925042497,0.04492670749575027,75.35037184233799
1000.0,17.5,0.9544372424536051,0.04556275754639492,75.3503726623182
1000.0,17.75,0.9538016159795376,0.04619838402046236,75.35037348173488
1000.0,18.0,0.9531664127989795,0.04683358720102049,75.35037430058833
1000.0,18.25,0.9525316326274609,0.047468367372539046,75.35037511887897
1000.0,18.5,0.9518972751834208,0.04810272481657915,75.35037593660725
1000.0,18.75,0.9512633401856307,0.04873665981436918,75.35037675377352
1000.0,19.0,0.9506298273530409,0.04937017264695901,75.3503775703782
1000.0,19.25,0.9499967364047799,0.05000326359522005,75.3503783864217
1000.0,19.5,0.9493640670601547,0.050635932939845196,75.35037920190439
1000.0,19.75,0.9487318190386511,0.051268180961348865,75.35038001682665
1000.0,20.0,0.948099992059933,0.05190000794006698,75.35038083118894
1000.0,20.25,0.947468585843843,0.05253141415615698,75.3503816449916
1000.0,20.5,0.9468376001104022,0.0531623998895978,75.35038245823505
1000.0,20.75,0.94620703457981,0.053792965420189895,75.35038327091966
1000.0,21.0,0.9455768889724447,0.054423111027555225,75.35038408304588
1000.0,21.25,0.9449471630088627,0.05505283699113728,75.35038489461407
1000.0,21.5,0.9443178564097989,0.05568214359020101,75.35038570562456
1000.0,21.75,0.943688968896167,0.056311031103832926,75.35038651607786
1000.0,22.0,0.943060500189059,0.05693949981094103,75.35038732597432
1000.0,22.25,0.9424324500097452,0.05756754999025481,75.3503881353143
1000.0,22.5,0.9418048180796746,0.058195181920325315,75.35038894409824
1000.0,22.75,0.9411776041204749,0.058822395879525056,75.35038975232656
1000.0,23.0,0.9405508078539518,0.05944919214604808,75.35039055999954
1000.0,23.25,0.9399244290020901,0.06007557099790993,75.35039136711765
1000.0,23.5,0.9392984672870524,0.06070153271294766,75.35039217368127
1000.0,23.75,0.9386729224311802,0.06132707756881983,75.35039297969082
1000.0,24.0,0.9380477941569935,0.06195220584300655,75.35039378514672
1000.0,24.25,0.9374230821871906,0.06257691781280937,75.3503945900492
1000.0,24.5,0.9367987862446485,0.0632012137553514,75.35039539439883
1000.0,24.75,0.9361749060524227,0.06382509394757724,75.35039619819591
1000.0,25.0,0.9355514413337469,0.06444855866625301,75.35039700144084
1000.0,25.25,0.9349283918120336,0.06507160818796634,75.35039780413405
1000.0,25.5,0.9343057572108736,0.06569424278912635,75.35039860627589
1000.0,25.75,0.9336835372540363,0.06631646274596369,75.35039940786676
1000.0,26.0,0.9330617316654695,0.06693826833453051,75.35040020890706
1000.0,26.25,0.9324403401692994,0.06755965983070047,75.35040100939717
1000.0,26.5,0.9318193624898312,0.06818063751016876,75.35040180933751
1000.0,26.75,0.931198798351548,0.06880120164845203,75.35040260872839
1000.0,27.0,0.9305786474791115,0.06942135252088849,75.35040340757028
1000.0,27.25,0.9299589095973622,0.07004109040263785,75.35040420586353
1000.0,27.5,0.9293395844313187,0.0706604155686813,75.35040500360851
1000.0,27.75,0.9287206717061783,0.07127932829382158,75.35040580080567
1000.0,28.0,0.9281021711473171,0.0718978288526829,75.35040659745535
1000.0,28.25,0.927484082480289,0.07251591751971098,75.35040739355792
1000.0,28.5,0.9268664054308269,0.07313359456917312,75.35040818911384
1000.0,28.75,0.9262491397248419,0.07375086027515804,75.35040898412342
1000.0,29.0,0.925632285088424,0.07436771491157601,75.3504097785871
1000.0,29.25,0.9250158412478411,0.07498415875215882,75.35041057250523
1000.0,29.5,0.9243998079295402,0.07560019207045976,75.35041136587822
1000.0,29.75,0.9237841848601464,0.0762158151398536,75.35041215870639
1000.0,30.0,0.9231689717664633,0.07683102823353666,75.35041295099023
1000.0,30.25,0.9225541683754732,0.07744583162452676,75.35041374273008
1000.0,30.5,0.9219397744143367,0.07806022558566322,75.35041453392633
1000.0,30.75,0.9213257896103931,0.07867421038960687,75.3504153245793
1000.0,31.0,0.9207122136911599,0.07928778630884006,75.35041611468947
1000.0,31.25,0.9200990463843334,0.07990095361566663,75.35041690425714
1000.0,31.5,0.919486287417788,0.08051371258221196,75.35041769328281
1000.0,31.75,0.918873936519577,0.08112606348042291,75.3504184817667
1000.0,32.0,0.9182619934179321,0.08173800658206787,75.35041926970935
1000.0,32.25,0.9176504578412632,0.08234954215873672,75.35042005711102
1000.0,32.5,0.9170393295181591,0.08296067048184083,75.35042084397216
1000.0,32.75,0.9164286081773868,0.0835713918226132,75.35042163029313
1000.0,33.0,0.9158182935478918,0.08418170645210815,75.35042241607437
1000.0,33.25,0.9152083853587982,0.08479161464120169,75.35042320131616
1000.0,33.5,0.9145988833394088,0.08540111666059119,75.35042398601891
1000.0,33.75,0.9139897872192043,0.08601021278079565,75.35042477018307
1000.0,34.0,0.9133810967278445,0.08661890327215549,75.35042555380898
1000.0,34.25,0.9127728115951672,0.08722718840483272,75.35042633689694
1000.0,34.5,0.9121649315511892,0.08783506844881075,75.3504271194475
1000.0,34.75,0.9115574563261053,0.08844254367389465,75.35042790146092
1000.0,35.0,0.9109503856502891,0.08904961434971084,75.35042868293758
1000.0,35.25,0.9103437192542926,0.08965628074570738,75.35042946387784
1000.0,35.5,0.9097374568688462,0.09026254313115376,75.35043024428218
1000.0,35.75,0.909131598224859,0.09086840177514098,75.35043102415094
1000.0,36.0,0.9085261430534184,0.09147385694658161,75.35043180348443
1000.0,36.25,0.9079210910857902,0.09207890891420971,75.35043258228308
1000.0,36.5,0.9073164420534192,0.09268355794658079,75.35043336054731
1000.0,36.75,0.906712195687928,0.09328780431207191,75.3504341382774
1000.0,37.0,0.9061083517211183,0.09389164827888169,75.35043491547377
1000.0,37.25,0.9055049098849698,0.09449509011503016,75.35043569213687
1000.0,37.5,0.904901869911641,0.09509813008835892,75.35043646826695
1000.0,37.75,0.9042992315334688,0.09570076846653111,75.35043724386448
1000.0,38.0,0.9036969944829687,0.0963030055170313,75.35043801892976
1000.0,38.25,0.9030951584928343,0.09690484150716563,75.35043879346331
1000.0,38.5,0.9024937232959382,0.09750627670406171,75.35043956746533
1000.0,38.75,0.9018926886253312,0.09810731137466869,75.35044034093629
1000.0,39.0,0.9012920542142427,0.09870794578575723,75.35044111387651
1000.0,39.25,0.9006918197960805,0.09930818020391946,75.35044188628645
1000.0,39.5,0.9000919851044309,0.09990801489556905,75.35044265816641
1000.0,39.75,0.8994925498730587,0.10050745012694123,75.35044342951677
1000.0,40.0,0.8988935138359073,0.10110648616409261,75.35044420033798
1000.0,40.25,0.8982948767270985,0.10170512327290143,75.35044497063033
1000.0,40.5,0.8976966382809326,0.1023033617190674,75.35044574039422
1000.0,40.75,0.8970987982318883,0.10290120176811168,75.35044650963003
1000.0,41.0,0.8965013563146229,0.10349864368537709,75.35044727833812
1000.0,41.25,0.8959043122639722,0.10409568773602777,75.35044804651885
1000.0,41.5,0.8953076658149505,0.10469233418504952,75.35044881417267
1000.0,41.75,0.8947114167027505,0.10528858329724955,75.35044958129987
1000.0,42.0,0.8941155646627433,0.10588443533725667,75.35045034790083
1000.0,42.25,0.8935201094304789,0.10647989056952112,75.35045111397591
1000.0,42.5,0.8929250507416853,0.10707494925831469,75.35045187952554
1000.0,42.75,0.8923303883322693,0.10766961166773066,75.35045264455005
1000.0,43.0,0.8917361219383161,0.10826387806168386,75.35045340904983
1000.0,43.25,0.8911422512960894,0.10885774870391057,75.35045417302526
1000.0,43.5,0.8905487761420313,0.1094512238579686,75.35045493647662
1000.0,43.75,0.8899556962127626,0.11004430378723734,75.35045569940439
1000.0,44.0,0.8893630112450824,0.11063698875491756,75.3504564618089
1000.0,44.25,0.8887707209759683,0.11122927902403164,75.35045722369053
1000.0,44.5,0.8881788251425765,0.11182117485742346,75.35045798504963
1000.0,44.75,0.8875873234822416,0.11241267651775834,75.35045874588654
1000.0,45.0,0.8869962157324768,0.11300378426752317,75.35045950620169
1000.0,45.25,0.8864055016309736,0.11359449836902635,75.35046026599538
1000.0,45.5,0.8858151809156022,0.11418481908439777,75.3504610252681
1000.0,45.75,0.8852252533244112,0.11477474667558885,75.35046178402011
1000.0,46.0,0.8846357185956275,0.11536428140437247,75.35046254225178
1000.0,46.25,0.8840465764676568,0.11595342353234307,75.35046329996348
1000.0,46.5,0.8834578266790833,0.11654217332091658,75.35046405715563
1000.0,46.75,0.8828694689686695,0.11713053103133049,75.35046481382857
1000.0,47.0,0.8822815030753562,0.11771849692464369,75.35046556998263
1000.0,47.25,0.8816939287382632,0.11830607126173666,75.35046632561826
1000.0,47.5,0.8811067456966886,0.11889325430331138,75.35046708073574
1000.0,47.75,0.8805199536901086,0.11948004630989133,75.35046783533545
1000.0,48.0,0.8799335524581785,0.1200664475418215,75.35046858941779
10000.0,0.0,1.0,0.0,8.219600143165488
10000.0,0.25,0.9999918948040819,8.105195918117354e-06,8.219600143176581
10000.0,0.5,0.9999837896738579,1.6210326142055707e-05,8.21960014318768
10000.0,0.75,0.9999756846093276,2.4315390672347544e-05,8.219600143198784
10000.0,1.0,0.9999675796104904,3.2420389509525306e-05,8.219600143209878
10000.0,1.25,0.9999594746773459,4.052532265412146e-05,8.219600143220974
10000.0,1.5,0.9999513698098933,4.863019010666845e-05,8.219600143232071
10000.0,1.75,0.9999432650081324,5.673499186769873e-05,8.21960014324317
10000.0,2.0,0.9999351602720623,6.483972793774474e-05,8.21960014325426
10000.0,2.25,0.9999270556016827,7.294439831733888e-05,8.219600143265362
10000.0,2.5,0.999918950996993,8.104900300701368e-05,8.21960014327646
10000.0,2.75,0.9999108464579927,8.915354200730145e-05,8.219600143287554
10000.0,3.0,0.9999027419846813,9.72580153187347e-05,8.21960014329865
10000.0,3.25,0.9998946375770582,0.00010536242294184582,8.219600143309748
10000.0,3.5,0.9998865332351229,0.00011346676487716723,8.219600143320847
10000.0,3.75,0.9998784289588748,0.00012157104112523133,8.21960014333194
10000.0,4.0,0.9998703247483134,0.00012967525168657056,8.21960014334304
10000.0,4.25,0.9998622206034383,0.00013777939656171726,8.219600143354127
10000.0,4.5,0.9998541165242488,0.0001458834757512038,8.21960014336523
10000.0,4.75,0.9998460125107445,0.00015398748925556275,8.219600143376324
10000.0,5.0,0.9998379085629246,0.00016209143707532635,8.21960014338742
10000.0,5.25,0.999829804680789,0.00017019531921102707,8.219600143398512
10000.0,5.5,0.9998217008643369,0.00017829913566319724,8.21960014340961
10000.0,5.75,0.9998135971135677,0.00018640288643236925,8.219600143420706
10000.0,6.0,0.9998054934284809,0.00019450657151907547,8.219600143431801
10000.0,6.25,0.9997973898090762,0.00020261019092384828,8.219600143442898
10000.0,6.5,0.9997892862553528,0.00021071374464722004,8.219600143453992
10000.0,6.75,0.9997811827673103,0.0002188172326897231,8.219600143465085
10000.0,7.0,0.9997730793449482,0.00022692065505188982,8.219600143476182
10000.0,7.25,0.9997649759882657,0.00023502401173425253,8.219600143487275
10000.0,7.5,0.9997568726972627,0.00024312730273734362,8.219600143498367
10000.0,7.75,0.9997487694719384,0.00025123052806169546,8.219600143509467
10000.0,8.0,0.9997406663122922,0.00025933368770784026,8.219600143520557
10000.0,8.25,0.9997325632183237,0.0002674367816763105,8.219600143531656
10000.0,8.5,0.9997244601900324,0.0002755398099676384,8.219600143542753
10000.0,8.75,0.9997163572274177,0.00028364277258235635,8.21960014355384
10000.0,9.0,0.999708254330479,0.0002917456695209967,8.219600143564938
10000.0,9.25,0.999700151499216,0.0002998485007840916,8.219600143576027
10000.0,9.5,0.9996920487336278,0.00030795126637217366,8.219600143587122
10000.0,9.75,0.9996839460337142,0.00031605396628577487,8.219600143598218
10000.0,10.0,0.9996758433994746,0.0003241566005254277,8.219600143609313
10000.0,10.25,0.9996677408309084,0.0003322591690916645,8.219600143620408
10000.0,10.5,0.999659638328015,0.0003403616719850174,8.219600143631505
10000.0,10.75,0.999651535890794,0.0003484641092060188,8.219600143642593
10000.0,11.0,0.9996434335192448,0.00035656648075520095,8.219600143653684
10000.0,11.25,0.9996353312133669,0.0003646687866330962,8.21960014366478
10000.0,11.5,0.9996272289731598,0.00037277102684023667,8.219600143675878
10000.0,11.75,0.9996191267986229,0.00038087320137715486,8.219600143686966
10000.0,12.0,0.9996110246897556,0.0003889753102443829,8.21960014369806
10000.0,12.25,0.9996029226465576,0.00039707735344245306,8.219600143709155
10000.0,12.5,0.9995948206690282,0.0004051793309718976,8.219600143720244
10000.0,12.75,0.9995867187571668,0.0004132812428332488,8.219600143731336
10000.0,13.0,0.9995786169109729,0.0004213830890270389,8.21960014374243
10000.0,13.25,0.9995705151304463,0.00042948486955380016,8.219600143753524
10000.0,13.5,0.9995624134155859,0.00043758658441406484,8.219600143764616
10000.0,13.75,0.9995543117663916,0.0004456882336083651,8.219600143775708
10000.0,14.0,0.9995462101828628,0.0004537898171372333,8.219600143786803
10000.0,14.25,0.9995381086649988,0.0004618913350012015,8.219600143797896
10000.0,14.5,0.9995300072127993,0.0004699927872008021,8.219600143808988
10000.0,14.75,0.9995219058262634,0.0004780941737365673,8.219600143820074
10000.0,15.0,0.999513804505391,0.00048619549460902916,8.219600143831169
10000.0,15.25,0.9995057032501813,0.0004942967498187201,8.219600143842264
10000.0,15.5,0.9994976020606339,0.0005023979393661722,8.219600143853356
10000.0,15.75,0.9994895009367482,0.0005104990632519178,8.219600143864444
10000.0,16.0,0.9994813998785236,0.0005186001214764887,8.219600143875539
10000.0,16.25,0.9994732988859596,0.0005267011140404176,8.21960014388663
10000.0,16.5,0.9994651979590558,0.0005348020409442365,8.219600143897717
10000.0,16.75,0.9994570970978115,0.0005429029021884774,8.219600143908815
10000.0,17.0,0.9994489963022264,0.0005510036977736728,8.219600143919903
10000.0,17.25,0.9994408955722996,0.0005591044277003547,8.219600143930995
10000.0,17.5,0.9994327949080309,0.0005672050919690553,8.219600143942086
10000.0,17.75,0.9994246943094197,0.0005753056905803068,8.219600143953176
10000.0,18.0,0.9994165937764654,0.0005834062235346414,8.21960014396427
10000.0,18.25,0.9994084933091675,0.0005915066908325911,8.21960014397536
10000.0,18.5,0.9994003929075254,0.0005996070924746882,8.219600143986453
10000.0,18.75,0.9993922925715386,0.0006077074284614648,8.219600143997543
10000.0,19.0,0.9993841923012066,0.0006158076987934531,8.219600144008627
10000.0,19.25,0.9993760920965289,0.0006239079034711852,8.219600144019727
10000.0,19.5,0.9993679919575048,0.0006320080424951932,8.219600144030812
10000.0,19.75,0.999359891884134,0.0006401081158660093,8.2196001440419
10000.0,20.0,0.9993517918764159,0.0006482081235841656,8.219600144052992
10000.0,20.25,0.9993436919343498,0.0006563080656501944,8.219600144064081
10000.0,20.5,0.9993355920579354,0.0006644079420646275,8.219600144075176
10000.0,20.75,0.999327492247172,0.0006725077528279972,8.219600144086263
10000.0,21.0,0.9993193925020591,0.0006806074979408355,8.219600144097353
10000.0,21.25,0.9993112928225963,0.0006887071774036749,8.21960014410844
10000.0,21.5,0.999303193208783,0.000696806791217047,8.219600144119532
10000.0,21.75,0.9992950936606185,0.0007049063393814842,8.219600144130622
10000.0,22.0,0.9992869941781025,0.0007130058218975184,8.21960014414171
10000.0,22.25,0.9992788947612343,0.0007211052387656819,8.219600144152801
10000.0,22.5,0.9992707954100135,0.0007292045899865067,8.219600144163891
10000.0,22.75,0.9992626961244395,0.0007373038755605246,8.21960014417498
10000.0,23.0,0.9992545969045118,0.0007454030954882683,8.219600144186067
10000.0,23.25,0.9992464977502298,0.0007535022497702695,8.219600144197155
10000.0,23.5,0.9992383986615929,0.0007616013384070603,8.219600144208249
10000.0,23.75,0.9992302996386009,0.0007697003613991726,8.219600144219331
10000.0,24.0,0.9992222006812529,0.000777799318747139,8.219600144230423
10000.0,24.25,0.9992141017895485,0.0007858982104514908,8.219600144241513
10000.0,24.5,0.9992060029634873,0.0007939970365127607,8.2196001442526
10000.0,24.75,0.9991979042030685,0.0008020957969314803,8.219600144263689
10000.0,25.0,0.9991898055082918,0.0008101944917081817,8.219600144274777
10000.0,25.25,0.9991817068791566,0.0008182931208433973,8.219600144285867
10000.0,25.5,0.9991736083156624,0.0008263916843376589,8.219600144296956
10000.0,25.75,0.9991655098178085,0.0008344901821914987,8.219600144308043
10000.0,26.0,0.9991574113855946,0.0008425886144054482,8.219600144319132
10000.0,26.25,0.99914931301902,0.0008506869809800403,8.219600144330219
10000.0,26.5,0.9991412147180843,0.0008587852819158062,8.219600144341305
10000.0,26.75,0.9991331164827868,0.0008668835172132782,8.219600144352393
10000.0,27.0,0.9991250183131271,0.0008749816868729885,8.219600144363485
10000.0,27.25,0.9991169202091046,0.0008830797908954687,8.219600144374567
10000.0,27.5,0.9991088221707187,0.0008911778292812515,8.219600144385659
10000.0,27.75,0.9991007241979691,0.0008992758020308682,8.219600144396745
10000.0,28.0,0.9990926262908552,0.000907373709144851,8.219600144407833
10000.0,28.25,0.9990845284493763,0.0009154715506237319,8.21960014441892
10000.0,28.5,0.999076430673532,0.000923569326468043,8.219600144430006
10000.0,28.75,0.9990683329633218,0.000931667036678316,8.219600144441095
10000.0,29.0,0.999060235318745,0.0009397646812550833,8.219600144452178
10000.0,29.25,0.9990521377398012,0.0009478622601988766,8.219600144463268
10000.0,29.5,0.9990440402264898,0.000955959773510228,8.219600144474356
10000.0,29.75,0.9990359427788104,0.0009640572211896694,8.21960014448544
10000.0,30.0,0.9990278453967623,0.0009721546032377325,8.219600144496525
10000.0,30.25,0.9990197480803451,0.0009802519196549498,8.219600144507611
10000.0,30.5,0.9990116508295582,0.0009883491704418528,8.2196001445187
10000.0,30.75,0.9990035536444011,0.0009964463555989732,8.219600144529789
10000.0,31.0,0.9989954565248732,0.0010045434751268442,8.219600144540872
10000.0,31.25,0.9989873594709741,0.0010126405290259962,8.219600144551961
10000.0,31.5,0.9989792624827031,0.0010207375172969619,8.219600144563046
10000.0,31.75,0.9989711655600597,0.0010288344399402732,8.21960014457413
10000.0,32.0,0.9989630687030435,0.001036931296956462,8.219600144585213
10000.0,32.25,0.9989549719116539,0.00104502808834606,8.219600144596301
10000.0,32.5,0.9989468751858904,0.0010531248141095995,8.219600144607389
10000.0,32.75,0.9989387785257524,0.0010612214742476123,8.219600144618475
10000.0,33.0,0.9989306819312394,0.0010693180687606297,8.219600144629558
10000.0,33.25,0.9989225854023508,0.0010774145976491845,8.219600144640646
10000.0,33.5,0.9989144889390862,0.0010855110609138082,8.21960014465173
10000.0,33.75,0.998906392541445,0.0010936074585550328,8.219600144662815
10000.0,34.0,0.9988982962094266,0.00110170379057339,8.219600144673903
10000.0,34.25,0.9988901999430306,0.0011098000569694116,8.219600144684987
10000.0,34.5,0.9988821037422564,0.00111789625774363,8.219600144696072
10000.0,34.75,0.9988740076071034,0.0011259923928965765,8.219600144707158
10000.0,35.0,0.9988659115375712,0.0011340884624287833,8.219600144718243
10000.0,35.25,0.9988578155336593,0.001142184466340782,8.219600144729327
10000.0,35.5,0.998849719595367,0.0011502804046331049,8.219600144740411
10000.0,35.75,0.9988416237226937,0.0011583762773062834,8.219600144751496
10000.0,36.0,0.9988335279156392,0.0011664720843608495,8.219600144762577
10000.0,36.25,0.9988254321742027,0.001174567825797335,8.219600144773661
10000.0,36.5,0.9988173364983838,0.0011826635016162729,8.219600144784748
10000.0,36.75,0.9988092408881818,0.0011907591118181932,8.219600144795832
10000.0,37.0,0.9988011453435964,0.0011988546564036281,8.219600144806916
10000.0,37.25,0.9987930498646269,0.0012069501353731103,8.219600144817997
10000.0,37.5,0.9987849544512729,0.0012150455487271714,8.219600144829084
10000.0,37.75,0.9987768591035336,0.0012231408964663427,8.219600144840168
10000.0,38.0,0.9987687638214089,0.0012312361785911568,8.219600144851253
10000.0,38.25,0.9987606686048979,0.0012393313951021448,8.219600144862333
10000.0,38.5,0.9987525734540001,0.0012474265459998385,8.219600144873421
10000.0,38.75,0.9987444783687153,0.0012555216312847704,8.2196001448845
10000.0,39.0,0.9987363833490426,0.0012636166509574715,8.219600144895587
10000.0,39.25,0.9987282883949815,0.0012717116050184746,8.21960014490667
10000.0,39.5,0.9987201935065317,0.0012798064934683101,8.219600144917754
10000.0,39.75,0.9987120986836925,0.0012879013163075111,8.219600144928835
10000.0,40.0,0.9987040039264634,0.0012959960735366089,8.21960014493992
10000.0,40.25,0.9986959092348439,0.001304090765156135,8.219600144951006
10000.0,40.5,0.9986878146088334,0.0013121853911666217,8.219600144962083
10000.0,40.75,0.9986797200484314,0.0013202799515686001,8.21960014497317
10000.0,41.0,0.9986716255536374,0.0013283744463626025,8.219600144984248
10000.0,41.25,0.9986635311244508,0.001336468875549161,8.219600144995333
10000.0,41.5,0.9986554367608712,0.0013445632391288062,8.219600145006416
10000.0,41.75,0.998647342462898,0.0013526575371020709,8.219600145017496
10000.0,42.0,0.9986392482305305,0.0013607517694694867,8.21960014502858
10000.0,42.25,0.9986311540637685,0.0013688459362315845,8.219600145039657
10000.0,42.5,0.9986230599626111,0.0013769400373888968,8.219600145050745
10000.0,42.75,0.9986149659270581,0.0013850340729419561,8.219600145061824
10000.0,43.0,0.9986068719571087,0.001393128042891292,8.219600145072905
10000.0,43.25,0.9985987780527626,0.0014012219472374378,8.21960014508399
10000.0,43.5,0.9985906842140191,0.0014093157859809253,8.219600145095074
10000.0,43.75,0.9985825904408778,0.0014174095591222857,8.219600145106153
10000.0,44.0,0.998574496733338,0.001425503266662051,8.219600145117232
10000.0,44.25,0.9985664030913993,0.0014335969086007527,8.219600145128314
10000.0,44.5,0.9985583095150611,0.0014416904849389226,8.219600145139397
10000.0,44.75,0.9985502160043229,0.0014497839956770925,8.21960014515048
10000.0,45.0,0.9985421225591843,0.0014578774408157938,8.219600145161564
10000.0,45.25,0.9985340291796445,0.0014659708203555587,8.21960014517264
10000.0,45.5,0.9985259358657032,0.0014740641342969182,8.219600145183723
10000.0,45.75,0.9985178426173597,0.0014821573826404046,8.219600145194804
10000.0,46.0,0.9985097494346135,0.0014902505653865492,8.219600145205883
10000.0,46.25,0.9985016563174641,0.001498343682535884,8.21960014521696
10000.0,46.5,0.9984935632659111,0.0015064367340889403,8.219600145228043
10000.0,46.75,0.9984854702799538,0.0015145297200462502,8.219600145239125
10000.0,47.0,0.9984773773595917,0.0015226226404083448,8.219600145250208
10000.0,47.25,0.9984692845048243,0.0015307154951757565,8.219600145261285
10000.0,47.5,0.9984611917156511,0.0015388082843490161,8.21960014527237
10000.0,47.75,0.9984530989920714,0.001546901007928656,8.219600145283453
10000.0,48.0,0.9984450063340848,0.0015549936659152077,8.219600145294532
