polymer,temperature_K,chi,chi_critical,two_phase,binodal_low_w,binodal_high_w,spinodal_low_w,spinodal_high_w,common_tangent_residual
HPMC-AS,273.15,0.5614030850429278,0.6050000000000001,False,,,,,
HPMC-AS,275.025,0.5575756846813044,0.6050000000000001,False,,,,,
HPMC-AS,276.9,0.5538001180190528,0.6050000000000001,False,,,,,
HPMC-AS,278.775,0.550075339178462,0.6050000000000001,False,,,,,
HPMC-AS,280.65,0.5464003302315187,0.6050000000000001,False,,,,,
HPMC-AS,282.525,0.5427741002724563,0.6050000000000001,False,,,,,
HPMC-AS,284.4,0.5391956845269892,0.6050000000000001,False,,,,,
HPMC-AS,286.275,0.5356641434965531,0.6050000000000001,False,,,,,
HPMC-AS,288.15,0.532178562135956,0.6050000000000001,False,,,,,
HPMC-AS,290.025,0.5287380490629281,0.6050000000000001,False,,,,,
HPMC-AS,291.9,0.5253417357981354,0.6050000000000001,False,,,,,
HPMC-AS,293.775,0.5219887760342974,0.6050000000000001,False,,,,,
HPMC-AS,295.65,0.5186783449331159,0.6050000000000001,False,,,,,
HPMC-AS,297.525,0.5154096384487882,0.6050000000000001,False,,,,,
HPMC-AS,299.4,0.5121818726769396,0.6050000000000001,False,,,,,
HPMC-AS,301.275,0.5089942832278672,0.6050000000000001,False,,,,,
HPMC-AS,303.15,0.5058461246230438,0.6050000000000001,False,,,,,
HPMC-AS,305.025,0.5027366697138783,0.6050000000000001,False,,,,,
HPMC-AS,306.9,0.4996652091217847,0.6050000000000001,False,,,,,
HPMC-AS,308.775,0.4966310506986502,0.6050000000000001,False,,,,,
HPMC-AS,310.65,0.49363351900684277,0.6050000000000001,False,,,,,
HPMC-AS,312.525,0.49067195481793685,0.6050000000000001,False,,,,,
HPMC-AS,314.4,0.4877457146293757,0.6050000000000001,False,,,,,
HPMC-AS,316.275,0.4848541701983265,0.6050000000000001,False,,,,,
HPMC-AS,318.15,0.4819967080920186,0.6050000000000001,False,,,,,
HPMC-AS,320.025,0.47917272925388865,0.6050000000000001,False,,,,,
HPMC-AS,321.9,0.47638164858488885,0.6050000000000001,False,,,,,
HPMC-AS,323.775,0.47362289453934286,0.6050000000000001,False,,,,,
HPMC-AS,325.65,0.47089590873476345,0.6050000000000001,False,,,,,
HPMC-AS,327.525,0.46820014557507283,0.6050000000000001,False,,,,,
HPMC-AS,329.4,0.46553507188669013,0.6050000000000001,False,,,,,
HPMC-AS,331.275,0.46290016656697824,0.6050000000000001,False,,,,,
HPMC-AS,333.15,0.4602949202445617,0.6050000000000001,False,,,,,
HPMC-AS,335.025,0.45771883495105053,0.6050000000000001,False,,,,,
HPMC-AS,336.9,0.45517142380372727,0.6050000000000001,False,,,,,
HPMC-AS,338.775,0.45265221069876976,0.6050000000000001,False,,,,,
HPMC-AS,340.65,0.45016073001460655,0.6050000000000001,False,,,,,
HPMC-AS,342.525,0.4476965263250149,0.6050000000000001,False,,,,,
HPMC-AS,344.4,0.44525915412159034,0.6050000000000001,False,,,,,
HPMC-AS,346.275,0.4428481775452335,0.6050000000000001,False,,,,,
HPMC-AS,348.15,0.4404631701263126,0.6050000000000001,False,,,,,
HPMC-AS,350.025,0.43810371453317826,0.6050000000000001,False,,,,,
HPMC-AS,351.9,0.4357694023287176,0.6050000000000001,False,,,,,
HPMC-AS,353.775,0.43345983373464975,0.6050000000000001,False,,,,,
HPMC-AS,355.65,0.4311746174032777,0.6050000000000001,False,,,,,
HPMC-AS,357.525,0.4289133701964219,0.6050000000000001,False,,,,,
HPMC-AS,359.4,0.42667571697127354,0.6050000000000001,False,,,,,
HPMC-AS,361.275,0.42446129037291735,0.6050000000000001,False,,,,,
HPMC-AS,363.15,0.4222697306332802,0.6050000000000001,False,,,,,
HPMC-AS,365.025,0.4201006853762776,0.6050000000000001,False,,,,,
HPMC-AS,366.9,0.41795380942893356,0.6050000000000001,False,,,,,
HPMC-AS,368.775,0.41582876463826374,0.6050000000000001,False,,,,,
HPMC-AS,370.65,0.4137252196937157,0.6050000000000001,False,,,,,
HPMC-AS,372.525,0.4116428499549714,0.6050000000000001,False,,,,,
HPMC-AS,374.4,0.40958133728492446,0.6050000000000001,False,,,,,
HPMC-AS,376.275,0.4075403698876506,0.6050000000000001,False,,,,,
HPMC-AS,378.15,0.4055196421511985,0.6050000000000001,False,,,,,
HPMC-AS,380.025,0.4035188544950351,0.6050000000000001,False,,,,,
HPMC-AS,381.9,0.4015377132219841,0.6050000000000001,False,,,,,
HPMC-AS,383.775,0.3995759303745052,0.6050000000000001,False,,,,,
HPMC-AS,385.65,0.3976332235951659,0.6050000000000001,False,,,,,
HPMC-AS,387.525,0.3957093159911637,0.6050000000000001,False,,,,,
HPMC-AS,389.4,0.39380393600276253,0.6050000000000001,False,,,,,
HPMC-AS,391.275,0.3919168172755114,0.6050000000000001,False,,,,,
HPMC-AS,393.15,0.39004769853612037,0.6050000000000001,False,,,,,
HPMC-AS,395.025,0.3881963234718707,0.6050000000000001,False,,,,,
HPMC-AS,396.9,0.3863624406134435,0.6050000000000001,False,,,,,
HPMC-AS,398.775,0.38454580322105375,0.6050000000000001,False,,,,,
HPMC-AS,400.65,0.3827461691737819,0.6050000000000001,False,,,,,
HPMC-AS,402.525,0.3809633008619979,0.6050000000000001,False,,,,,
HPMC-AS,404.4,0.3791969650827787,0.6050000000000001,False,,,,,
HPMC-AS,406.275,0.37744693293822096,0.6050000000000001,False,,,,,
HPMC-AS,408.15,0.37571297973655693,0.6050000000000001,False,,,,,
HPMC-AS,410.025,0.3739948848959837,0.6050000000000001,False,,,,,
HPMC-AS,411.9,0.3722924318511185,0.6050000000000001,False,,,,,
HPMC-AS,413.775,0.370605407961998,0.6050000000000001,False,,,,,
HPMC-AS,415.65,0.3689336044255401,0.6050000000000001,False,,,,,
HPMC-AS,417.525,0.36727681618939156,0.6050000000000001,False,,,,,
HPMC-AS,419.4,0.3656348418680871,0.6050000000000001,False,,,,,
HPMC-AS,421.275,0.36400748366144614,0.6050000000000001,False,,,,,
HPMC-AS,423.15,0.36239454727514053,0.6050000000000001,False,,,,,
PVP-VA,273.15,1.1228061700858556,0.6180533988749896,True,0.2803589473876936,0.99999999999332,0.47393175285600847,0.9908071500217733,2.868933476594722e-16
PVP-VA,275.025,1.1151513693626087,0.6180533988749896,True,0.28408791211349255,0.9999999999895097,0.47710074098365785,0.9906906904916435,2.430193408312037e-16
PVP-VA,276.9,1.1076002360381056,0.6180533988749896,True,0.2878304689567035,0.9999999999836623,0.4802693109624693,0.9905728542880142,3.9110944938480787e-16
PVP-VA,278.775,1.100150678356924,0.6180533988749896,True,0.29158651895860416,0.9999999999747604,0.48343748995602126,0.9904536158298184,5.551115123125783e-17
PVP-VA,280.65,1.0928006604630374,0.6180533988749896,True,0.29535596690675214,0.999999999961316,0.4866053057886051,0.9903329488734157,1.5123747210260869e-16
PVP-VA,282.525,1.0855482005449126,0.6180533988749896,True,0.29913872134582403,0.9999999999411691,0.4897727869675756,0.9902108264902457,1.7973637831668985e-16
PVP-VA,284.4,1.0783913690539784,0.6180533988749896,True,0.3029346945917614,0.9999999999112078,0.4929399627066447,0.9900872210435357,1.957315428640418e-16
PVP-VA,286.275,1.0713282869931062,0.6180533988749896,True,0.30674380274932717,0.9999999998669836,0.4961068629501578,0.9899621041640291,2.5843614235806087e-16
PVP-VA,288.15,1.064357124271912,0.6180533988749896,True,0.3105659657331871,0.9999999998021833,0.4992735183984099,0.9898354467246693,1.2665293277613727e-16
PVP-VA,290.025,1.0574760981258562,0.6180533988749896,True,0.3144011072926453,0.9999999997079134,0.5024399605340514,0.9897072188141993,1.1102230246251565e-16
PVP-VA,291.9,1.0506834715962707,0.6180533988749896,True,0.3182491550401549,0.9999999995717349,0.5056062216496394,0.9895773897096111,2.220446049250313e-16
PVP-VA,293.775,1.0439775520685948,0.6180533988749896,True,0.3221100404837649,0.9999999993763696,0.5087723348764004,0.9894459278473867,2.2121151491964192e-16
PVP-VA,295.65,1.0373566898662319,0.6180533988749896,True,0.32598369906364166,0.9999999990979846,0.511938334214258,0.9893128007934725,2.0308597411158075e-16
PVP-VA,297.525,1.0308192768975764,0.6180533988749896,True,0.32987007019283765,0.9999999987039253,0.5151042545632082,0.9891779752119075,9.646588221909069e-17
PVP-VA,299.4,1.0243637453538792,0.6180533988749896,True,0.33376909730248594,0.9999999981497455,0.5182701317560962,0.9890414168320484,2.5601300920758e-16
PVP-VA,301.275,1.0179885664557344,0.6180533988749896,True,0.33768072789160913,0.999999997375343,0.5214360025928894,0.9889030904143002,1.6653345369377348e-16
PVP-VA,303.15,1.0116922492460876,0.6180533988749896,True,0.3416049135817426,0.9999999962999581,0.5246019048765163,0.988762959714278,5.551115123125783e-17
PVP-VA,305.025,1.0054733394277566,0.6180533988749896,True,0.3455416101766004,0.9999999948157564,0.5277678774503621,0.9886209874453172,2.498001805406602e-16
PVP-VA,306.9,0.9993304182435694,0.6180533988749896,True,0.34949077772700465,0.9999999927796319,0.5309339602375153,0.9884771352392269,2.0797538688273086e-16
PVP-VA,308.775,0.9932621013973004,0.6180533988749896,True,0.35345238060133455,0.9999999900028153,0.5341001942818601,0.9883313636052008,4.399238728576695e-16
PVP-VA,310.65,0.9872670380136855,0.6180533988749896,True,0.357426387561757,0.999999986237777,0.5372666217911239,0.9881836318867739,9.195647879820893e-17
PVP-VA,312.525,0.9813439096358737,0.6180533988749896,True,0.36141277184652343,0.9999999811618245,0.5404332861819919,0.9880338982167078,1.2720652663702863e-15
PVP-VA,314.4,0.9754914292587514,0.6180533988749896,True,0.36541151125863003,0.9999999743566832,0.5436002321274024,0.9878821194697007,4.477798718845804e-16
PVP-VA,316.275,0.969708340396653,0.6180533988749896,True,0.36942258826114427,0.9999999652832313,0.5467675056061639,0.9877282512127712,3.879900564118318e-15
PVP-VA,318.15,0.9639934161840372,0.6180533988749896,True,0.37344599007959256,0.9999999532504203,0.549935153955017,0.9875722476531996,3.849105119190301e-15
PVP-VA,320.025,0.9583454585077773,0.6180533988749896,True,0.3774817088116416,0.9999999373772751,0.5531032259232972,0.9874140615838686,1.389460135825751e-14
PVP-VA,321.9,0.9527632971697777,0.6180533988749896,True,0.38152974154464636,0.9999999165466885,0.5562717717303561,0.9872536443258426,2.7178280494268636e-14
PVP-VA,323.775,0.9472457890786857,0.6180533988749896,True,0.3855900904812158,0.9999998893495734,0.5594408431258983,0.987090945668036,5.78964179853993e-14
PVP-VA,325.65,0.9417918174695269,0.6180533988749896,True,0.38966276307343817,0.9999998540177295,0.562610493453434,0.9869259138037616,1.2208241858424945e-13
PVP-VA,327.525,0.9364002911501457,0.6180533988749896,True,0.3937477721661185,0.9999998083436045,0.5657807777170211,0.9867584952639913,2.2458262365266348e-13
PVP-VA,329.4,0.9310701437733803,0.6180533988749896,True,0.3978451361493273,0.9999997495849137,0.5689517526515162,0.9865886348471077,4.232750712501267e-13
PVP-VA,331.275,0.9258003331339565,0.6180533988749896,True,0.40195487912109934,0.999999674351891,0.5721234767965613,0.9864162755449206,7.893215682085287e-13
PVP-VA,333.15,0.9205898404891234,0.6180533988749896,True,0.4060770310634686,0.9999995784747231,0.5752960105745321,0.986241358464721,2.9659556374956015e-16
PVP-VA,335.025,0.9154376699021011,0.6180533988749896,True,0.41021162801694,0.9999994568485306,0.5784694163727231,0.9860638227470983,1.1102230246251565e-16
PVP-VA,336.9,0.9103428476074545,0.6180533988749896,True,0.41435871228844395,0.9999993032530545,0.5816437586300405,0.9858836054792501,1.1102230246251565e-16
PVP-VA,338.775,0.9053044213975395,0.6180533988749896,True,0.4185183326519212,0.9999991101440369,0.5848191039285029,0.9857006416034841,1.5027927524776768e-16
PVP-VA,340.65,0.9003214600292131,0.6180533988749896,True,0.42269054457045485,0.9999988684131181,0.5879955210898768,0.9855148638205867,2.453800218234749e-16
PVP-VA,342.525,0.8953930526500298,0.6180533988749896,True,0.42687541043018035,0.9999985671129467,0.5911730812778,0.9853262024876985,1.4521623175850616e-16
PVP-VA,344.4,0.8905183082431807,0.6180533988749896,True,0.43107299978825186,0.9999981931440897,0.5943518581057625,0.9851345855103395,3.3306690738754696e-16
PVP-VA,346.275,0.885696355090467,0.6180533988749896,True,0.43528338963555446,0.9999977309002791,0.5975319277513681,0.9849399382281492,1.1102230246251565e-16
PVP-VA,348.15,0.8809263402526252,0.6180533988749896,True,0.4395066646749217,0.9999971618685094,0.6007133690773069,0.9847421832939159,1.6653345369377348e-16
PVP-VA,350.025,0.8762074290663565,0.6180533988749896,True,0.4437429176156154,0.9999964641805367,0.6038962637595333,0.9845412405454012,1.1102230246251565e-16
PVP-VA,351.9,0.8715388046574352,0.6180533988749896,True,0.4479922494849049,0.9999956121124236,0.6070806964231585,0.984337026869451,2.220446049250313e-16
PVP-VA,353.775,0.8669196674692995,0.6180533988749896,True,0.4522547699576215,0.9999945755289237,0.610266754786636,0.9841294560578121,2.6668924988530252e-17
PVP-VA,355.65,0.8623492348065555,0.6180533988749896,True,0.45653059770461496,0.9999933192697128,0.6134545298148472,0.983918438654049,3.705033813760229e-16
PVP-VA,357.525,0.8578267403928438,0.6180533988749896,True,0.4608198607611249,0.9999918024747491,0.6166441158817683,0.9837038817908796,3.885780586188048e-16
PVP-VA,359.4,0.8533514339425471,0.6180533988749896,True,0.4651226969161316,0.9999899778463849,0.6198356109434374,0.9834856890172113,3.300194416620036e-16
PVP-VA,361.275,0.8489225807458347,0.6180533988749896,True,0.4694392541238874,0.9999877908462428,0.6230291167220308,0.9832637601140657,3.3306690738754696e-16
PVP-VA,363.15,0.8445394612665604,0.6180533988749896,True,0.47376969093886523,0.9999851788253183,0.6262247389019121,0.9830379908985334,4.1567596609044994e-16
PVP-VA,365.025,0.8402013707525552,0.6180533988749896,True,0.4781141769755605,0.9999820700862637,0.6294225873386091,0.982808273014799,3.0066000916074867e-16
PVP-VA,366.9,0.8359076188578671,0.6180533988749896,True,0.48247289339466004,0.9999783828773181,0.6326227762817572,0.982574493711202,4.440892098500626e-16
PVP-VA,368.775,0.8316575292765275,0.6180533988749896,True,0.48684603341728744,0.9999740243179016,0.6358254246131626,0.9823365356021718,1.0984520195154003e-15
PVP-VA,370.65,0.8274504393874313,0.6180533988749896,True,0.4912338028692312,0.9999688892564169,0.6390306561012177,0.9820942764138205,3.3687119705146204e-15
PVP-VA,372.525,0.8232856999099428,0.6180533988749896,True,0.4956364207572326,0.9999628590613313,0.6422385996730718,0.9818475887117685,7.728195203059044e-15
PVP-VA,374.4,0.8191626745698489,0.6180533988749896,True,0.5000541198797177,0.9999558003470926,0.6454493897060466,0.9815963396097384,1.2935217908560225e-14
PVP-VA,376.275,0.8150807397753012,0.6180533988749896,True,0.5044871474745645,0.9999475636368478,0.6486631663399892,0.9813403904571982,2.1989686500759975e-14
PVP-VA,378.15,0.811039284302397,0.6180533988749896,True,0.5089357659069126,0.99993798196428,0.6518800758123862,0.9810795965042541,4.337703559074968e-14
PVP-VA,380.025,0.8070377089900702,0.6180533988749896,True,0.5134002534003417,0.9999268694170993,0.6551002708182867,0.9808138065417268,8.988352630820515e-14
PVP-VA,381.9,0.8030754264439682,0.6180533988749896,True,0.5178809048152546,0.999914019624828,0.6583239108972779,0.9805428625141805,1.550437825306348e-13
PVP-VA,383.775,0.7991518607490103,0.6180533988749896,True,0.5223780324781626,0.9998992041934543,0.6615511628500186,0.9802665991033923,2.867251690252554e-13
PVP-VA,385.65,0.7952664471903318,0.6180533988749896,True,0.5268919670676852,0.9998821710893117,0.6647822011870947,0.9799848432794964,5.162657063664615e-13
PVP-VA,387.525,0.7914186319823274,0.6180533988749896,True,0.5314230585614185,0.9998626429740991,0.6680172086132838,0.9796974138167247,9.188427443613498e-13
PVP-VA,389.4,0.7876078720055251,0.6180533988749896,True,0.5359716772502954,0.9998403154923332,0.6712563765506604,0.9794041207703031,1.6676555601026586e-12
PVP-VA,391.275,0.7838336345510228,0.6180533988749896,True,0.5405382148433245,0.9998148555116816,0.6744999057043759,0.9791047649106738,1.1102230246251565e-16
PVP-VA,393.15,0.7800953970722407,0.6180533988749896,True,0.5451230855885091,0.9997858993153165,0.6777480066753938,0.9787991371107632,9.191323917245864e-17
PVP-VA,395.025,0.7763926469437414,0.6180533988749896,True,0.549726727598808,0.9997530507446374,0.6810009006249825,0.9784870176814895,1.688814290235624e-17
PVP-VA,396.9,0.772724881226887,0.6180533988749896,True,0.5543496041769866,0.9997158792882406,0.6842588199963483,0.9781681756501359,2.220446049250313e-16
PVP-VA,398.775,0.7690916064421075,0.6180533988749896,True,0.5589922052981602,0.9996739181119086,0.6875220092994657,0.9778423679755187,1.1102230246251565e-16
PVP-VA,400.65,0.7654923383475638,0.6180533988749896,True,0.5636550492082073,0.9996266620218023,0.6907907259659337,0.9775093386931368,2.220446049250313e-16
PVP-VA,402.525,0.7619266017239958,0.6180533988749896,True,0.5683386841607057,0.9995735653507092,0.6940652412815683,0.9771688179825794,1.1102230246251565e-16
PVP-VA,404.4,0.7583939301655575,0.6180533988749896,True,0.5730436903085155,0.9995140397544424,0.697345841405456,0.9768205211484762,2.220446049250313e-16
PVP-VA,406.275,0.7548938658764419,0.6180533988749896,True,0.5777706817683442,0.9994474519023883,0.7006328284853751,0.976464147505077,1.6653345369377348e-16
PVP-VA,408.15,0.7514259594731139,0.6180533988749896,True,0.5825203088791207,0.9993731210427758,0.7039265218808566,0.9760993791531959,3.3306690738754696e-16
PVP-VA,410.025,0.7479897697919674,0.6180533988749896,True,0.5872932606779334,0.999290316419413,0.7072272595067248,0.9757258796366698,2.4945120296639145e-17
PVP-VA,411.9,0.744584863702237,0.6180533988749896,True,0.5920902676206178,0.9991982545123702,0.7105353993118245,0.9753432924636368,3.71881345162528e-16
PVP-VA,413.775,0.741210815923996,0.6180533988749896,True,0.5969121045780519,0.9990960960703007,0.7138513209097751,0.9749512394757822,2.4199917650303757e-15
PVP-VA,415.65,0.7378672088510801,0.6180533988749896,True,0.6017595941438236,0.9989829428967135,0.7171754273811344,0.974549319046178,3.0713821243255612e-15
PVP-VA,417.525,0.7345536323787831,0.6180533988749896,True,0.6066336102940236,0.9988578343463906,0.7205081472693229,0.9741371040833616,1.1394161845588655e-14
PVP-VA,419.4,0.7312696837361742,0.6180533988749896,True,0.6115350824469513,0.9987197434811734,0.7238499367961766,0.9737141398157843,3.3447935176775245e-14
PVP-VA,421.275,0.7280149673228923,0.6180533988749896,True,0.616464999977142,0.9985675728262785,0.7272012823271629,0.9732799413265976,7.432833713208638e-14
PVP-VA,423.15,0.7247890945502811,0.6180533988749896,True,0.6214244172472315,0.9984001496589414,0.7305627031212291,0.9728339908038094,1.8138700990429774e-13
Soluplus,273.15,0.6934979285824402,0.5954537595841944,True,0.6700454930956443,0.9993373974229781,0.7689023520466829,0.9805349219510541,6.484495592428438e-12
Soluplus,275.025,0.6887699634298465,0.5954537595841944,True,0.677709566538047,0.999178842380155,0.7740115452367591,0.9799740475656947,1.5542376955758608e-16
Soluplus,276.9,0.6841060281411829,0.5954537595841944,True,0.685436348587482,0.9989884106744393,0.779141222078782,0.9793855092293947,1.6653345369377348e-16
Soluplus,278.775,0.6795048307498647,0.5954537595841944,True,0.6932307534990175,0.9987608784100245,0.7842937769838318,0.9787669295206596,1.1102230246251565e-16
Soluplus,280.65,0.6749651138154055,0.5954537595841944,True,0.70109830755485,0.9984903169660283,0.7894719160325179,0.9781156192949053,2.7755575615628914e-16
Soluplus,282.525,0.6704856532777401,0.5954537595841944,True,0.7090452541560676,0.9981699926986315,0.7946787144535549,0.9774285202060982,2.036477269370257e-15
Soluplus,284.4,0.6660652573568691,0.5954537595841944,True,0.7170786844218943,0.9977922422594162,0.7999176882105787,0.976702133120146,1.96629076410805e-14
Soluplus,286.275,0.661702765495742,0.5954537595841944,True,0.7252067013682033,0.9973483152843351,0.8051928841352806,0.9759324279819738,1.5211590599878248e-13
Soluplus,288.15,0.6573970473444162,0.5954537595841944,True,0.7334386287670595,0.9968281730945717,0.8105089947875845,0.975114728955553,7.229243381224118e-13
Soluplus,290.025,0.6531470017836171,0.5954537595841944,True,0.741785280363662,0.9962202274625882,0.8158715068044339,0.974243566075324,3.2732465284242285e-12
Soluplus,291.9,0.6489515559859319,0.5954537595841944,True,0.7502593124042027,0.9955109965852308,0.821286895405714,0.9733124807404775,5.551115123125783e-17
Soluplus,293.775,0.6448096645129556,0.5954537595841944,True,0.7588756916766738,0.9946846446037462,0.8267628837868145,0.9723137663225975,6.944314914769656e-17
Soluplus,295.65,0.6407203084467903,0.5954537595841944,True,0.767652331851525,0.9937223540666594,0.8323087957940155,0.9712381154904817,4.576620657968655e-16
Soluplus,297.525,0.6366824945543854,0.5954537595841944,True,0.7766109743641646,0.9926014523985207,0.8379360461894931,0.9700741299453345,3.90938908849392e-15
Soluplus,299.4,0.6326952544832783,0.5954537595841944,True,0.7857784420363276,0.991294165674368,0.8436588399664469,0.9688076211058448,2.4402693949744647e-14
Soluplus,301.275,0.6287576439873654,0.5954537595841944,True,0.795188476817212,0.9897657876739229,0.8494952005105101,0.967420581946977,1.5301766743882478e-13
Soluplus,303.15,0.624868742181407,0.5954537595841944,True,0.8048845328227675,0.9879718929828674,0.8554685368240482,0.9658896197758708,1.8487875618443395e-12
Soluplus,305.025,0.6210276508230261,0.5954537595841944,True,0.8149242114422048,0.9858539072284273,0.8616101395470662,0.964183460211135,1.0116361605838273e-11
Soluplus,306.9,0.6172334936210281,0.5954537595841944,True,0.8253866996054116,0.9833316748031762,0.8679633788199749,0.9622587493202787,1.919624748329858e-11
Soluplus,308.775,0.6134854155689209,0.5954537595841944,True,0.8363861368106227,0.9802900910240591,0.874591273841424,0.9600524840620748,6.070020484513772e-11
Soluplus,310.65,0.6097825823025705,0.5954537595841944,True,0.8480980087416192,0.9765527368307861,0.8815914673704975,0.957467037784563,2.969541279540522e-11
Soluplus,312.525,0.6061241794809809,0.5954537595841944,True,0.8608183658574432,0.9718226170724078,0.889129970827322,0.9543364151246368,2.6705851072228448e-14
Soluplus,314.4,0.6025094121892288,0.5954537595841944,True,0.8751264777939397,0.9655195434631724,0.8975340577017966,0.950333358599506,9.43689570931383e-16
Soluplus,316.275,0.5989375043626386,0.5954537595841944,True,0.8925278500352031,0.9561371327184434,0.9076607385011862,0.9446008736592999,1.9437007559020003e-11
Soluplus,318.15,0.5954076982313171,0.5954537595841944,False,,,,,
Soluplus,320.025,0.5919192537842154,0.5954537595841944,False,,,,,
Soluplus,321.9,0.5884714482519215,0.5954537595841944,False,,,,,
Soluplus,323.775,0.5850635756074235,0.5954537595841944,False,,,,,
Soluplus,325.65,0.5816949460841195,0.5954537595841944,False,,,,,
Soluplus,327.525,0.578364885710384,0.5954537595841944,False,,,,,
Soluplus,329.4,0.575072735860029,0.5954537595841944,False,,,,,
Soluplus,331.275,0.571817852818032,0.5954537595841944,False,,,,,
Soluplus,333.15,0.5685996073609292,0.5954537595841944,False,,,,,
Soluplus,335.025,0.5654173843512977,0.5954537595841944,False,,,,,
Soluplus,336.9,0.5622705823457808,0.5954537595841944,False,,,,,
Soluplus,338.775,0.5591586132161274,0.5954537595841944,False,,,,,
Soluplus,340.65,0.5560809017827493,0.5954537595841944,False,,,,,
Soluplus,342.525,0.5530368854603125,0.5954537595841944,False,,,,,
Soluplus,344.4,0.5500260139149057,0.5954537595841944,False,,,,,
Soluplus,346.275,0.5470477487323472,0.5954537595841944,False,,,,,
Soluplus,348.15,0.5441015630972097,0.5954537595841944,False,,,,,
Soluplus,350.025,0.5411869414821614,0.5954537595841944,False,,,,,
Soluplus,351.9,0.5383033793472394,0.5954537595841944,False,,,,,
Soluplus,353.775,0.535450382848685,0.5954537595841944,False,,,,,
Soluplus,355.65,0.5326274685569902,0.5954537595841944,False,,,,,
Soluplus,357.525,0.5298341631838153,0.5954537595841944,False,,,,,
Soluplus,359.4,0.5270700033174556,0.5954537595841944,False,,,,,
Soluplus,361.275,0.524334535166545,0.5954537595841944,False,,,,,
Soluplus,363.15,0.5216273143116991,0.5954537595841944,False,,,,,
Soluplus,365.025,0.5189479054648135,0.5954537595841944,False,,,,,
Soluplus,366.9,0.5162958822357415,0.5954537595841944,False,,,,,
Soluplus,368.775,0.5136708269060906,0.5954537595841944,False,,,,,
Soluplus,370.65,0.5110723302098841,0.5954537595841944,False,,,,,
Soluplus,372.525,0.5084999911208471,0.5954537595841944,False,,,,,
Soluplus,374.4,0.5059534166460832,0.5954537595841944,False,,,,,
Soluplus,376.275,0.5034322216259213,0.5954537595841944,False,,,,,
Soluplus,378.15,0.5009360285397157,0.5954537595841944,False,,,,,
Soluplus,380.025,0.49846446731739635,0.5954537595841944,False,,,,,
Soluplus,381.9,0.4960171751565686,0.5954537595841944,False,,,,,
Soluplus,383.775,0.49359379634497696,0.5954537595841944,False,,,,,
Soluplus,385.65,0.4911939820881461,0.5954537595841944,False,,,,,
Soluplus,387.525,0.48881739034202576,0.5954537595841944,False,,,,,
Soluplus,389.4,0.4864636856504713,0.5954537595841944,False,,,,,
Soluplus,391.275,0.48413253898739644,0.5954537595841944,False,,,,,
Soluplus,393.15,0.4818236276034428,0.5954537595841944,False,,,,,
Soluplus,395.025,0.47953663487701675,0.5954537595841944,False,,,,,
Soluplus,396.9,0.4772712501695478,0.5954537595841944,False,,,,,
Soluplus,398.775,0.47502716868483114,0.5954537595841944,False,,,,,
Soluplus,400.65,0.4728040913323188,0.5954537595841944,False,,,,,
Soluplus,402.525,0.4706017245942327,0.5954537595841944,False,,,,,
Soluplus,404.4,0.4684197803963737,0.5954537595841944,False,,,,,
Soluplus,406.275,0.46625797598250823,0.5954537595841944,False,,,,,
Soluplus,408.15,0.4641160337922174,0.5954537595841944,False,,,,,
Soluplus,410.025,0.46199368134209756,0.5954537595841944,False,,,,,
Soluplus,411.9,0.4598906511102052,0.5954537595841944,False,,,,,
Soluplus,413.775,0.4578066804236446,0.5954537595841944,False,,,,,
Soluplus,415.65,0.45574151134919655,0.5954537595841944,False,,,,,
Soluplus,417.525,0.4536948905868955,0.5954537595841944,False,,,,,
Soluplus,419.4,0.45166656936646055,0.5954537595841944,False,,,,,
Soluplus,421.275,0.44965630334649226,0.5954537595841944,False,,,,,
Soluplus,423.15,0.4476638525163501,0.5954537595841944,False,,,,,
Eudragit L100,273.15,1.254901013625368,0.5849829914261059,True,0.21250971958281628,1.0,0.409660580769646,0.9957409687065497,1.1102230246250901e-16
Eudragit L100,275.025,1.2463456481111508,0.5849829914261059,True,0.21549026566430635,1.0,0.4124488547881782,0.9956918438404949,1.7297274723659936e-13
Eudragit L100,276.9,1.2379061461602359,0.5849829914261059,True,0.21848307094690556,1.0,0.415237004056523,0.9956422576443393,1.868505350444138e-13
Eudragit L100,278.775,1.2295801699283266,0.5849829914261059,True,0.22148802515501312,1.0,0.41802503541516345,0.9955922034656803,1.7930101847696266e-13
Eudragit L100,280.65,1.2213654440469242,0.5849829914261059,True,0.22450502004553402,1.0,0.42081295583538325,0.9955416745212342,2.0206059048177814e-13
Eudragit L100,282.525,1.2132597535501963,0.5849829914261059,True,0.22753394938326357,1.0,0.42360077242255906,0.9954906638935433,2.000621890374523e-13
Eudragit L100,284.4,1.2052609418838582,0.5849829914261059,True,0.23057470891699924,1.0,0.4263884924195525,0.9954391645275853,2.0183854587685116e-13
Eudragit L100,286.275,1.1973669089922951,0.5849829914261059,True,0.23362719635670112,1.0,0.4291761232102092,0.9953871692272733,2.011724120620726e-13
Eudragit L100,288.15,1.1895756094803722,0.5849829914261059,True,0.23669131135140187,1.0,0.43196367232296573,0.9953346706518492,2.1171953079600317e-13
Eudragit L100,290.025,1.1818850508465453,0.5849829914261059,True,0.2397669554680465,1.0,0.43475114743456966,0.995281661312163,2.0594637106793208e-13
Eudragit L100,291.9,1.1742932917840674,0.5849829914261059,True,0.24285403217107562,1.0,0.43753855637391836,0.9952281335668361,2.2237767183233646e-13
Eudragit L100,293.775,1.1667984405472531,0.5849829914261059,True,0.2459524468030384,1.0,0.44032590712601716,0.9951740796183003,2.0905499553672273e-13
Eudragit L100,295.65,1.1593986533799063,0.5849829914261059,True,0.24906210656581174,1.0,0.44311320783606706,0.9951194915087129,2.235989171590551e-13
Eudragit L100,297.525,1.1520921330031737,0.5849829914261059,True,0.25218292050295904,1.0,0.4459004668136804,0.9950643611157389,2.2226664952892176e-13
Eudragit L100,299.4,1.144877127160218,0.5849829914261059,True,0.2553147994827045,1.0,0.44868769253723506,0.9950086801481973,1.8829382497408789e-13
Eudragit L100,301.275,1.1377519272152328,0.5849829914261059,True,0.25845765618178446,1.0,0.45147489365836896,0.9949524401415687,2.0972112934647602e-13
Eudragit L100,303.15,1.1307148668044509,0.5849829914261059,True,0.2616114050704451,1.0,0.45426207900662224,0.9948956324533498,1.8873791417479542e-13
Eudragit L100,305.025,1.1237643205369046,0.5849829914261059,True,0.26477596239779005,1.0,0.45704925759423165,0.9948382482582622,2.039479695986943e-13
Eudragit L100,306.9,1.1168987027428128,0.5849829914261059,True,0.26795124617854527,1.0,0.4598364386210831,0.9947802785432971,1.667554982451758e-13
Eudragit L100,308.775,1.110116466267571,0.5849829914261059,True,0.27113717618013045,1.0,0.46262363147983054,0.9947217141025988,1.6953105574685095e-13
Eudragit L100,310.65,1.1034161013094133,0.5849829914261059,True,0.27433367391114727,1.0,0.4654108457611852,0.9946625455321743,1.7275070239428375e-13
Eudragit L100,312.525,1.0967961342989176,0.5849829914261059,True,0.27754066261035687,1.0,0.4681980912593833,0.9946027632244261,1.5765166900578692e-13
Eudragit L100,314.4,1.0902551268186045,0.5849829914261059,True,0.28075806723662583,1.0,0.4709853779778398,0.9945423573624974,1.700861663689653e-13
Eudragit L100,316.275,1.083791674560965,0.5849829914261059,True,0.28398581445998,1.0,0.47377271613499455,0.9944813179144282,1.2734257889661029e-13
Eudragit L100,318.15,1.0774044063233357,0.5849829914261059,True,0.2872238326530883,1.0,0.4765601161703592,0.9944196346271058,1.3733458409474473e-13
Eudragit L100,320.025,1.071091983038104,0.5849829914261059,True,0.2904720518842842,1.0,0.47934758875077543,0.9943572970200086,1.437738736845548e-13
Eudragit L100,321.9,1.0648530968368104,0.5849829914261059,True,0.2937304039110053,1.0,0.48213514477688607,0.9942942943787344,1.1179944293715802e-13
Eudragit L100,323.775,1.0586864701467664,0.5849829914261059,True,0.2969988221742604,1.0,0.4849227953898395,0.994230615748295,9.636732829417693e-14
Eudragit L100,325.65,1.052590854818883,0.5849829914261059,True,0.30027724179429316,1.0,0.4877105519782246,0.9941662499261839,7.70494200496896e-14
Eudragit L100,327.525,1.0465650312854569,0.5849829914261059,True,0.30356559956690127,1.0,0.49049842618525497,0.994101185455189,8.237843887450096e-14
Eudragit L100,329.4,1.0406078077467191,0.5849829914261059,True,0.30686383396101646,1.0,0.4932864299162106,0.9940354106159529,5.739832504024388e-14
Eudragit L100,331.275,1.0347180193850103,0.5849829914261059,True,0.3101718851169111,1.0,0.49607457534614385,0.9939689134192673,6.150597453563472e-14
Eudragit L100,333.15,1.0288945276054908,0.5849829914261059,True,0.31348969484589173,1.0,0.498862874927868,0.9939016815980826,4.723928953901848e-14
Eudragit L100,335.025,1.0231362193023483,0.5849829914261059,True,0.3168172066305621,0.9999999999999998,0.5016513414002363,0.9938337025992302,4.845996078870345e-14
Eudragit L100,336.9,1.017442006149508,0.5849829914261059,True,0.3201543656265357,0.9999999999999997,0.5044399877967222,0.993764963574843,3.519177272392523e-14
Eudragit L100,338.775,1.011810823914897,0.5849829914261059,True,0.3235011186649193,0.9999999999999993,0.5072288274543217,0.993695451373451,2.658573855011985e-14
Eudragit L100,340.65,1.0062416317973557,0.5849829914261059,True,0.32685741425614495,0.999999999999999,0.5100178740227846,0.9936251525307525,1.12615023521936e-14
Eudragit L100,342.525,1.0007334117853275,0.5849829914261059,True,0.3302232025947623,0.9999999999999981,0.5128071414741898,0.9935540532600358,1.1089494015236059e-14
Eudragit L100,344.4,0.995285168036496,0.5849829914261059,True,0.3335984355655731,0.9999999999999968,0.5155966441128871,0.9934821394422417,7.41635172067191e-15
Eudragit L100,346.275,0.9898959262775807,0.5849829914261059,True,0.3369830667507879,0.9999999999999943,0.5183863965858123,0.9934093966156443,5.179885245377434e-15
Eudragit L100,348.15,0.9845647332235222,0.5849829914261059,True,0.3403770514385447,0.9999999999999906,0.5211764138932016,0.9933358099651386,6.207544923814979e-15
Eudragit L100,350.025,0.9792906560153396,0.5849829914261059,True,0.34378034663266865,0.9999999999999839,0.5239667113997158,0.9932613643111167,1.7768672135212524e-15
Eudragit L100,351.9,0.974072781675957,0.5849829914261059,True,0.34719291106370503,0.9999999999999734,0.5267573048460004,0.993186044097907,7.579583806078378e-16
Eudragit L100,353.775,0.9689102165833348,0.5849829914261059,True,0.3506147052013827,0.9999999999999554,0.5295482103606967,0.9931098333817623,1.0781542632640057e-15
Eudragit L100,355.65,0.9638020859602678,0.5849829914261059,True,0.3540456912684301,0.9999999999999261,0.5323394444729239,0.9930327158183802,1.652876998102869e-15
Eudragit L100,357.525,0.9587475333802371,0.5849829914261059,True,0.3574858332558635,0.9999999999998788,0.5351310241252653,0.9929546746499148,5.551115123125783e-17
Eudragit L100,359.4,0.9537457202887292,0.5849829914261059,True,0.36093509693976544,0.9999999999998027,0.5379229666872659,0.9928756926914798,1.3071423822295013e-16
Eudragit L100,361.275,0.9487958255394624,0.5849829914261059,True,0.3643934498996576,0.9999999999996813,0.5407152899694813,0.9927957523170994,5.551115123125783e-17
Eudragit L100,363.15,0.9438970449449793,0.5849829914261059,True,0.36786086153691594,0.9999999999994886,0.5435080122380926,0.9927148354450941,8.934034029555925e-13
Eudragit L100,365.025,0.939048590841091,0.5849829914261059,True,0.3713373031041834,0.9999999999991858,0.5463011522301259,0.992632923522861,1.498026503106697e-16
Eudragit L100,366.9,0.9342496916646751,0.5849829914261059,True,0.37482274771330404,0.999999999998713,0.5490947291692982,0.9925499975110267,6.92596890457141e-17
Eudragit L100,368.775,0.9294995915443542,0.5849829914261059,True,0.3783171703760572,0.9999999999979801,0.5518887627825199,0.9924660378669479,1.3877787807814457e-16
Eudragit L100,370.65,0.9247975499035997,0.5849829914261059,True,0.3818205480235745,0.999999999996852,0.5546832733170967,0.9923810245275055,4.417399349879391e-17
Eudragit L100,372.525,0.9201428410758185,0.5849829914261059,True,0.3853328595370352,0.9999999999951271,0.557478281558654,0.9922949368911836,2.4405663193603277e-16
Eudragit L100,374.4,0.9155347539310076,0.5849829914261059,True,0.38885408577890035,0.9999999999925091,0.5602738088498285,0.9922077537993763,1.4604817254490434e-16
Eudragit L100,376.275,0.9109725915135719,0.5849829914261059,True,0.3923842096263143,0.9999999999885605,0.5630698771097621,0.9921194535168936,3.2262003158459013e-16
Eudragit L100,378.15,0.9064556706909143,0.5849829914261059,True,0.3959232160067945,0.9999999999826448,0.5658665088544453,0.9920300137116198,2.586784890244567e-16
Eudragit L100,380.025,0.9019833218124315,0.5849829914261059,True,0.3994710919363004,0.9999999999738403,0.5686637272179446,0.9919394114332839,2.422178287521552e-16
Eudragit L100,381.9,0.8975548883785527,0.5849829914261059,True,0.4030278265598098,0.9999999999608189,0.571461555974571,0.9918476230912928,1.1102230246251565e-16
Eudragit L100,383.775,0.8931697267194821,0.5849829914261059,True,0.40659341119452336,0.9999999999416834,0.574260019562031,0.99175462443158,2.9236299987123437e-16
Eudragit L100,385.65,0.888827205683312,0.5849829914261059,True,0.4101678393758278,0.9999999999137366,0.5770591431056215,0.9916603905124101,1.1102230246251565e-16
Eudragit L100,387.525,0.8845267063331894,0.5849829914261059,True,0.41375110690616373,0.9999999998731701,0.5798589524435125,0.9915648956790959,1.1227101333910815e-16
Eudragit L100,389.4,0.8802676216532338,0.5849829914261059,True,0.41734321190694706,0.9999999998146404,0.5826594741531907,0.9914681135375569,2.177590544071221e-17
Eudragit L100,391.275,0.8760493562629079,0.5849829914261059,True,0.4209441548737113,0.9999999997306925,0.5854607355791196,0.9913700169266566,8.641333323522896e-17
Eudragit L100,393.15,0.8718713261395631,0.5849829914261059,True,0.42455393873463854,0.9999999996109917,0.5882627648616818,0.9912705778892621,2.7354052154737434e-16
Eudragit L100,395.025,0.8677329583488874,0.5849829914261059,True,0.42817256891266886,0.9999999994412916,0.5910655909674845,0.991169767641938,1.1102230246251565e-16
Eudragit L100,396.9,0.8636336907829912,0.5849829914261059,True,0.431800053391384,0.9999999992020709,0.5938692437210933,0.9910675565432121,1.1102230246251565e-16
Eudragit L100,398.775,0.8595729719058849,0.5849829914261059,True,0.43543640278488643,0.9999999988667323,0.5966737538382885,0.9909639140603205,1.1102230246251565e-16
Eudragit L100,400.65,0.8555502605061007,0.5849829914261059,True,0.43908163041189097,0.9999999983992418,0.5994791529609186,0.9908588087343526,1.6653345369377348e-16
Eudragit L100,402.525,0.8515650254562307,0.5849829914261059,True,0.44273575237427987,0.9999999977510543,0.6022854736934566,0.9907522081436962,1.6110071715519093e-16
Eudragit L100,404.4,0.8476167454791524,0.5849829914261059,True,0.4463987876403802,0.9999999968571287,0.6050927496413487,0.990644078865688,1.1102230246251565e-16
Eudragit L100,406.275,0.8437049089207291,0.5849829914261059,True,0.4500707581332424,0.999999995630796,0.6079010154512648,0.9905343864363628,2.220446049250313e-16
Eudragit L100,408.15,0.8398290135287744,0.5849829914261059,True,0.45375168882422007,0.9999999939571862,0.6107103068533694,0.990423095308184,2.220446049250313e-16
Eudragit L100,410.025,0.8359885662380813,0.5849829914261059,True,0.45744160783216864,0.9999999916848572,0.6135206607057322,0.9903101688056316,1.9210935636049476e-16
Eudragit L100,411.9,0.8321830829613237,0.5849829914261059,True,0.46114054652860187,0.9999999886151929,0.6163321150410014,0.9901955690785303,2.220446049250313e-16
Eudragit L100,413.775,0.8284120883856426,0.5849829914261059,True,0.4648485396491797,0.9999999844890526,0.6191447091154934,0.9900792570529582,1.8796666317887633e-17
Eudragit L100,415.65,0.8246751157747366,0.5849829914261059,True,0.46856562541190333,0.9999999789700463,0.6219584834608406,0.9899611923796009,3.1498670483676714e-16
Eudragit L100,417.525,0.8209717067762871,0.5849829914261059,True,0.4722918456424471,0.9999999716237038,0.6247734799383593,0.9898413333793822,5.551115123125783e-17
Eudragit L100,419.4,0.8173014112345476,0.5849829914261059,True,0.47602724590704737,0.9999999618916604,0.6275897417963137,0.9897196369862004,5.750827979640803e-16
Eudragit L100,421.275,0.8136637870079384,0.5849829914261059,True,0.47977187565346535,0.9999999490598483,0.6304073137302584,0.9895960586865865,6.159729468449752e-16
Eudragit L100,423.15,0.8100583997914906,0.5849829914261059,True,0.48352578836045823,0.9999999322195003,0.6332262419466688,0.9894705524560736,8.551612097296046e-16
