regimen,dose_mg,daily_dose_mg,coverage_24h_pct,cmax_ss_mg_l,ctrough_ss_mg_l,feasible,status
QD,10.0,10.0,0.0,0.10815718266549658,0.06914352427693933,False,converged
QD,10.452571119524391,10.452571119524391,0.0,0.11305206438984935,0.07227276049592697,False,converged
QD,10.925624300871537,10.925624300871538,0.0,0.1181684743243951,0.07554361690880294,False,converged
QD,11.420086503006369,11.420086503006369,0.0,0.12351643819614318,0.0789625028365368,False,converged
QD,11.936926636379466,11.936926636379466,0.0,0.12910643546755254,0.08253611766745474,False,converged
QD,12.477157461530144,12.477157461530146,0.0,0.13494941987128795,0.08627146398485043,False,converged
QD,13.041837573614824,13.041837573614822,0.0,0.14105684087431952,0.09017586128871362,False,converged
QD,13.632073476749436,13.632073476749435,0.0,0.147440666113426,0.09425696033846455,False,converged
QD,14.249021752230561,14.249021752230561,0.0,0.15411340484606348,0.09852275814479905,False,converged
QD,14.893891324883999,14.893891324884,0.0,0.16108813246255335,0.1029816136400213,False,converged
QD,15.567945831981735,15.567945831981737,0.0,0.16837851610762045,0.10764226405757056,False,converged
QD,16.272506099369238,16.272506099369238,0.0,0.1759988414614886,0.11251384205283803,False,converged
QD,17.00895272965514,17.00895272965514,0.0,0.18396404073301073,0.11760589359882237,False,converged
QD,17.778728807534897,17.778728807534897,0.0,0.1922897219196878,0.12292839669169099,False,converged
QD,17.97979797979798,17.97979797979798,0.0,0.19446442943897363,0.12431865981106265,False,converged
QD,18.583342727549557,18.583342727549557,0.0,0.2009921993919105,0.12849178090290067,False,converged
QD,19.42437114982081,19.42437114982081,0.0,0.21008852586135712,0.1343069478161915,False,converged
QD,20.303462089553978,20.303462089553978,0.0,0.21959652579618744,0.1403852923894993,False,converged
QD,21.222338146363025,21.222338146363025,1.7411537533971735,0.2295348303485122,0.14673872528364676,False,converged
QD,22.0,22.0,3.2620319846291594,0.23794580186409248,0.15211575340926653,False,converged
QD,22.182799879745495,22.1827998797455,3.591756911551718,0.2399229138625789,0.15337969620156697,False,converged
QD,23.18672933732169,23.18672933732169,5.494698365937311,0.250781132035213,0.1603212182837924,False,converged
QD,24.23609374275176,24.23609374275176,8.049199224539851,0.26213076180329004,0.16757689360801337,False,converged
QD,25.332949350557282,25.332949350557282,12.500193957288971,0.2739940430363997,0.1751609398426732,False,converged
QD,25.95959595959596,25.95959595959596,17.13598614012134,0.2807716762124507,0.17949379534518595,False,converged
QD,26.479445475400922,26.479445475400922,22.879996834320153,0.2863942221163994,0.18308821810682752,False,converged
QD,27.677828703719648,27.677828703719644,38.97967282265186,0.299355597489253,0.19137426209086078,False,converged
QD,28.0,28.0,43.333576813276956,0.3028401114633904,0.19360186797543014,False,converged
QD,28.93044729596432,28.930447295964324,55.65023072333279,0.31290356727841345,0.2000353084951223,False,converged
QD,30.0,30.0,69.33100954683621,0.32447154799648975,0.207430572830818,False,converged
QD,30.239755788071914,30.239755788071914,72.33077532491555,0.32706467905305014,0.20908832884612671,False,converged
QD,31.0,31.0,81.68839254630913,0.3352872662630394,0.21434492525851195,False,converged
QD,31.608319801187104,31.608319801187104,89.01382164715973,0.3418666818486426,0.21855106275266428,False,converged
QD,32.0,32.0,93.65827261842695,0.34610298452958904,0.22125927768620587,True,converged
QD,33.0,33.0,100.0,0.3569187027961387,0.2281736301138998,True,converged
QD,33.03882106905794,33.03882106905794,100.0,0.3573385805418756,0.22844205266698625,True,converged
QD,33.93939393939394,33.93939393939394,100.0,0.36707892298592776,0.23466893087930926,True,converged
QD,34.0,34.0,100.0,0.36773442106268833,0.23508798254159374,True,converged
QD,34.5340626929569,34.5340626929569,100.0,0.37351069268638504,0.23878068021918106,True,converged
QD,36.0969746344246,36.0969746344246,100.0,0.39041470792072575,0.24958720419594005,True,converged
QD,37.73061945659911,37.73061945659911,100.0,0.4080837500649729,0.260882800238132,True,converged
QD,39.438198325381286,39.438198325381286,100.0,0.4265524420276345,0.2726896023349749,True,converged
QD,41.22305728219556,41.22305728219556,100.0,0.44585697365006544,0.28503074619611496,True,converged
QD,41.91919191919192,41.91919191919192,100.0,0.4533861697594048,0.2898440664134326,True,converged
QD,43.08869380063769,43.08869380063769,100.0,0.4660351726213221,0.29793041458659975,True,converged
QD,45.03876363985752,45.03876363985753,100.0,0.48712657860241954,0.3114138847135821,True,converged
QD,47.077088008105996,47.077088008105996,100.0,0.5091725207052379,0.32550757775760863,True,converged
QD,49.20766105048367,49.20766105048367,100.0,0.5322161984779004,0.340239110645552,True,converged
QD,49.8989898989899,49.8989898989899,100.0,0.5396934165328819,0.3450192019475559,True,converged
QD,51.43465767556309,51.434657675563095,100.0,0.5563027665553162,0.35563735016663606,True,converged
QD,53.762441736221426,53.762441736221426,100.0,0.5814794231407617,0.37173246953759626,True,converged
QD,56.19557458071408,56.19557458071407,100.0,0.6077955024918829,0.3885560075278159,True,converged
QD,57.87878787878788,57.87878787878788,100.0,0.6260006633063591,0.4001943374816792,True,converged
QD,58.7388239907451,58.7388239907451,100.0,0.635302571592347,0.406140930260295,True,converged
QD,59.0,59.0,100.0,0.6381273777264298,0.40794679323394206,True,converged
QD,61.39717352404887,61.39717352404887,100.0,0.6640545311985744,0.424521695809553,True,converged
QD,64.17583227979007,64.17583227979007,100.0,0.6941077214595527,0.44373432172304517,True,converged
QD,65.85858585858585,65.85858585858585,100.0,0.712307910079836,0.45536947301580244,True,converged
QD,67.08024510591748,67.08024510591748,100.0,0.7255210323167,0.4638164555984047,True,converged
QD,70.11610326847304,70.11610326847304,100.0,0.758356018900106,0.4848074488548051,True,converged
QD,73.2893556037631,73.2893556037631,100.0,0.7926770221472741,0.5067484338430034,True,converged
QD,73.83838383838383,73.83838383838383,100.0,0.7986151568533131,0.5105446085499258,True,converged
QD,76.60622017524473,76.60622017524473,100.0,0.8285512948807193,0.5296824044451593,True,converged
QD,80.07319645796898,80.07319645796898,100.0,0.8660491335914744,0.5536543003223711,True,converged
QD,81.81818181818183,81.81818181818183,100.0,0.8849224036267903,0.5657197440840491,True,converged
QD,83.69707807445693,83.69707807445693,100.0,0.9052440161867366,0.5787110949750099,True,converged
QD,87.48496610696465,87.48496610696465,100.0,0.9462127459715752,0.6049018877884125,True,converged
QD,89.7979797979798,89.7979797979798,100.0,0.9712296504002673,0.6208948796181725,True,converged
QD,91.4442830122229,91.4442830122229,100.0,0.9890356021468357,0.6322780002442945,True,converged
QD,95.58278716591758,95.58278716591758,100.0,1.033796497118143,0.6608930764864148,True,converged
QD,97.77777777777779,97.77777777777779,100.0,1.0575368971737444,0.6760700151522958,True,converged
QD,99.90858806541166,99.90858806541166,100.0,1.0805831409242581,0.6908031884375523,True,converged
QD,104.43016222049812,104.43016222049812,100.0,1.1294872131069855,0.7220669456737725,True,converged
QD,105.75757575757576,105.75757575757576,100.0,1.1438441439472213,0.731245150686419,True,converged
QD,108.0,108.0,100.0,1.168097572787363,0.7467500621909449,True,converged
QD,109.15636976332269,109.15636976332269,100.0,1.1806045423594178,0.754745610271287,True,converged
QD,113.73737373737374,113.73737373737374,100.0,1.2301513907206985,0.7864202862205424,True,converged
QD,114.09647181002322,114.09647181002322,100.0,1.2340352943045363,0.7889032168509464,True,converged
QD,119.26014860810776,119.26014860810774,100.0,1.2898841677721378,0.8246066980556092,True,converged
QD,121.71717171717172,121.71717171717172,100.0,1.3164586374941756,0.8415954217546657,True,converged
QD,124.6575185051294,124.6575185051294,100.0,1.34826059995868,0.8619260157062429,True,converged
QD,129.6969696969697,129.6969696969697,100.0,1.4027658842676525,0.8967705572887888,True,converged
QD,130.2991577758293,130.2991577758293,100.0,1.4092789808720727,0.9009342978937801,True,converged
QD,136.19612134659852,136.19612134659852,100.0,1.4730588774816193,0.941707982275351,True,converged
QD,137.67676767676767,137.67676767676767,100.0,1.4890731310411296,0.9519456928229122,True,converged
QD,142.3599644578695,142.3599644578695,100.0,1.5397252680123392,0.984326965855692,True,converged
QD,145.65656565656568,145.65656565656568,100.0,1.575380377814607,1.0071208283570356,True,converged
QD,148.80276530688454,148.80276530688454,100.0,1.6094087868427727,1.0288747615472278,True,converged
QD,153.63636363636365,153.63636363636365,100.0,1.661687624588084,1.062295963891159,True,converged
QD,155.53714871521072,155.53714871521072,100.0,1.6822459804861551,1.0754386618156095,True,converged
QD,161.61616161616163,161.61616161616163,100.0,1.747994871361561,1.1174710994252823,True,converged
QD,162.5763108673782,162.5763108673782,100.0,1.758379575156558,1.12410990973138,True,converged
QD,169.5959595959596,169.5959595959596,100.0,1.834302118135038,1.1726462349594056,True,converged
QD,169.93404516911767,169.93404516911767,100.0,1.8379587564443005,1.1749838777629393,True,converged
QD,177.5757575757576,177.5757575757576,100.0,1.9206093649085152,1.227821370493529,True,converged
QD,177.62476927586724,177.62476927586724,100.0,1.9211394616486657,1.2281602546611674,True,converged
QD,185.55555555555557,185.55555555555557,100.0,2.006916611681992,1.2829965060276523,True,converged
QD,185.66355334451134,185.66355334451134,100.0,2.008084685340748,1.283743240801904,True,converged
QD,193.53535353535355,193.53535353535355,100.0,2.0932238584554694,1.3381716415617755,True,converged
QD,194.06614956371152,194.06614956371152,100.0,2.0989647987551927,1.3418417523690627,True,converged
QD,201.51515151515153,201.51515151515153,100.0,2.1795311052289463,1.393346777095899,True,converged
QD,202.8490230206952,202.8490230206952,100.0,2.193957883636685,1.4025696347784864,True,converged
QD,207.0,207.0,100.0,2.238853681175779,1.4312709525326444,True,converged
QD,209.4949494949495,209.4949494949495,100.0,2.2658383520024232,1.4485219126300222,True,converged
QD,212.0293839649857,212.02938396498567,100.0,2.293250081195367,1.4660458857607481,True,converged
QD,217.4747474747475,217.4747474747475,100.0,2.3521455987759006,1.5036970481641454,True,converged
QD,221.62522153229574,221.62522153229574,100.0,2.3970359568549657,1.532394888540035,True,converged
QD,225.45454545454547,225.45454545454547,100.0,2.4384528455493775,1.5588721836982689,True,converged
QD,231.65533899466695,231.65533899466695,100.0,2.5055188815083724,1.6017466555660365,True,converged
QD,233.43434343434345,233.43434343434345,100.0,2.5247600923228544,1.614047319232392,True,converged
QD,241.41414141414143,241.41414141414143,100.0,2.6110673390963317,1.6692224547665153,True,converged
QD,242.1393906059288,242.1393906059288,100.0,2.618911430027747,1.6742370832764335,True,converged
QD,249.3939393939394,249.3939393939394,100.0,2.6973745858698086,1.7243975903006385,True,converged
QD,253.0979201146767,253.09792011467667,100.0,2.7374357978100345,1.7500082183892,True,converged
QD,257.3737373737374,257.3737373737374,100.0,2.783681832643286,1.7795727258347622,True,converged
QD,264.5524010202361,264.5524010202361,100.0,2.8613242361741382,1.8292085362465287,True,converged
QD,265.35353535353534,265.35353535353534,100.0,2.8699890794167624,1.834747861368885,True,converged
QD,273.33333333333337,273.33333333333337,100.0,2.95629632619024,1.8899229969030087,True,converged
QD,276.52527865049547,276.52527865049547,100.0,2.990819507462898,1.9119932317557948,True,converged
QD,281.31313131313135,281.31313131313135,100.0,3.042603572963717,1.9450981324371321,True,converged
QD,289.04001414406036,289.04001414406036,100.0,3.126175360741685,1.9985245234976727,True,converged
QD,289.29292929292933,289.29292929292933,100.0,3.1289108197371944,2.0002732679712554,True,converged
QD,297.2727272727273,297.2727272727273,100.0,3.2152180665106713,2.0554484035053786,True,converged
QD,302.1211304229127,302.1211304229127,100.0,3.2676570290257283,2.088971971597302,True,converged
QD,305.2525252525253,305.2525252525253,100.0,3.301525313284148,2.110623539039502,True,converged
QD,313.23232323232327,313.23232323232327,100.0,3.3878325600576256,2.165798674573625,True,converged
QD,315.79426024565987,315.79426024565987,100.0,3.41554174901052,2.183512809981388,True,converged
QD,321.21212121212125,321.21212121212125,100.0,3.4741398068311025,2.2209738101077487,True,converged
QD,329.1919191919192,329.1919191919192,100.0,3.5604470536045794,2.276148945641872,True,converged
QD,330.0861964355354,330.0861964355354,100.0,3.5701193043237187,2.282332293672301,True,converged
QD,337.1717171717172,337.1717171717172,100.0,3.6467543003780567,2.331324081175995,True,converged
QD,345.0249443815732,345.0249443815732,100.0,3.731692593363061,2.385624061799695,True,converged
QD,345.1515151515152,345.1515151515152,100.0,3.7330615471515336,2.3864992167101184,True,converged
QD,353.13131313131316,353.13131313131316,100.0,3.819368793925011,2.4416743522442417,True,converged
QD,360.63977691583415,360.63977691583415,100.0,3.900578222832981,2.4935905170409964,True,converged
QD,361.11111111111114,361.11111111111114,100.0,3.905676040698488,2.496849487778365,True,converged
QD,369.0909090909091,369.0909090909092,100.0,3.9919832874719647,2.5520246233124886,True,converged
QD,376.9612916742167,376.9612916742167,100.0,4.077107128142979,2.6064432222342613,True,converged
QD,377.0707070707071,377.0707070707071,100.0,4.078290534245442,2.607199758846612,True,converged
QD,385.0505050505051,385.0505050505051,100.0,4.1645977810189185,2.662374894380735,True,converged
QD,393.03030303030306,393.03030303030306,100.0,4.250905027792396,2.7175500299148583,True,converged
QD,394.02147105325275,394.02147105325275,100.0,4.261625221883433,2.7244033149405933,True,converged
QD,401.01010101010104,401.010101010101,100.0,4.337212274565873,2.7727251654489815,True,converged
QD,405.0,405.0,100.0,4.380365897952611,2.800312733216043,True,converged
QD,408.989898989899,408.989898989899,100.0,4.42351952133935,2.8279003009831047,True,converged
QD,411.8537448803745,411.8537448803745,100.0,4.454494071649549,2.8477019407684554,True,converged
QD,416.969696969697,416.969696969697,100.0,4.509826768112827,2.8830754365172284,True,converged
QD,424.949494949495,424.949494949495,100.0,4.596134014886304,2.9382505720513517,True,converged
QD,430.4930559204569,430.4930559204569,100.0,4.6560916085416695,2.9765807063089915,True,converged
QD,432.92929292929296,432.929292929293,100.0,4.682441261659782,2.993425707585475,True,converged
QD,440.90909090909093,440.90909090909093,100.0,4.768748508433259,3.048600843119598,True,converged
QD,448.8888888888889,448.8888888888889,100.0,4.8550557552067355,3.1037759786537213,True,converged
QD,449.9759283469966,449.9759283469966,100.0,4.866812867730252,3.1112921525698876,True,converged
QD,456.8686868686869,456.8686868686869,100.0,4.941363001980212,3.1589511141878446,True,converged
QD,464.8484848484849,464.8484848484848,100.0,5.027670248753689,3.2141262497219683,False,converged
QD,470.34053931209934,470.34053931209934,100.0,5.08707076253669,3.252100249835488,False,converged
QD,472.82828282828285,472.82828282828285,100.0,5.113977495527166,3.2693013852560915,False,converged
QD,480.80808080808083,480.80808080808083,100.0,5.200284742300644,3.3244765207902147,False,converged
QD,488.7878787878788,488.7878787878788,100.0,5.286591989074121,3.379651656324338,False,converged
QD,491.6267937555176,491.6267937555176,100.0,5.317296893546793,3.399280914922848,False,converged
QD,496.7676767676768,496.76767676767685,100.0,5.372899235847598,3.434826791858461,False,converged
QD,504.74747474747477,504.74747474747477,100.0,5.459206482621075,3.4900019273925844,False,converged
QD,512.7272727272727,512.7272727272727,100.0,5.545513729394552,3.545177062926708,False,converged
QD,513.8764025993297,513.8764025993297,100.0,5.557942394342397,3.5531225518473004,False,converged
QD,520.7070707070707,520.7070707070707,100.0,5.6318209761680285,3.600352198460831,False,converged
QD,528.6868686868687,528.6868686868687,100.0,5.718128222941506,3.6555273339949546,False,converged
QD,536.6666666666667,536.6666666666667,100.0,5.804435469714984,3.7107024695290782,False,converged
QD,537.1329644814842,537.1329644814842,100.0,5.809478815508357,3.71392661695699,False,converged
QD,544.6464646464647,544.6464646464647,100.0,5.89074271648846,3.765877605063201,False,converged
QD,552.6262626262627,552.6262626262627,100.0,5.977049963261938,3.8210527405973247,False,converged
QD,560.6060606060606,560.6060606060606,100.0,6.063357210035414,3.876227876131448,False,converged
QD,561.4420511883683,561.4420511883683,100.0,6.072399048647143,3.882008209643756,False,converged
QD,568.5858585858587,568.5858585858587,100.0,6.149664456808892,3.9314030116655716,False,converged
QD,576.5656565656566,576.5656565656566,100.0,6.2359717035823685,3.9865781471996944,False,converged
QD,584.5454545454546,584.5454545454546,100.0,6.322278950355846,4.041753282733818,False,converged
QD,586.8512969538073,586.8512969538073,100.0,6.34721829221165,4.057696689787891,False,converged
QD,592.5252525252525,592.5252525252525,100.0,6.408586197129322,4.096928418267941,False,converged
QD,600.5050505050506,600.5050505050506,100.0,6.4948934439028,4.152103553802065,False,converged
QD,608.4848484848485,608.4848484848485,100.0,6.581200690676277,4.207278689336188,False,converged
QD,613.4104917994798,613.4104917994798,100.0,6.6344750610488425,4.241336323146663,False,converged
QD,616.4646464646465,616.4646464646465,100.0,6.667507937449754,4.262453824870311,False,converged
QD,624.4444444444445,624.4444444444445,100.0,6.753815184223231,4.317628960404434,False,converged
QD,632.4242424242425,632.4242424242425,100.0,6.840122430996709,4.372804095938558,False,converged
QD,640.4040404040404,640.4040404040404,100.0,6.926429677770185,4.427979231472681,False,converged
QD,641.1716790996495,641.1716790996495,100.0,6.934732241632394,4.4332869559512575,False,converged
QD,648.3838383838385,648.3838383838385,100.0,7.012736924543662,4.483154367006804,False,converged
QD,656.3636363636364,656.3636363636364,100.0,7.099044171317139,4.538329502540927,False,converged
QD,664.3434343434344,664.3434343434344,100.0,7.185351418090617,4.593504638075051,False,converged
QD,670.1892575613957,670.1892575613957,100.0,7.248578195052141,4.633924720034031,False,converged
QD,672.3232323232323,672.3232323232323,100.0,7.271658664864093,4.648679773609174,False,converged
QD,680.3030303030304,680.3030303030304,100.0,7.357965911637571,4.703854909143297,False,converged
QD,688.2828282828283,688.2828282828283,100.0,7.444273158411047,4.759030044677421,False,converged
QD,696.2626262626263,696.2626262626263,100.0,7.530580405184525,4.814205180211545,False,converged
QD,700.5200878201738,700.5200878201737,100.0,7.576627909921624,4.843642769867786,False,converged
QD,704.2424242424242,704.2424242424244,100.0,7.6168876519580015,4.869380315745667,False,converged
QD,712.2222222222223,712.2222222222223,100.0,7.703194898731479,4.924555451279791,False,converged
QD,720.2020202020202,720.2020202020202,100.0,7.789502145504955,4.979730586813914,False,converged
QD,728.1818181818182,728.1818181818184,100.0,7.875809392278433,5.034905722348038,False,converged
QD,732.2236038595838,732.2236038595838,100.0,7.919524207462921,5.062852052961315,False,converged
QD,736.1616161616162,736.1616161616162,100.0,7.962116639051909,5.09008085788216,False,converged
QD,744.1414141414142,744.1414141414142,100.0,8.048423885825388,5.145255993416284,False,converged
QD,752.1212121212121,752.1212121212121,100.0,8.134731132598864,5.200431128950407,False,converged
QD,760.1010101010102,760.1010101010102,100.0,8.221038379372342,5.2556062644845305,False,converged
QD,765.3619294736754,765.3619294736754,100.0,8.277939001130122,5.291982115120821,False,converged
QD,768.0808080808081,768.080808080808,100.0,8.307345626145818,5.310781400018653,False,converged
QD,776.0606060606061,776.0606060606061,100.0,8.393652872919295,5.365956535552777,False,converged
QD,784.040404040404,784.040404040404,100.0,8.479960119692771,5.421131671086901,False,converged
QD,792.0202020202021,792.020202020202,100.0,8.56626736646625,5.476306806621024,False,converged
QD,800.0,800.0,100.0,8.652574613239725,5.531481942155147,False,converged
BID,10.0,20.0,0.0,0.18680883882641897,0.1481256630979354,False,converged
BID,10.452571119524391,20.905142239048782,0.0,0.19526326735889135,0.15482940281578794,False,converged
BID,10.925624300871537,21.851248601743077,0.0,0.20410031890995173,0.16183653443255133,False,converged
BID,11.420086503006369,22.840173006012737,0.0,0.21333730989238792,0.16916078858936007,False,converged
BID,11.936926636379466,23.873853272758932,0.0,0.2229923404098199,0.1768165173365116,False,converged
BID,12.477157461530144,24.95431492306029,6.661065497100121,0.23308432972428353,0.1848187222566505,False,converged
BID,13.0,26.0,12.670896098670871,0.24285149047434465,0.19256336202731603,False,converged
BID,13.041837573614824,26.083675147229645,13.247448509852964,0.24363305332897467,0.1931830838607265,False,converged
BID,13.632073476749436,27.26414695349887,25.334914909770585,0.25465918169879864,0.2019259923143288,False,converged
BID,14.0,28.0,39.62713434340856,0.26153237435698656,0.20737592833710958,False,converged
BID,14.249021752230561,28.498043504461123,51.92636843391361,0.2661843207946577,0.21106457955460572,False,converged
BID,14.893891324883999,29.787782649768,85.0752163786182,0.27823105440084545,0.220616752860703,False,converged
BID,15.0,30.0,90.44273777756887,0.28021325823962845,0.2221884946469031,True,converged
BID,15.567945831981735,31.135891663963474,100.0,0.2908229883785097,0.23060122994350343,True,converged
BID,16.0,32.0,100.0,0.29889414212227033,0.23700106095669665,True,converged
BID,16.272506099369238,32.545012198738476,100.0,0.3039847969218987,0.24103757562342668,True,converged
BID,17.0,34.0,100.0,0.3175750260049122,0.2518136272664902,True,converged
BID,17.00895272965514,34.01790545931028,100.0,0.3177422709080326,0.2519462401681606,True,converged
BID,17.778728807534897,35.557457615069794,100.0,0.33212236843453985,0.2633485993654473,True,converged
BID,17.97979797979798,35.95959595959596,100.0,0.33587851829396537,0.26632694981244953,True,converged
BID,18.583342727549557,37.16668545509911,100.0,0.347153267644691,0.27526699640944735,True,converged
BID,19.42437114982081,38.84874229964162,100.0,0.36286442194314183,0.2877247856827614,True,converged
BID,20.303462089553978,40.606924179107956,100.0,0.37928661771057964,0.3007463785198976,True,converged
BID,21.222338146363025,42.44467629272605,100.0,0.3964520346303693,0.3143572910418633,True,converged
BID,22.0,44.0,100.0,0.4109794454181217,0.3258764588154579,True,converged
BID,22.182799879745495,44.365599759491,100.0,0.4143943087454082,0.32858419415561035,True,converged
BID,23.18672933732169,46.37345867464338,100.0,0.43314859836875275,0.3434549658163128,True,converged
BID,24.23609374275176,48.47218748550352,100.0,0.45275165297716946,0.35899874565488277,True,converged
BID,25.332949350557282,50.665898701114564,100.0,0.473241885222609,0.37524599207777093,True,converged
BID,25.95959595959596,51.91919191919192,100.0,0.4849481977615118,0.3845282365269636,True,converged
BID,26.479445475400922,52.958890950801845,100.0,0.49465944620271196,0.3922285419509387,True,converged
BID,27.677828703719648,55.35565740743929,100.0,0.5170463041378396,0.4099796729849543,True,converged
BID,28.93044729596432,57.86089459192865,100.0,0.5404463266088007,0.42853416894345875,True,converged
BID,30.239755788071914,60.47951157614383,100.0,0.5649053665164196,0.44792838780277827,True,converged
BID,31.608319801187104,63.21663960237421,100.0,0.5904713519313869,0.46820033299624414,True,converged
BID,33.03882106905794,66.07764213811588,100.0,0.6171943800104539,0.48938972788282464,True,converged
BID,33.93939393939394,67.87878787878788,100.0,0.6340178772290582,0.5027295232414777,True,converged
BID,34.0,68.0,100.0,0.6351500520098244,0.5036272545329804,True,converged
BID,34.5340626929569,69.0681253859138,100.0,0.6451268151630034,0.5115380935859913,True,converged
BID,36.0969746344246,72.1939492688492,100.0,0.6743233916603558,0.5346888303553498,True,converged
BID,37.73061945659911,75.46123891319822,100.0,0.704841320888877,0.5588873026104606,True,converged
BID,39.438198325381286,78.87639665076257,100.0,0.7367404034570498,0.5841809278334988,True,converged
BID,41.22305728219556,82.44611456439112,100.0,0.7700831463761907,0.6106192694849393,True,converged
BID,41.91919191919192,83.83838383838383,100.0,0.7830875566966047,0.6209308099559918,True,converged
BID,43.08869380063769,86.17738760127538,100.0,0.8049348855444245,0.6382541341243356,True,converged
BID,45.03876363985752,90.07752727971506,100.0,0.8413639137739323,0.6671396729265078,True,converged
BID,47.077088008105996,94.15417601621199,100.0,0.8794416146123414,0.6973324877920564,True,converged
BID,49.20766105048367,98.41532210096734,100.0,0.9192426022204858,0.7288917422601343,True,converged
BID,49.8989898989899,99.7979797979798,100.0,0.9321572361641512,0.7391320966705061,True,converged
BID,51.43465767556309,102.86931535112619,100.0,0.9608448675806298,0.7618792774408095,True,converged
BID,53.762441736221426,107.52488347244285,100.0,1.0043299313216527,0.7963597331941916,True,converged
BID,56.19557458071408,112.39114916142815,100.0,1.0497830034606623,0.8324006747937757,True,converged
BID,57.87878787878788,115.75757575757576,100.0,1.0812269156316976,0.8573333833850202,True,converged
BID,58.7388239907451,117.4776479814902,100.0,1.0972931503740493,0.8700727253222034,True,converged
BID,59.0,118.0,100.0,1.1021721490758718,0.8739414122778189,True,converged
BID,61.39717352404887,122.79434704809773,100.0,1.1469534693251722,0.9094497040588742,True,converged
BID,64.17583227979007,128.35166455958014,100.0,1.1988612708906599,0.9506087711305792,True,converged
BID,65.85858585858585,131.7171717171717,100.0,1.230296595099244,0.9755346700995341,True,converged
BID,67.08024510591748,134.16049021183497,100.0,1.2531182696428018,0.9936305787086064,True,converged
BID,70.11610326847304,140.23220653694608,100.0,1.3098307834616727,1.0385994290485885,True,converged
BID,73.2893556037631,146.5787112075262,100.0,1.3691099418675485,1.0856034396827796,True,converged
BID,73.83838383838383,147.67676767676767,100.0,1.3793662745667905,1.0937359568140483,True,converged
BID,76.60622017524473,153.21244035048946,100.0,1.4310719037818458,1.1347347160884562,True,converged
BID,80.07319645796898,160.14639291593795,100.0,1.4958380851432909,1.1860895321707907,True,converged
BID,81.81818181818183,163.63636363636365,100.0,1.528435954034337,1.2119372435285625,True,converged
BID,83.69707807445693,167.39415614891385,100.0,1.5635353968253427,1.2397685189138603,True,converged
BID,87.48496610696465,174.9699322139293,100.0,1.6342964933210684,1.2958768615694543,True,converged
BID,89.7979797979798,179.5959595959596,100.0,1.6775056335018836,1.3301385302430766,True,converged
BID,91.4442830122229,182.8885660244458,100.0,1.7082600326827788,1.3545245057700788,True,converged
BID,95.58278716591758,191.16557433183516,100.0,1.7855709482257804,1.415826372970037,True,converged
BID,97.77777777777779,195.55555555555557,100.0,1.82657531296943,1.4483398169575907,True,converged
BID,99.90858806541166,199.81717613082333,100.0,1.8663807325286572,1.4799025856367578,True,converged
BID,104.43016222049812,208.86032444099624,100.0,1.950847734286582,1.5468787026336246,True,converged
BID,105.75757575757576,211.51515151515153,100.0,1.9756449924369763,1.5665411036721049,True,converged
BID,108.0,216.0,100.0,2.017535459325325,1.5997571614577024,True,converged
BID,109.15636976332269,218.31273952664537,100.0,2.0391374685993537,1.61688596525556,True,converged
BID,113.73737373737374,227.4747474747475,100.0,2.1247146719045227,1.684742390386619,True,converged
BID,114.09647181002322,228.19294362004644,100.0,2.1314229413021684,1.6900615543994584,True,converged
BID,119.26014860810776,238.52029721621548,100.0,2.2278849879746776,1.766548859373428,True,converged
BID,121.71717171717172,243.43434343434345,100.0,2.2737843513720692,1.8029436771011331,True,converged
BID,124.6575185051294,249.3150370102588,100.0,2.328712628292606,1.8464977588715445,True,converged
BID,129.6969696969697,259.3939393939394,100.0,2.4228540308396154,1.921144963815647,True,converged
BID,130.2991577758293,260.5983155516586,100.0,2.4341034364163026,1.930064914664722,True,converged
BID,136.19612134659852,272.39224269319703,100.0,2.544263928142012,2.0174140785831782,True,converged
BID,137.67676767676767,275.35353535353534,100.0,2.571923710307162,2.039346250530161,True,converged
BID,142.3599644578695,284.719928915739,100.0,2.6594099655744876,2.1087164133920435,True,converged
BID,145.65656565656568,291.31313131313135,100.0,2.720993389774709,2.1575475372446755,True,converged
BID,148.80276530688454,297.6055306137691,100.0,2.779767180113924,2.204150828188873,True,converged
BID,153.63636363636365,307.2727272727273,100.0,2.870063069242255,2.27574882395919,True,converged
BID,155.53714871521072,311.07429743042144,100.0,2.9055714145860554,2.303904328980278,True,converged
BID,161.61616161616163,323.23232323232327,100.0,3.0191327487098016,2.393950110673704,True,converged
BID,162.5763108673782,325.1526217347564,100.0,3.037069185381784,2.4081723851246477,True,converged
BID,169.5959595959596,339.1919191919192,100.0,3.168202428177348,2.512151397388218,True,converged
BID,169.93404516911767,339.86809033823533,100.0,3.1745181655119104,2.517159312359006,True,converged
BID,177.5757575757576,355.1515151515152,100.0,3.3172721076448943,2.630352684102732,True,converged
BID,177.62476927586724,355.2495385517345,100.0,3.318187689523534,2.631078673160562,True,converged
BID,185.55555555555557,371.11111111111114,100.0,3.466341787112441,2.748553970817246,True,converged
BID,185.66355334451134,371.3271066890227,100.0,3.4683592812675057,2.7501536952274646,True,converged
BID,193.53535353535355,387.0707070707071,100.0,3.6154114665799875,2.8667552575317603,True,converged
BID,194.06614956371152,388.13229912742304,100.0,3.6253272055511103,2.874617708898788,True,converged
BID,201.51515151515153,403.03030303030306,100.0,3.764481146047534,2.984956544246274,True,converged
BID,202.8490230206952,405.6980460413904,100.0,3.78939904475696,3.004714604370884,True,converged
BID,207.0,414.0,100.0,3.8669429637068724,3.066201226127263,True,converged
BID,209.4949494949495,418.989898989899,100.0,3.91355082551508,3.1031578309607886,True,converged
BID,212.0293839649857,424.05876792997134,100.0,3.9608963015579914,3.140699309606026,True,converged
BID,217.4747474747475,434.949494949495,100.0,4.062620504982626,3.2213591176753025,True,converged
BID,221.62522153229574,443.2504430645915,100.0,4.140155028909603,3.282838289869814,True,converged
BID,225.45454545454547,450.90909090909093,100.0,4.211690184450173,3.339560404389817,True,converged
BID,231.65533899466695,463.3106779893339,100.0,4.327526488553419,3.4314100698762053,True,converged
BID,233.43434343434345,466.8686868686869,100.0,4.360759863917719,3.4577616911043307,True,converged
BID,241.41414141414143,482.82828282828285,100.0,4.509829543385266,3.5759629778188446,True,converged
BID,242.1393906059288,484.2787812118576,100.0,4.523377839323026,3.5867057795633195,True,converged
BID,249.3939393939394,498.7878787878788,100.0,4.6588992228528125,3.694164264533359,True,converged
BID,253.0979201146767,506.19584022935334,100.0,4.72809285660045,3.749029724569477,True,converged
BID,257.3737373737374,514.7474747474748,100.0,4.80796890232036,3.8123655512478734,True,converged
BID,264.5524010202361,529.1048020404722,100.0,4.942072684333144,3.9186999825273396,True,converged
BID,265.35353535353534,530.7070707070707,100.0,4.957038581787905,3.930566837962387,True,converged
BID,273.33333333333337,546.6666666666667,100.0,5.106108261255453,4.048768124676902,False,converged
BID,276.52527865049547,553.0505573009909,100.0,5.1657366210851,4.0960490263446,False,converged
BID,281.31313131313135,562.6262626262627,100.0,5.255177940722999,4.166969411391416,False,converged
BID,289.04001414406036,578.0800282881207,100.0,5.3995229416623625,4.281424375692557,False,converged
BID,289.29292929292933,578.5858585858587,100.0,5.404247620190545,4.28517069810593,False,converged
BID,297.2727272727273,594.5454545454546,100.0,5.553317299658092,4.403371984820444,False,converged
BID,302.1211304229127,604.2422608458254,100.0,5.64388975592294,4.475189277979177,False,converged
BID,305.2525252525253,610.5050505050506,100.0,5.702386979125638,4.521573271534958,False,converged
BID,313.23232323232327,626.4646464646465,100.0,5.851456658593184,4.6397745582494725,False,converged
BID,315.79426024565987,631.5885204913197,100.0,5.8993159064539675,4.677723420141035,False,converged
BID,321.21212121212125,642.4242424242425,100.0,6.000526338060731,4.757975844963986,False,converged
BID,329.1919191919192,658.3838383838385,100.0,6.149596017528277,4.8761771316785,False,converged
BID,330.0861964355354,660.1723928710708,100.0,6.16630190687516,4.889423672648904,False,converged
BID,337.1717171717172,674.3434343434344,100.0,6.2986656969958235,4.994378418393015,False,converged
BID,345.0249443815732,690.0498887631464,100.0,6.445370922607148,5.110704867184881,False,converged
BID,345.1515151515152,690.3030303030304,100.0,6.4477353764633705,5.112579705107529,False,converged
BID,353.13131313131316,706.2626262626263,100.0,6.596805055930917,5.2307809918220425,False,converged
BID,360.63977691583415,721.2795538316683,100.0,6.737069796026575,5.342000609514943,False,converged
BID,361.11111111111114,722.2222222222223,100.0,6.745874735398463,5.348982278536557,False,converged
BID,369.0909090909091,738.1818181818184,100.0,6.89494441486601,5.467183565251071,False,converged
BID,376.9612916742167,753.9225833484334,100.0,7.041970118016745,5.583764129149758,False,converged
BID,377.0707070707071,754.1414141414142,100.0,7.044014094333556,5.585384851965585,False,converged
BID,385.0505050505051,770.1010101010102,100.0,7.193083773801102,5.703586138680099,False,converged
BID,393.03030303030306,786.0606060606061,100.0,7.342153453268649,5.821787425394613,False,converged
BID,394.02147105325275,788.0429421065055,100.0,7.36066934801356,5.836469167458702,False,converged
BID,401.01010101010104,802.020202020202,100.0,7.491223132736195,5.939988712109128,False,converged
BID,405.0,810.0,100.0,7.565757972469968,5.999089355466384,False,converged
BID,408.989898989899,817.979797979798,100.0,7.640292812203741,6.058189998823641,False,converged
BID,411.8537448803745,823.707489760749,100.0,7.6937919847414955,6.100610905977339,False,converged
BID,416.969696969697,833.939393939394,100.0,7.789362491671288,6.1763912855381555,False,converged
BID,424.949494949495,849.89898989899,100.0,7.938432171138834,6.29459257225267,False,converged
BID,430.4930559204569,860.9861118409138,100.0,8.04199078993372,6.376706936727427,False,converged
BID,432.92929292929296,865.858585858586,100.0,8.087501850606381,6.412793858967183,False,converged
BID,440.90909090909093,881.8181818181819,100.0,8.236571530073928,6.530995145681698,False,converged
BID,448.8888888888889,897.7777777777778,100.0,8.385641209541474,6.649196432396212,False,converged
BID,449.9759283469966,899.9518566939932,100.0,8.405948067434235,6.665298276450795,False,converged
BID,456.8686868686869,913.7373737373738,100.0,8.53471088900902,6.767397719110726,False,converged
BID,464.8484848484849,929.6969696969696,100.0,8.683780568476566,6.88559900582524,False,converged
BID,470.34053931209934,940.6810786241987,100.0,8.786377000188494,6.9669504267445275,False,converged
BID,472.82828282828285,945.6565656565657,100.0,8.832850247944114,7.003800292539754,False,converged
BID,480.80808080808083,961.6161616161617,100.0,8.98191992741166,7.122001579254269,False,converged
BID,488.7878787878788,977.5757575757576,100.0,9.130989606879206,7.240202865968783,False,converged
BID,491.6267937555176,983.2535875110352,100.0,9.184023047742361,7.282254482174798,False,converged
BID,496.7676767676768,993.5353535353537,100.0,9.280059286346752,7.358404152683296,False,converged
BID,504.74747474747477,1009.4949494949495,100.0,9.429128965814298,7.476605439397811,False,converged
BID,512.7272727272727,1025.4545454545455,100.0,9.578198645281844,7.594806726112325,False,converged
BID,513.8764025993297,1027.7528051986594,100.0,9.599665406987816,7.611828288540734,False,converged
BID,520.7070707070707,1041.4141414141413,100.0,9.72726832474939,7.713008012826838,False,converged
BID,528.6868686868687,1057.3737373737374,100.0,9.876338004216938,7.831209299541353,False,converged
BID,536.6666666666667,1073.3333333333335,100.0,10.025407683684486,7.949410586255868,False,converged
BID,537.1329644814842,1074.2659289629685,100.0,10.03411853901782,7.956317653557964,False,converged
BID,544.6464646464647,1089.2929292929293,100.0,10.17447736315203,8.067611872970382,False,converged
BID,552.6262626262627,1105.2525252525254,100.0,10.323547042619579,8.185813159684896,False,converged
BID,560.6060606060606,1121.2121212121212,100.0,10.472616722087123,8.30401444639941,False,converged
BID,561.4420511883683,1122.8841023767366,100.0,10.488233765082196,8.316397612334205,False,converged
BID,568.5858585858587,1137.1717171717173,100.0,10.62168640155467,8.422215733113925,False,converged
BID,576.5656565656566,1153.1313131313132,100.0,10.770756081022217,8.540417019828437,False,converged
BID,584.5454545454546,1169.0909090909092,100.0,10.919825760489765,8.658618306542953,False,converged
BID,586.8512969538073,1173.7025939076145,100.0,10.962900934771872,8.69277375011661,False,converged
BID,592.5252525252525,1185.050505050505,100.0,11.06889543995731,8.776819593257466,False,converged
BID,600.5050505050506,1201.0101010101012,100.0,11.217965119424857,8.89502087997198,False,converged
BID,608.4848484848485,1216.969696969697,100.0,11.367034798892403,9.013222166686495,False,converged
BID,613.4104917994798,1226.8209835989596,100.0,11.459050169700342,9.086183584902862,False,converged
BID,616.4646464646465,1232.929292929293,100.0,11.51610447835995,9.131423453401009,False,converged
BID,624.4444444444445,1248.888888888889,100.0,11.665174157827495,9.249624740115522,False,converged
BID,632.4242424242425,1264.848484848485,100.0,11.814243837295043,9.367826026830038,False,converged
BID,640.4040404040404,1280.8080808080808,100.0,11.963313516762588,9.48602731354455,False,converged
BID,641.1716790996495,1282.343358199299,100.0,11.977653686099083,9.497398012625224,False,converged
BID,648.3838383838385,1296.767676767677,100.0,12.112383196230136,9.604228600259065,False,converged
BID,656.3636363636364,1312.7272727272727,100.0,12.261452875697682,9.722429886973579,False,converged
BID,664.3434343434344,1328.6868686868688,100.0,12.410522555165228,9.840631173688093,False,converged
BID,670.1892575613957,1340.3785151227914,100.0,12.519727699898416,9.927222817739477,False,converged
BID,672.3232323232323,1344.6464646464647,100.0,12.559592234632774,9.958832460402608,False,converged
BID,680.3030303030304,1360.6060606060607,100.0,12.708661914100322,10.077033747117122,False,converged
BID,688.2828282828283,1376.5656565656566,100.0,12.857731593567866,10.195235033831635,False,converged
BID,696.2626262626263,1392.5252525252527,100.0,13.006801273035414,10.31343632054615,False,converged
BID,700.5200878201738,1401.0401756403473,100.0,13.08633441802677,10.376500252178719,False,converged
BID,704.2424242424242,1408.4848484848487,100.0,13.15587095250296,10.431637607260663,False,converged
BID,712.2222222222223,1424.4444444444446,100.0,13.304940631970506,10.549838893975178,False,converged
BID,720.2020202020202,1440.4040404040404,100.0,13.454010311438052,10.668040180689692,False,converged
BID,728.1818181818182,1456.3636363636367,100.0,13.6030799909056,10.786241467404206,False,converged
BID,732.2236038595838,1464.4472077191676,100.0,13.678584119830465,10.846110685766083,False,converged
BID,736.1616161616162,1472.3232323232323,100.0,13.752149670373145,10.904442754118719,False,converged
BID,744.1414141414142,1488.2828282828284,100.0,13.901219349840693,11.022644040833235,False,converged
BID,752.1212121212121,1504.2424242424242,100.0,14.050289029308239,11.140845327547748,False,converged
BID,760.1010101010102,1520.2020202020203,100.0,14.199358708775785,11.259046614262262,False,converged
BID,765.3619294736754,1530.723858947351,100.0,14.297637332692487,11.336974331320345,False,converged
BID,768.0808080808081,1536.161616161616,100.0,14.348428388243331,11.377247900976776,False,converged
BID,776.0606060606061,1552.1212121212122,100.0,14.497498067710879,11.49544918769129,False,converged
BID,784.040404040404,1568.080808080808,100.0,14.646567747178423,11.613650474405805,False,converged
BID,792.0202020202021,1584.040404040404,100.0,14.795637426645971,11.73185176112032,False,converged
BID,800.0,1600.0,100.0,14.944707106113517,11.850053047834832,False,converged
