P_total_nM,replicate,raw_RLU,background_RLU,untreated_signal_RLU,degradation_pct,is_rising_limb
0.001,1,100590.4625453614,500,100000,-0.09046254536140275,True
0.001,2,99094.23375085773,500,100000,1.4057662491422707,True
0.001,3,105995.66257689931,500,100000,-5.495662576899307,True
0.001122018454301963,1,99362.20602447746,500,100000,1.1377939755225386,True
0.001122018454301963,2,101413.69639957082,500,100000,-0.913696399570818,True
0.001122018454301963,3,98569.83655566853,500,100000,1.9301634443314675,True
0.0012589254117941675,1,95877.91531467649,500,100000,4.622084685323513,True
0.0012589254117941675,2,101614.85007837701,500,100000,-1.1148500783770166,True
0.0012589254117941675,3,100747.47885487077,500,100000,-0.24747885487077514,True
0.001412537544622754,1,101866.33220813218,500,100000,-1.3663322081321816,True
0.001412537544622754,2,98443.43373402538,500,100000,2.056566265974613,True
0.001412537544622754,3,102456.1086403081,500,100000,-1.9561086403081074,True
0.001584893192461114,1,101271.81074636056,500,100000,-0.7718107463605461,True
0.001584893192461114,2,103770.617395662,500,100000,-3.270617395662012,True
0.001584893192461114,3,98986.35706021398,500,100000,1.5136429397860196,True
0.0017782794100389228,1,102223.60486320683,500,100000,-1.723604863206818,True
0.0017782794100389228,2,102440.07112787262,500,100000,-1.9400711278726224,True
0.0017782794100389228,3,106122.35421397528,500,100000,-5.622354213975278,True
0.001995262314968879,1,97264.9929874994,500,100000,3.2350070125006014,True
0.001995262314968879,2,100485.07630582032,500,100000,0.014923694179680425,True
0.001995262314968879,3,97757.76457876267,500,100000,2.7422354212373268,True
0.00223872113856834,1,94927.01156297483,500,100000,5.572988437025172,True
0.00223872113856834,2,102924.16080687319,500,100000,-2.424160806873177,True
0.00223872113856834,3,97890.54441998129,500,100000,2.6094555800187047,True
0.0025118864315095794,1,97311.82198199313,500,100000,3.188178018006871,True
0.0025118864315095794,2,98211.26823681085,500,100000,2.2887317631891446,True
0.0025118864315095794,3,98789.40895453855,500,100000,1.7105910454614515,True
0.002818382931264455,1,98277.93406176862,500,100000,2.2220659382313768,True
0.002818382931264455,2,103182.38986606563,500,100000,-2.6823898660656376,True
0.002818382931264455,3,93862.53032511918,500,100000,6.637469674880824,True
0.0031622776601683794,1,99647.36298265403,500,100000,0.8526370173459696,True
0.0031622776601683794,2,97983.42431054024,500,100000,2.5165756894597546,True
0.0031622776601683794,3,102869.83139676189,500,100000,-2.369831396761879,True
0.0035481338923357532,1,98030.47560224702,500,100000,2.4695243977529757,True
0.0035481338923357532,2,107204.47353148159,500,100000,-6.704473531481581,True
0.0035481338923357532,3,99742.63432536741,500,100000,0.7573656746325819,True
0.003981071705534973,1,103974.01459723199,500,100000,-3.474014597231978,True
0.003981071705534973,2,103189.92634344837,500,100000,-2.689926343448379,True
0.003981071705534973,3,98254.54866483274,500,100000,2.24545133516727,True
0.0044668359215096305,1,104165.18207749342,500,100000,-3.665182077493423,True
0.0044668359215096305,2,102924.60947515447,500,100000,-2.424609475154482,True
0.0044668359215096305,3,105066.447160347,500,100000,-4.566447160346998,True
0.005011872336272725,1,100895.29480676973,500,100000,-0.3952948067697193,True
0.005011872336272725,2,105596.19582588301,500,100000,-5.09619582588301,True
0.005011872336272725,3,102786.14674751929,500,100000,-2.286146747519302,True
0.005623413251903491,1,98909.10754535951,500,100000,1.5908924546404912,True
0.005623413251903491,2,100412.48272484496,500,100000,0.08751727515504681,True
0.005623413251903491,3,101154.3542450161,500,100000,-0.6543542450160977,True
0.00630957344480193,1,103106.9945798752,500,100000,-2.6069945798752103,True
0.00630957344480193,2,98859.53709229741,500,100000,1.640462907702589,True
0.00630957344480193,3,103135.8455476589,500,100000,-2.6358455476588993,True
0.00707945784384138,1,99286.10395048177,500,100000,1.213896049518226,True
0.00707945784384138,2,101372.02934641526,500,100000,-0.8720293464152595,True
0.00707945784384138,3,96710.15005068805,500,100000,3.789849949311941,True
0.007943282347242814,1,100212.31598568558,500,100000,0.2876840143144266,True
0.007943282347242814,2,98969.17021680724,500,100000,1.5308297831927664,True
0.007943282347242814,3,103407.14901139212,500,100000,-2.9071490113921072,True
0.008912509381337459,1,102955.57214691829,500,100000,-2.4555721469182945,True
0.008912509381337459,2,98368.13264865681,500,100000,2.1318673513431863,True
0.008912509381337459,3,95649.51283738733,500,100000,4.850487162612671,True
0.01,1,97051.34605117321,500,100000,3.4486539488267853,True
0.01,2,101850.41650110565,500,100000,-1.3504165011056557,True
0.01,3,100720.42916907962,500,100000,-0.22042916907962784,True
0.011220184543019636,1,97440.88718376946,500,100000,3.059112816230536,True
0.011220184543019636,2,103377.33200676578,500,100000,-2.877332006765787,True
0.011220184543019636,3,99792.59861809331,500,100000,0.7074013819066916,True
0.012589254117941675,1,99597.94831046904,500,100000,0.9020516895309583,True
0.012589254117941675,2,98255.69179169342,500,100000,2.244308208306578,True
0.012589254117941675,3,106031.17852809359,500,100000,-5.531178528093594,True
0.014125375446227547,1,99029.30944450272,500,100000,1.4706905554972782,True
0.014125375446227547,2,101159.61710905758,500,100000,-0.6596171090575753,True
0.014125375446227547,3,99813.83525045462,500,100000,0.6861647495453815,True
0.01584893192461114,1,98919.41815762252,500,100000,1.580581842377471,True
0.01584893192461114,2,99587.07277388741,500,100000,0.912927226112592,True
0.01584893192461114,3,106397.1118254223,500,100000,-5.8971118254222965,True
0.01778279410038923,1,102992.84001897322,500,100000,-2.4928400189732303,True
0.01778279410038923,2,97379.4980348175,500,100000,3.1205019651824983,True
0.01778279410038923,3,96138.59992529463,500,100000,4.361400074705369,True
0.0199526231496888,1,100490.66603696792,500,100000,0.009333963032087667,True
0.0199526231496888,2,92913.0013897197,500,100000,7.586998610280293,True
0.0199526231496888,3,102552.16602133235,500,100000,-2.052166021332358,True
0.0223872113856834,1,98576.75514030553,500,100000,1.923244859694473,True
0.0223872113856834,2,105112.39497998999,500,100000,-4.6123949799899755,True
0.0223872113856834,3,99305.19815575652,500,100000,1.1948018442434871,True
0.025118864315095808,1,98781.19432336661,500,100000,1.7188056766333948,True
0.025118864315095808,2,98370.19259618605,500,100000,2.1298074038139436,True
0.025118864315095808,3,104137.99555858123,500,100000,-3.6379955585812196,True
0.02818382931264455,1,101397.24134231595,500,100000,-0.8972413423159464,True
0.02818382931264455,2,105557.84848505983,500,100000,-5.057848485059835,True
0.02818382931264455,3,95765.941608151,500,100000,4.734058391849006,True
0.03162277660168379,1,96798.78649930492,500,100000,3.7012135006950886,True
0.03162277660168379,2,98700.166280294,500,100000,1.799833719706001,True
0.03162277660168379,3,101869.58795409229,500,100000,-1.3695879540922995,True
0.03548133892335755,1,96065.36706729235,500,100000,4.4346329327076495,True
0.03548133892335755,2,102445.63955501039,500,100000,-1.9456395550103922,True
0.03548133892335755,3,98705.42092821765,500,100000,1.794579071782354,True
0.039810717055349734,1,98074.34762052713,500,100000,2.4256523794728757,True
0.039810717055349734,2,102870.57443363513,500,100000,-2.370574433635131,True
0.039810717055349734,3,99709.5570931988,500,100000,0.790442906801192,True
0.04466835921509633,1,102023.87446737337,500,100000,-1.523874467373365,True
0.04466835921509633,2,100330.58740140303,500,100000,0.1694125985969741,True
0.04466835921509633,3,105941.79993229739,500,100000,-5.4417999322973865,True
0.05011872336272725,1,95969.20909681135,500,100000,4.530790903188652,True
0.05011872336272725,2,100988.27902870892,500,100000,-0.4882790287089156,True
0.05011872336272725,3,100525.86294884,500,100000,-0.025862948839994182,True
0.05623413251903491,1,100855.88302839984,500,100000,-0.3558830283998393,True
0.05623413251903491,2,100072.13698548717,500,100000,0.4278630145128304,True
0.05623413251903491,3,96679.66120185058,500,100000,3.820338798149414,True
0.06309573444801933,1,100315.96029820255,500,100000,0.1840397017974449,True
0.06309573444801933,2,95798.00247784884,500,100000,4.701997522151158,True
0.06309573444801933,3,94105.45690365297,500,100000,6.394543096347027,True
0.0707945784384138,1,103440.81374006765,500,100000,-2.9408137400676493,True
0.0707945784384138,2,100879.72256313838,500,100000,-0.3797225631383849,True
0.0707945784384138,3,92349.85616380912,500,100000,8.150143836190882,True
0.07943282347242818,1,98927.86423270848,500,100000,1.572135767291516,True
0.07943282347242818,2,94317.44281029154,500,100000,6.18255718970846,True
0.07943282347242818,3,98817.54854656695,500,100000,1.6824514534330537,True
0.08912509381337459,1,97961.89193781946,500,100000,2.538108062180544,True
0.08912509381337459,2,101561.27670612257,500,100000,-1.0612767061225714,True
0.08912509381337459,3,103548.35306172313,500,100000,-3.0483530617231303,True
0.1,1,92901.34033515154,500,100000,7.598659664848451,True
0.1,2,103461.6221895498,500,100000,-2.9616221895498063,True
0.1,3,95298.08814563666,500,100000,5.201911854363339,True
0.11220184543019641,1,95955.72242651125,500,100000,4.544277573488753,True
0.11220184543019641,2,104915.27150106314,500,100000,-4.415271501063134,True
0.11220184543019641,3,94082.27634570908,500,100000,6.417723654290919,True
0.12589254117941676,1,91580.16910869766,500,100000,8.919830891302338,True
0.12589254117941676,2,95419.28727449196,500,100000,5.080712725508041,True
0.12589254117941676,3,98771.07379209975,500,100000,1.7289262079002499,True
0.1412537544622754,1,97101.81657058325,500,100000,3.3981834294167457,True
0.1412537544622754,2,101702.93712903967,500,100000,-1.2029371290396718,True
0.1412537544622754,3,99733.82753586966,500,100000,0.7661724641303436,True
0.15848931924611143,1,94710.70886055681,500,100000,5.789291139443186,True
0.15848931924611143,2,99104.54876441801,500,100000,1.3954512355819904,True
0.15848931924611143,3,96379.23267216464,500,100000,4.120767327835361,True
0.1778279410038923,1,93519.50584561554,500,100000,6.9804941543844645,True
0.1778279410038923,2,95527.10127766203,500,100000,4.972898722337971,True
0.1778279410038923,3,95428.09156842416,500,100000,5.071908431575833,True
0.19952623149688808,1,94817.4789013091,500,100000,5.682521098690896,True
0.19952623149688808,2,94654.6938368161,500,100000,5.845306163183894,True
0.19952623149688808,3,97891.14632882003,500,100000,2.608853671179967,True
0.223872113856834,1,93030.45351463927,500,100000,7.469546485360723,True
0.223872113856834,2,94382.2893111769,500,100000,6.117710688823108,True
0.223872113856834,3,95795.1992895755,500,100000,4.7048007104245055,True
0.25118864315095824,1,95906.96210890838,500,100000,4.5930378910916225,True
0.25118864315095824,2,99002.26481641058,500,100000,1.4977351835894215,True
0.25118864315095824,3,95674.67748966429,500,100000,4.825322510335706,True
0.2818382931264455,1,94330.71805291824,500,100000,6.169281947081762,True
0.2818382931264455,2,96186.91587023673,500,100000,4.313084129763267,True
0.2818382931264455,3,92536.12267914045,500,100000,7.963877320859547,True
0.31622776601683794,1,94537.39852810625,500,100000,5.962601471893747,True
0.31622776601683794,2,92065.0491829442,500,100000,8.434950817055798,True
0.31622776601683794,3,91936.41334459736,500,100000,8.563586655402645,True
0.3548133892335757,1,92703.73112514033,500,100000,7.796268874859669,True
0.3548133892335757,2,96223.4483517172,500,100000,4.2765516482828,True
0.3548133892335757,3,87590.5571355391,500,100000,12.909442864460896,True
0.3981071705534973,1,91815.6261805774,500,100000,8.684373819422596,True
0.3981071705534973,2,93308.20171034182,500,100000,7.1917982896581805,True
0.3981071705534973,3,90998.71549841636,500,100000,9.50128450158364,True
0.4466835921509635,1,89091.71516107908,500,100000,11.408284838920924,True
0.4466835921509635,2,83900.08764496405,500,100000,16.59991235503595,True
0.4466835921509635,3,85913.57385831435,500,100000,14.58642614168565,True
0.5011872336272725,1,84350.73764461666,500,100000,16.149262355383343,True
0.5011872336272725,2,86084.83642923013,500,100000,14.415163570769874,True
0.5011872336272725,3,81557.33841816903,500,100000,18.942661581830965,True
0.5623413251903491,1,86532.41411578319,500,100000,13.967585884216804,True
0.5623413251903491,2,85245.48250614872,500,100000,15.254517493851283,True
0.5623413251903491,3,91394.18859801599,500,100000,9.10581140198401,True
0.6309573444801936,1,82378.48001852815,500,100000,18.121519981471845,True
0.6309573444801936,2,86663.46594482292,500,100000,13.836534055177074,True
0.6309573444801936,3,84874.12458170956,500,100000,15.625875418290436,True
0.707945784384138,1,83811.18607470469,500,100000,16.68881392529531,True
0.707945784384138,2,84047.92101853841,500,100000,16.452078981461582,True
0.707945784384138,3,87829.52088977325,500,100000,12.67047911022675,True
0.7943282347242822,1,78687.97328374942,500,100000,21.81202671625058,True
0.7943282347242822,2,82917.00193042934,500,100000,17.582998069570664,True
0.7943282347242822,3,79956.92026697047,500,100000,20.543079733029536,True
0.8912509381337459,1,79757.33906732562,500,100000,20.742660932674383,True
0.8912509381337459,2,80729.8478336243,500,100000,19.7701521663757,True
0.8912509381337459,3,85986.04382405285,500,100000,14.51395617594715,True
1.0,1,69499.85008082377,500,100000,31.000149919176224,True
1.0,2,75183.40153504704,500,100000,25.316598464952953,True
1.0,3,79663.42116753064,500,100000,20.836578832469353,True
1.1220184543019642,1,71313.32013592075,500,100000,29.186679864079256,True
1.1220184543019642,2,74792.65025910808,500,100000,25.707349740891917,True
1.1220184543019642,3,74345.93252894231,500,100000,26.154067471057687,True
1.2589254117941675,1,69893.17043739471,500,100000,30.606829562605288,True
1.2589254117941675,2,72556.13488246512,500,100000,27.943865117534884,True
1.2589254117941675,3,75258.11134436232,500,100000,25.24188865563768,True
1.4125375446227555,1,66228.71803418403,500,100000,34.27128196581597,True
1.4125375446227555,2,74459.98858584817,500,100000,26.04001141415183,True
1.4125375446227555,3,66485.94121328549,500,100000,34.01405878671451,True
1.584893192461114,1,65114.032758205016,500,100000,35.38596724179498,True
1.584893192461114,2,66525.32301715328,500,100000,33.97467698284672,True
1.584893192461114,3,66628.79838294446,500,100000,33.87120161705555,True
1.7782794100389228,1,64692.81697328752,500,100000,35.80718302671249,True
1.7782794100389228,2,61294.84383544005,500,100000,39.20515616455995,True
1.7782794100389228,3,61144.89983809112,500,100000,39.35510016190887,True
1.9952623149688808,1,58420.17420215411,500,100000,42.07982579784589,True
1.9952623149688808,2,59067.43488561005,500,100000,41.43256511438995,True
1.9952623149688808,3,63738.181967072705,500,100000,36.761818032927295,True
2.23872113856834,1,49827.75230186338,500,100000,50.672247698136616,True
2.23872113856834,2,50426.68784930808,500,100000,50.07331215069192,True
2.23872113856834,3,53690.15169594537,500,100000,46.809848304054626,True
2.5118864315095824,1,47177.21476932872,500,100000,53.322785230671286,True
2.5118864315095824,2,48845.22593080568,500,100000,51.65477406919432,True
2.5118864315095824,3,53062.47616096824,500,100000,47.43752383903176,True
2.818382931264455,1,47218.86929865868,500,100000,53.28113070134132,True
2.818382931264455,2,47070.085275791396,500,100000,53.42991472420861,True
2.818382931264455,3,44581.93808531615,500,100000,55.91806191468385,True
3.1622776601683795,1,42059.862142884194,500,100000,58.4401378571158,True
3.1622776601683795,2,40216.16644697058,500,100000,60.28383355302942,True
3.1622776601683795,3,39668.26365366057,500,100000,60.831736346339426,True
3.548133892335757,1,35413.401181670786,500,100000,65.08659881832921,True
3.548133892335757,2,35969.12979957255,500,100000,64.53087020042744,True
3.548133892335757,3,33066.917473605965,500,100000,67.43308252639405,True
3.981071705534973,1,29945.283289243125,500,100000,70.55471671075688,True
3.981071705534973,2,28708.354606264154,500,100000,71.79164539373585,True
3.981071705534973,3,29278.076828779085,500,100000,71.22192317122091,True
4.4668359215096345,1,24252.237982872677,500,100000,76.24776201712733,True
4.4668359215096345,2,23559.31772683781,500,100000,76.94068227316218,True
4.4668359215096345,3,24339.740765923943,500,100000,76.16025923407605,True
5.011872336272725,1,18531.17930408153,500,100000,81.96882069591847,True
5.011872336272725,2,18674.61748162605,500,100000,81.82538251837394,True
5.011872336272725,3,18733.96098068989,500,100000,81.76603901931011,True
5.623413251903491,1,14029.368195567526,500,100000,86.47063180443247,True
5.623413251903491,2,13968.981469495038,500,100000,86.53101853050495,True
5.623413251903491,3,13919.151577881526,500,100000,86.58084842211848,True
6.309573444801936,1,9711.244906954673,500,100000,90.78875509304532,True
6.309573444801936,2,9859.241815246476,500,100000,90.64075818475352,True
6.309573444801936,3,9401.100464634103,500,100000,91.0988995353659,True
7.07945784384138,1,5435.495669742794,500,100000,95.06450433025721,True
7.07945784384138,2,6199.332204835116,500,100000,94.30066779516488,True
7.07945784384138,3,5338.839872021866,500,100000,95.16116012797814,True
7.943282347242821,1,2896.7939641642915,500,100000,97.60320603583571,True
7.943282347242821,2,2866.9212956917827,500,100000,97.63307870430822,True
7.943282347242821,3,3460.6122045226616,500,100000,97.03938779547734,True
8.91250938133746,1,1863.2954376691673,500,100000,98.63670456233083,True
8.91250938133746,2,1818.5004550418223,500,100000,98.68149954495817,True
8.91250938133746,3,2005.979767408882,500,100000,98.49402023259111,True
10.0,1,1230.3814701316535,500,100000,99.26961852986834,True
10.0,2,975.8833272059251,500,100000,99.52411667279407,True
10.0,3,1265.5138016453527,500,100000,99.23448619835465,True
11.220184543019629,1,712.3895664472795,500,100000,99.78761043355271,True
11.220184543019629,2,760.7016851846523,500,100000,99.73929831481534,True
11.220184543019629,3,961.0683027959833,500,100000,99.53893169720402,True
12.589254117941687,1,642.8167605352718,500,100000,99.85718323946473,True
12.589254117941687,2,566.9226693190818,500,100000,99.93307733068092,True
12.589254117941687,3,823.4774553178265,500,100000,99.67652254468217,True
14.125375446227554,1,379.0070188088008,500,100000,100.1209929811912,True
14.125375446227554,2,543.9906600206255,500,100000,99.95600933997937,True
14.125375446227554,3,682.1256889021793,500,100000,99.81787431109782,True
15.848931924611142,1,539.0763621706707,500,100000,99.96092363782932,True
15.848931924611142,2,540.072069531613,500,100000,99.95992793046838,True
15.848931924611142,3,552.6877408900712,500,100000,99.94731225910994,True
17.78279410038923,1,778.1168461392557,500,100000,99.72188315386074,True
17.78279410038923,2,372.15641984475053,500,100000,100.12784358015526,True
17.78279410038923,3,371.4589510263826,500,100000,100.12854104897362,True
19.952623149688787,1,467.42518241525784,500,100000,100.03257481758475,True
19.952623149688787,2,470.0520008594074,500,100000,100.0299479991406,True
19.952623149688787,3,556.6422173069244,500,100000,99.94335778269307,True
22.387211385683422,1,370.81091265478915,500,100000,100.12918908734521,True
22.387211385683422,2,247.8688743365568,500,100000,100.25213112566345,True
22.387211385683422,3,586.7914437251105,500,100000,99.9132085562749,True
25.11886431509582,1,447.45053622157246,500,100000,100.05254946377842,True
25.11886431509582,2,493.60362086430916,500,100000,100.00639637913568,True
25.11886431509582,3,783.8354787842038,500,100000,99.7161645212158,True
28.18382931264455,1,97.23079166213239,500,100000,100.40276920833786,True
28.18382931264455,2,677.4849819471707,500,100000,99.82251501805283,True
28.18382931264455,3,587.0721634022565,500,100000,99.91292783659775,True
31.622776601683793,1,596.7623363606469,500,100000,99.90323766363936,True
31.622776601683793,2,542.4881119686082,500,100000,99.95751188803139,True
31.622776601683793,3,338.7175348122264,500,100000,100.16128246518778,True
35.481338923357534,1,668.1903493213239,500,100000,99.83180965067866,True
35.481338923357534,2,563.7513458614601,500,100000,99.93624865413854,True
35.481338923357534,3,648.1563360819703,500,100000,99.85184366391803,True
39.81071705534978,1,567.8234046614641,500,100000,99.93217659533855,True
39.81071705534978,2,344.09598207098384,500,100000,100.15590401792902,True
39.81071705534978,3,239.74026275674072,500,100000,100.26025973724326,True
44.668359215096345,1,595.4658963518619,500,100000,99.90453410364813,True
44.668359215096345,2,432.2024100442603,500,100000,100.06779758995575,True
44.668359215096345,3,535.0120696099325,500,100000,99.96498793039007,True
50.11872336272725,1,437.1601224515124,500,100000,100.0628398775485,True
50.11872336272725,2,437.3609087875356,500,100000,100.06263909121247,True
50.11872336272725,3,751.1235410439162,500,100000,99.74887645895608,True
56.23413251903491,1,544.8775065131439,500,100000,99.95512249348685,True
56.23413251903491,2,456.27964983138986,500,100000,100.04372035016861,True
56.23413251903491,3,385.47621326125545,500,100000,100.11452378673876,True
63.09573444801943,1,553.2112184278471,500,100000,99.94678878157215,True
63.09573444801943,2,655.6139972431664,500,100000,99.84438600275683,True
63.09573444801943,3,601.1180173894327,500,100000,99.89888198261056,True
70.79457843841388,1,589.836374120064,500,100000,99.91016362587993,True
70.79457843841388,2,330.74991795689544,500,100000,100.16925008204312,True
70.79457843841388,3,385.73000009982377,500,100000,100.11426999990019,True
79.43282347242821,1,487.363744726798,500,100000,100.01263625527321,True
79.43282347242821,2,371.2453604245003,500,100000,100.12875463957549,True
79.43282347242821,3,461.08769696335884,500,100000,100.03891230303662,True
89.12509381337459,1,432.58945977663296,500,100000,100.06741054022336,True
89.12509381337459,2,573.855371276731,500,100000,99.92614462872326,True
89.12509381337459,3,434.45779234505204,500,100000,100.06554220765496,True
100.0,1,306.93593387978285,500,100000,100.1930640661202,True
100.0,2,580.5288988060236,500,100000,99.91947110119398,True
100.0,3,377.8330116656987,500,100000,100.1221669883343,True
112.20184543019653,1,357.52236723876507,500,100000,100.14247763276123,False
112.20184543019653,2,367.15317248593,500,100000,100.13284682751407,False
112.20184543019653,3,463.4205608479333,500,100000,100.03657943915208,False
125.89254117941688,1,437.15368016252626,500,100000,100.06284631983749,False
125.89254117941688,2,464.7191766930569,500,100000,100.03528082330695,False
125.89254117941688,3,557.1338478541423,500,100000,99.94286615214585,False
141.25375446227554,1,588.1846294323782,500,100000,99.91181537056762,False
141.25375446227554,2,546.4288316916687,500,100000,99.95357116830833,False
141.25375446227554,3,508.0552520051097,500,100000,99.99194474799489,False
158.48931924611142,1,487.61062167002854,500,100000,100.01238937832997,False
158.48931924611142,2,444.10239340063947,500,100000,100.05589760659936,False
158.48931924611142,3,450.0495947053371,500,100000,100.04995040529465,False
177.82794100389228,1,305.860425505172,500,100000,100.19413957449484,False
177.82794100389228,2,630.1115503420111,500,100000,99.86988844965798,False
177.82794100389228,3,521.6939381299314,500,100000,99.97830606187007,False
199.5262314968883,1,427.2374483693833,500,100000,100.07276255163062,False
199.5262314968883,2,485.1534766161407,500,100000,100.01484652338387,False
199.5262314968883,3,548.4762897983128,500,100000,99.95152371020168,False
223.87211385683423,1,605.4931182477999,500,100000,99.89450688175219,False
223.87211385683423,2,567.4966724633646,500,100000,99.93250332753664,False
223.87211385683423,3,683.4363461444714,500,100000,99.81656365385552,False
251.18864315095823,1,254.8013053079799,500,100000,100.24519869469202,False
251.18864315095823,2,528.1465793643935,500,100000,99.9718534206356,False
251.18864315095823,3,481.5045546478382,500,100000,100.01849544535216,False
281.8382931264455,1,660.1138250135311,500,100000,99.83988617498647,False
281.8382931264455,2,636.5403914635555,500,100000,99.86345960853644,False
281.8382931264455,3,500.9987125723015,500,100000,99.9990012874277,False
316.22776601683796,1,712.9000687897804,500,100000,99.78709993121022,False
316.22776601683796,2,446.6491480374608,500,100000,100.05335085196253,False
316.22776601683796,3,574.5458229547701,500,100000,99.92545417704522,False
354.81338923357606,1,544.6870885278894,500,100000,99.9553129114721,False
354.81338923357606,2,601.2210875483973,500,100000,99.8987789124516,False
354.81338923357606,3,504.10877531919783,500,100000,99.9958912246808,False
398.1071705534977,1,447.0767494567714,500,100000,100.05292325054323,False
398.1071705534977,2,456.54176790894905,500,100000,100.04345823209104,False
398.1071705534977,3,662.760961233679,500,100000,99.83723903876633,False
446.6835921509635,1,267.3150525272173,500,100000,100.23268494747278,False
446.6835921509635,2,558.6851362933415,500,100000,99.94131486370665,False
446.6835921509635,3,498.704686101433,500,100000,100.00129531389857,False
501.18723362727246,1,455.9745333965255,500,100000,100.04402546660347,False
501.18723362727246,2,574.818130124657,500,100000,99.92518186987535,False
501.18723362727246,3,417.25481566392057,500,100000,100.08274518433609,False
562.341325190349,1,719.5074523485071,500,100000,99.78049254765149,False
562.341325190349,2,542.5759964507133,500,100000,99.95742400354929,False
562.341325190349,3,533.6005013423436,500,100000,99.96639949865765,False
630.9573444801943,1,603.4715046218438,500,100000,99.89652849537816,False
630.9573444801943,2,390.77985958355396,500,100000,100.10922014041645,False
630.9573444801943,3,257.59142532331043,500,100000,100.2424085746767,False
707.9457843841387,1,338.68101343327,500,100000,100.16131898656673,False
707.9457843841387,2,486.00216773347364,500,100000,100.01399783226653,False
707.9457843841387,3,749.2207783265267,500,100000,99.75077922167347,False
794.3282347242822,1,393.291122603288,500,100000,100.10670887739673,False
794.3282347242822,2,530.0022370681293,500,100000,99.96999776293187,False
794.3282347242822,3,568.9457206329153,500,100000,99.93105427936709,False
891.2509381337459,1,524.1743570391518,500,100000,99.97582564296084,False
891.2509381337459,2,476.010349980755,500,100000,100.02398965001925,False
891.2509381337459,3,578.6848733289418,500,100000,99.92131512667106,False
1000.0,1,353.5757313452938,500,100000,100.1464242686547,False
1000.0,2,331.1310653182645,500,100000,100.16886893468173,False
1000.0,3,809.8014521311845,500,100000,99.69019854786882,False
1122.0184543019652,1,611.6911008011963,500,100000,99.8883088991988,False
1122.0184543019652,2,632.611982973361,500,100000,99.86738801702664,False
1122.0184543019652,3,366.2477040598922,500,100000,100.1337522959401,False
1258.9254117941687,1,358.39408667290365,500,100000,100.1416059133271,False
1258.9254117941687,2,336.788393216313,500,100000,100.1632116067837,False
1258.9254117941687,3,666.3223503803357,500,100000,99.83367764961967,False
1412.5375446227554,1,427.6937003852523,500,100000,100.07230629961474,False
1412.5375446227554,2,401.53568075055955,500,100000,100.09846431924944,False
1412.5375446227554,3,592.0323452751984,500,100000,99.9079676547248,False
1584.893192461114,1,450.2880940515307,500,100000,100.04971190594847,False
1584.893192461114,2,616.7195068195817,500,100000,99.88328049318042,False
1584.893192461114,3,784.1703690274338,500,100000,99.71582963097256,False
1778.2794100389228,1,510.7856381086484,500,100000,99.98921436189136,False
1778.2794100389228,2,685.3696787632423,500,100000,99.81463032123675,False
1778.2794100389228,3,596.102082394288,500,100000,99.9038979176057,False
1995.262314968883,1,948.5025318499726,500,100000,99.55149746815003,False
1995.262314968883,2,808.7459207457604,500,100000,99.69125407925425,False
1995.262314968883,3,708.6075945902952,500,100000,99.79139240540971,False
2238.721138568342,1,950.6068699004461,500,100000,99.54939313009955,False
2238.721138568342,2,967.7585412376412,500,100000,99.53224145876236,False
2238.721138568342,3,868.8151529184123,500,100000,99.63118484708158,False
2511.886431509582,1,1182.9414161466254,500,100000,99.31705858385338,False
2511.886431509582,2,1066.1183248774942,500,100000,99.4338816751225,False
2511.886431509582,3,1163.3845864876005,500,100000,99.33661541351239,False
2818.382931264455,1,1079.983602753821,500,100000,99.42001639724619,False
2818.382931264455,2,1258.1893830998354,500,100000,99.24181061690017,False
2818.382931264455,3,1579.016067241426,500,100000,98.92098393275857,False
3162.2776601683795,1,1812.7786702126318,500,100000,98.68722132978736,False
3162.2776601683795,2,1724.1106662559353,500,100000,98.77588933374406,False
3162.2776601683795,3,1820.6778852743196,500,100000,98.67932211472568,False
3548.1338923357603,1,2399.1563111846717,500,100000,98.10084368881533,False
3548.1338923357603,2,2424.21384945972,500,100000,98.07578615054028,False
3548.1338923357603,3,2326.6993019551046,500,100000,98.1733006980449,False
3981.0717055349774,1,3051.5531837941544,500,100000,97.44844681620584,False
3981.0717055349774,2,3000.9320756373977,500,100000,97.4990679243626,False
3981.0717055349774,3,2873.831636122661,500,100000,97.62616836387734,False
4466.835921509635,1,4011.125766737582,500,100000,96.48887423326242,False
4466.835921509635,2,3916.777534779684,500,100000,96.58322246522032,False
4466.835921509635,3,3955.9979062447537,500,100000,96.54400209375524,False
5011.872336272725,1,5028.397112090275,500,100000,95.47160288790973,False
5011.872336272725,2,4840.432914780468,500,100000,95.65956708521954,False
5011.872336272725,3,5131.184314781802,500,100000,95.3688156852182,False
5623.413251903491,1,6429.228485988375,500,100000,94.07077151401162,False
5623.413251903491,2,6211.54009082221,500,100000,94.28845990917779,False
5623.413251903491,3,6332.769971336001,500,100000,94.167230028664,False
6309.573444801943,1,8571.589586171225,500,100000,91.92841041382877,False
6309.573444801943,2,8610.354905129381,500,100000,91.88964509487062,False
6309.573444801943,3,8759.638043896282,500,100000,91.74036195610373,False
7079.457843841388,1,10040.214571138626,500,100000,90.45978542886137,False
7079.457843841388,2,10182.106604227829,500,100000,90.31789339577217,False
7079.457843841388,3,10475.548114676229,500,100000,90.02445188532377,False
7943.282347242822,1,12788.969250793145,500,100000,87.71103074920686,False
7943.282347242822,2,11262.941682695455,500,100000,89.23705831730454,False
7943.282347242822,3,11819.129702654947,500,100000,88.68087029734505,False
8912.509381337459,1,13321.482626864376,500,100000,87.17851737313562,False
8912.509381337459,2,14369.237135836334,500,100000,86.13076286416367,False
8912.509381337459,3,14832.40220058837,500,100000,85.66759779941164,False
10000.0,1,17112.07873451483,500,100000,83.38792126548516,False
10000.0,2,17850.28480139424,500,100000,82.64971519860576,False
10000.0,3,17596.286713758167,500,100000,82.90371328624182,False
11220.184543019654,1,20412.67467758347,500,100000,80.08732532241653,False
11220.184543019654,2,19165.718738384905,500,100000,81.33428126161509,False
11220.184543019654,3,18755.816056404434,500,100000,81.74418394359557,False
12589.254117941688,1,22891.534764112435,500,100000,77.60846523588756,False
12589.254117941688,2,21658.85842241176,500,100000,78.84114157758823,False
12589.254117941688,3,22801.939071772304,500,100000,77.69806092822769,False
14125.375446227554,1,24489.691070899604,500,100000,76.01030892910039,False
14125.375446227554,2,25856.641086317413,500,100000,74.64335891368259,False
14125.375446227554,3,25711.723440979353,500,100000,74.78827655902064,False
15848.93192461114,1,29850.003425285464,500,100000,70.64999657471454,False
15848.93192461114,2,29018.119956265647,500,100000,71.48188004373435,False
15848.93192461114,3,29042.128692693812,500,100000,71.45787130730619,False
17782.794100389227,1,32346.43441662152,500,100000,68.15356558337848,False
17782.794100389227,2,34055.92781479666,500,100000,66.44407218520334,False
17782.794100389227,3,30876.99147906798,500,100000,69.62300852093202,False
19952.62314968883,1,37098.86346149347,500,100000,63.40113653850653,False
19952.62314968883,2,37124.7403339222,500,100000,63.375259666077795,False
19952.62314968883,3,36615.08361852041,500,100000,63.8849163814796,False
22387.211385683422,1,38028.96658191187,500,100000,62.471033418088126,False
22387.211385683422,2,40147.22086728497,500,100000,60.35277913271504,False
22387.211385683422,3,39120.61474930875,500,100000,61.37938525069126,False
25118.864315095823,1,42459.34514886299,500,100000,58.040654851137006,False
25118.864315095823,2,41599.694479586164,500,100000,58.90030552041383,False
25118.864315095823,3,40897.32746838258,500,100000,59.602672531617415,False
28183.82931264455,1,43906.84323805366,500,100000,56.59315676194634,False
28183.82931264455,2,43288.13964626178,500,100000,57.21186035373822,False
28183.82931264455,3,45384.34569413248,500,100000,55.11565430586752,False
31622.776601683792,1,48674.076219289884,500,100000,51.82592378071011,False
31622.776601683792,2,50998.143153850346,500,100000,49.50185684614965,False
31622.776601683792,3,47608.47152727388,500,100000,52.891528472726115,False
35481.3389233576,1,50766.30831928153,500,100000,49.73369168071847,False
35481.3389233576,2,53695.01090015937,500,100000,46.80498909984063,False
35481.3389233576,3,52713.65247832247,500,100000,47.78634752167753,False
39810.71705534977,1,56332.43777996349,500,100000,44.167562220036515,False
39810.71705534977,2,58904.14867959601,500,100000,41.59585132040399,False
39810.71705534977,3,54208.103759313075,500,100000,46.291896240686924,False
44668.359215096345,1,62674.808182768866,500,100000,37.82519181723113,False
44668.359215096345,2,57940.94361267132,500,100000,42.55905638732869,False
44668.359215096345,3,57291.27616134917,500,100000,43.20872383865083,False
50118.72336272725,1,61626.123904846376,500,100000,38.873876095153626,False
50118.72336272725,2,63366.108665001375,500,100000,37.13389133499862,False
50118.72336272725,3,63529.563838607355,500,100000,36.97043616139265,False
56234.13251903491,1,67821.70885521556,500,100000,32.67829114478443,False
56234.13251903491,2,65951.4934065792,500,100000,34.54850659342079,False
56234.13251903491,3,65294.17323693624,500,100000,35.205826763063754,False
63095.73444801943,1,64456.92607766996,500,100000,36.04307392233004,False
63095.73444801943,2,62793.65798791578,500,100000,37.706342012084214,False
63095.73444801943,3,65171.72067588578,500,100000,35.32827932411422,False
70794.57843841388,1,68918.84509250754,500,100000,31.581154907492458,False
70794.57843841388,2,71476.84937492649,500,100000,29.023150625073512,False
70794.57843841388,3,67867.38587935883,500,100000,32.632614120641165,False
79432.82347242821,1,73643.61228259308,500,100000,26.856387717406914,False
79432.82347242821,2,71598.39862434409,500,100000,28.901601375655915,False
79432.82347242821,3,71628.8180965381,500,100000,28.871181903461896,False
89125.0938133746,1,75510.71752502414,500,100000,24.98928247497586,False
89125.0938133746,2,77468.73369947175,500,100000,23.03126630052825,False
89125.0938133746,3,76458.45131613711,500,100000,24.04154868386289,False
100000.0,1,77134.94022497011,500,100000,23.365059775029895,False
100000.0,2,79593.44905667724,500,100000,20.906550943322756,False
100000.0,3,73796.04804375494,500,100000,26.703951956245053,False
112201.84543019652,1,80443.49113259233,500,100000,20.056508867407675,False
112201.84543019652,2,78298.25226674495,500,100000,22.20174773325505,False
112201.84543019652,3,79258.40055313682,500,100000,21.24159944686318,False
125892.54117941661,1,77718.36262810118,500,100000,22.78163737189882,False
125892.54117941661,2,79092.49605028331,500,100000,21.407503949716688,False
125892.54117941661,3,84119.24617731679,500,100000,16.380753822683214,False
141253.75446227554,1,81598.67229785325,500,100000,18.90132770214675,False
141253.75446227554,2,83175.75851991051,500,100000,17.324241480089487,False
141253.75446227554,3,81869.41548924544,500,100000,18.630584510754566,False
158489.31924611173,1,91721.64271284743,500,100000,8.778357287152572,False
158489.31924611173,2,82923.2069663513,500,100000,17.57679303364871,False
158489.31924611173,3,81748.14698352679,500,100000,18.75185301647321,False
177827.94100389228,1,85266.69608670763,500,100000,15.233303913292373,False
177827.94100389228,2,86730.40631635315,500,100000,13.76959368364684,False
177827.94100389228,3,86982.69208724098,500,100000,13.517307912759014,False
199526.2314968883,1,87543.84059429546,500,100000,12.956159405704549,False
199526.2314968883,2,90541.16918461687,500,100000,9.958830815383134,False
199526.2314968883,3,85479.43296169779,500,100000,15.020567038302213,False
223872.11385683378,1,92391.67079772362,500,100000,8.108329202276376,False
223872.11385683378,2,86920.5263580703,500,100000,13.579473641929695,False
223872.11385683378,3,86897.4580614907,500,100000,13.602541938509294,False
251188.6431509582,1,94468.03431611067,500,100000,6.031965683889329,False
251188.6431509582,2,88511.52262222375,500,100000,11.988477377776242,False
251188.6431509582,3,90075.05557242893,500,100000,10.42494442757107,False
281838.2931264461,1,92194.94245847873,500,100000,8.305057541521265,False
281838.2931264461,2,91114.31162930459,500,100000,9.38568837069541,False
281838.2931264461,3,93516.21231803171,500,100000,6.983787681968289,False
316227.7660168379,1,87515.53418341053,500,100000,12.984465816589463,False
316227.7660168379,2,94865.14604983183,500,100000,5.634853950168162,False
316227.7660168379,3,93393.84195025334,500,100000,7.10615804974667,False
354813.389233576,1,94518.08262061406,500,100000,5.981917379385937,False
354813.389233576,2,93920.14488106318,500,100000,6.579855118936817,False
354813.389233576,3,90824.12590326574,500,100000,9.67587409673426,False
398107.1705534969,1,92674.02688492798,500,100000,7.825973115072015,False
398107.1705534969,2,95827.86724669645,500,100000,4.672132753303549,False
398107.1705534969,3,92586.29957501595,500,100000,7.913700424984049,False
446683.5921509635,1,96826.21905181103,500,100000,3.673780948188976,False
446683.5921509635,2,93940.7423607862,500,100000,6.559257639213801,False
446683.5921509635,3,97951.58756355921,500,100000,2.5484124364407945,False
501187.2336272735,1,92942.79674335285,500,100000,7.557203256647149,False
501187.2336272735,2,90714.38107757241,500,100000,9.785618922427586,False
501187.2336272735,3,97922.93976301355,500,100000,2.5770602369864504,False
562341.3251903491,1,95117.90522201272,500,100000,5.3820947779872785,False
562341.3251903491,2,91643.30211720637,500,100000,8.856697882793629,False
562341.3251903491,3,96298.2538627928,500,100000,4.201746137207197,False
630957.3444801943,1,95200.27211388935,500,100000,5.2997278861106505,False
630957.3444801943,2,95475.04479952747,500,100000,5.024955200472525,False
630957.3444801943,3,94543.17362364299,500,100000,5.956826376357016,False
707945.7843841374,1,96195.59686104147,500,100000,4.3044031389585236,False
707945.7843841374,2,92695.59935077417,500,100000,7.804400649225829,False
707945.7843841374,3,93825.85510473822,500,100000,6.6741448952617795,False
794328.2347242822,1,96716.69360970978,500,100000,3.7833063902902198,False
794328.2347242822,2,98962.56039968571,500,100000,1.5374396003142943,False
794328.2347242822,3,96492.84272703502,500,100000,4.007157272964978,False
891250.9381337477,1,93045.5096553008,500,100000,7.4544903446991935,False
891250.9381337477,2,95251.78076416299,500,100000,5.248219235837004,False
891250.9381337477,3,95354.60376497352,500,100000,5.145396235026478,False
1000000.0,1,93010.73435546142,500,100000,7.489265644538579,False
1000000.0,2,94900.26939877703,500,100000,5.599730601222963,False
1000000.0,3,96132.35935035448,500,100000,4.367640649645521,False
