degrader_total_nM,penalty_kcal_mol,F_nM,C_nM,P_nM,E_nM,PF_nM,PC_nM,EP_nM,EFP_nM,ECP_nM
0.0,0.0,30.0,70.0,0.0,20.0,0.0,0.0,0.0,0.0,0.0
0.01,0.0,29.997656380706502,69.99453155498183,0.0015629646933873254,19.993125807286965,0.0004688527780740928,0.0010939898155062164,0.0006249709949448099,0.0018747665154262667,0.004374455202661289
0.014677992676220698,0.0,29.996560127080215,69.99197362985383,0.0022944375709628624,19.98991061937992,0.0006882523455521938,0.0016059221396217853,0.0009173120393058958,0.002751620574233387,0.006420448006544569
0.021544346900318832,0.0,29.994951150461272,69.98821935107631,0.003368461457732713,19.985192009119977,0.0010103683687690428,0.002357526193794434,0.0013463869801621689,0.004038481169958133,0.00942312272990231
0.03162277660168379,0.0,29.992589719122602,69.98270934461941,0.004945707145426073,19.978267416053196,0.0014833456528369723,0.0034611398566196023,0.001976133198256144,0.005926935224563408,0.013829515523981286
0.046415888336127774,0.0,29.98912409333145,69.97462288444005,0.007262499029458589,19.968106476847403,0.0021779598462213284,0.005081906307849766,0.0029003670781646007,0.008697946822329137,0.020295209252101317
0.06812920690579612,0.0,29.98403828802653,69.96275600539524,0.01066677479503671,19.953198667351412,0.0031983298386413705,0.0074627696234965315,0.004256725532505282,0.012763382134825852,0.02978122498126032
0.1,0.0,29.976575584111167,69.94534302959272,0.015671526229995306,19.931330815915352,0.00469778690551835,0.010961502779542815,0.006247087473606624,0.018726628983312302,0.0436954676277287
0.1467799267622069,0.0,29.96562665858183,69.91979553669094,0.023034664922309864,19.89926301046874,0.006902481692674683,0.016105790616240928,0.00916745711294125,0.027470859725495792,0.06409867269282353
0.21544346900318834,0.0,29.9495662479993,69.8823212453317,0.03387933584524737,19.852258247286574,0.010146714133354535,0.023675666311160578,0.013451626488928075,0.04028703786734936,0.0940030883571485
0.31622776601683794,0.0,29.926015280879103,69.82736898871791,0.049877214326934774,19.783403657580617,0.014926262781155322,0.03482794648936242,0.019734821286908275,0.05905845633974352,0.13780306479273488
0.46415888336127775,0.0,29.891495818467085,69.7468235764232,0.07353214448707895,19.682639454107747,0.021979857894584384,0.05128633508736355,0.028946133764530636,0.08652432363832563,0.20189008848942647
0.6812920690579611,0.0,29.840933490070714,69.62884481016499,0.10862840631371029,19.535388772186053,0.03241573047939807,0.07563670445192881,0.042441962980826406,0.12665077944988842,0.295518485383073
1.0,0.0,29.766946734757585,69.4562090477677,0.16095905442379563,19.320667707740796,0.04791259599510072,0.11179605732190166,0.06219672810148644,0.18514066924731468,0.43199489491040094
1.467799267622069,0.0,29.65884682649475,69.20397592848775,0.2395513902272798,19.008579388932702,0.07104817989824763,0.1657790864292445,0.09107063237728891,0.2701049936070025,0.630244985083006
2.154434690031882,0.0,29.501266724685806,68.83628902426688,0.3588173010500072,18.557234774475063,0.10585564903708146,0.24699651441985673,0.13317313793456964,0.39287762627711115,0.9167144613132592
3.1622776601683795,0.0,29.272366442482937,68.30218836579351,0.5425099271605428,17.909583913209435,0.15880549386528137,0.37054615235232313,0.1943225412846176,0.5688280636517845,1.3272654818541636
4.6415888336127775,0.0,28.941694437218743,67.5306203535104,0.8313727582873411,16.991828469133903,0.24061336333779945,0.561431181121532,0.28253086605458444,0.8176921994434562,1.9079484653680643
6.812920690579608,0.0,28.468170141630402,66.42573033047094,1.2985956093462958,15.717962943834841,0.36968640752044557,0.8626016175477064,0.40822555333463406,1.1621434508491577,2.711668051981368
10.0,0.0,27.79955044302139,64.86561770038324,2.0818074729773954,14.01091786823386,0.5787331185769399,1.3503772766795266,0.5833606704272354,1.6217164384016705,3.7840050229372313
14.67799267622069,0.0,26.876108761754644,62.71092044409417,3.447435222549471,11.857897346006917,0.9265364399034339,2.1619183597746794,0.8175866595200028,2.1973547983419253,5.127161196131159
21.54434690031882,0.0,25.640449406107464,59.82771528091742,5.902498494934888,9.402908728916637,1.5134271402900346,3.531329994010081,1.1100130924088116,2.8461234536025017,6.640954725072504
31.622776601683793,0.0,24.045222644084763,56.105519502864446,10.33003101258129,6.986850931491371,2.483878956178175,5.7957175644157415,1.4434877360517668,3.4708983997370595,8.098762932719806
46.41588833612777,0.0,22.043537812438153,51.4349215623557,18.09435224651546,4.973915174976228,3.9886353793763876,9.306815885211572,1.7999954644061689,3.9678268081854555,9.25826255243273
68.12920690579608,0.0,19.58964531266894,45.70917239622752,31.23756851253516,3.5061245264310474,6.119328875907591,14.278434043784381,2.1904561021573947,4.291025811423467,10.012393559988093
100.0,0.0,16.70045445322855,38.96772705753328,53.005109436994104,2.5120899683579254,8.852094159409146,20.654886371954674,2.663072073767738,4.4474513873623005,10.377386570512035
146.77992676220674,0.0,13.541933478788149,31.59784478383901,88.62921706744801,1.8563223653898258,12.002109618044562,28.004922442103975,3.290487957385868,4.4559569031672925,10.397232774057015
215.44346900318823,0.0,10.432447839174952,24.34237829140822,146.06873435298198,1.4204137521866318,15.23854452071787,35.55660388167503,4.14956078078943,4.329007640107182,10.101017826916758
316.22776601683796,0.0,7.701439155339796,17.97002469579286,236.60607943618277,1.1185575713864404,18.22207324561256,42.51817090642931,5.293150431788076,4.076487599047644,9.511804397777835
464.1588833612773,0.0,5.523951547264287,12.889220276950002,375.84789633669806,0.8945319255917583,20.761655685051306,48.44386326511971,6.724158848793562,3.7143927676844037,8.666916457930276
681.2920690579608,0.0,3.8972536226401657,9.093591786160387,585.8951446580104,0.7158081002401064,22.83381975005715,53.27891275013335,8.387769808751056,3.2689266273026862,7.627495463706268
1000.0,0.0,2.7254656036695386,6.35941974189559,898.902166332077,0.5663975121474076,24.499269354021102,57.164961826049236,10.182719013488072,2.7752650423093552,6.475618432055163
1467.7992676220676,0.0,1.8963568746815573,4.4248327075903005,1362.1359843798248,0.4399146987505614,25.83095938229811,60.27223855869559,11.984472824515,2.2726837430203326,5.302928733714109
2154.4346900318824,0.0,1.3147062712564301,3.067647966265004,2045.1435470073604,0.33429187115133396,26.887630468701964,62.73780442697126,13.673497262043334,1.7976632600416,4.1945476067637335
3162.2776601683795,0.0,0.9086101146215954,2.120090267450389,3050.1463775619263,0.24851238452108654,27.713938497291856,64.665856493681,15.159982988525373,1.3774513880865475,3.214053238868611
4641.588833612773,0.0,0.6261418984153841,1.4609977629692297,4527.279279897349,0.1810877169607809,28.34719242971559,66.14344900266971,16.396693376809182,1.0266656718690257,2.39555323436106
6812.920690579608,0.0,0.4303696652984807,1.004195885696455,6696.97789310184,0.12974033441757515,28.821761343655634,67.2507764685298,17.37736302876281,0.7478689910458843,1.7450276457737302
10000.0,0.0,0.29515620952704447,0.6886978222297704,9882.858794769834,0.09169947501179045,29.169871411552794,68.06303329362318,18.125059261920995,0.5349723789201652,1.248268884147052
0.0,1.0,30.0,70.0,0.0,20.0,0.0,0.0,0.0,0.0,0.0
0.01,1.0,29.996388411646052,69.99698325941104,0.002408514807137034,19.994816869969988,0.0007224674565008325,0.0016858877063521457,0.0009631562499463216,0.0028891208974494305,0.0013308528826142332
0.014677992676220698,1.0,29.994699252745434,69.99557196124186,0.003535531841876852,19.992392727043203,0.001060472142956013,0.0024747157345935316,0.0014136748216353686,0.004240275111613142,0.00195332302354579
0.021544346900318832,1.0,29.99222029840131,69.99350037906231,0.00519013093009305,19.988835173844336,0.0015566355023289725,0.003632754312228509,0.002074893433846027,0.006223066096361642,0.0028668666254606317
0.03162277660168379,1.0,29.988582535119058,69.99045954051897,0.007619535148271187,19.983614696798444,0.002284990586731711,0.005332947665126367,0.0030453170914352882,0.009132474294211585,0.00420751181590766
0.046415888336127774,1.0,29.983244846949102,69.98599583025539,0.011187103890066045,19.97595487836661,0.0033542567506410705,0.007829406062027961,0.004469461650551178,0.013400896300252523,0.006174763682588986
0.06812920690579612,1.0,29.975414107829387,69.97944320416806,0.016427221904904903,19.96471782121448,0.004924127792407303,0.011495678422965583,0.006559296998357996,0.019661764378202325,0.00906111740895796
0.1,1.0,29.96392858650535,69.96982355389342,0.024126512565712063,19.948237041833256,0.007229250995604203,0.016881278271936653,0.009625627833071857,0.028842162499044338,0.01329516783463048
0.1467799267622069,1.0,29.947088299135373,69.95570016322645,0.035444437044522936,19.924074491244586,0.010614576858854731,0.02479540410341003,0.014123952079506081,0.04229712400577253,0.019504432670136844
0.21544346900318834,1.0,29.922409203431993,69.93496197514106,0.052093314098594204,19.88866885911409,0.015587574612210489,0.03643143940644265,0.020721333477615192,0.06200322195579763,0.028606585452495677
0.31622776601683794,1.0,29.88626927486087,69.90450559008852,0.07660902632891703,19.836830001302452,0.0228955798975092,0.05355316109261019,0.030393604637040616,0.09083514524162557,0.04194124881888144
0.46415888336127775,1.0,29.833403723752138,69.8597656669728,0.11276230956657063,19.761019746489936,0.033640835061222195,0.0787754852238727,0.044565964520096264,0.13295544118664457,0.06145884780333473
0.6812920690579611,1.0,29.756195456916345,69.79401975636142,0.16619248692778724,19.65034539627492,0.04945256124494252,0.1159924171599682,0.06531479540793847,0.19435198183871188,0.08998782647861295
1.0,1.0,29.643700257408813,69.6973559443121,0.24540235200738528,19.489187640435386,0.07274633765370055,0.17103895077430104,0.09565384971352214,0.28355340493748804,0.13160510491360292
1.467799267622069,1.0,29.480356382580307,69.55513392839754,0.3633575841129809,19.255411281499327,0.10711911073964078,0.2527338542687736,0.13993199448694868,0.4125245066800509,0.192132217333674
2.154434690031882,1.0,29.2443828931554,69.34568219153934,0.5401328012465917,18.9182153915075,0.1579585045280793,0.37455877576472035,0.20436697348002664,0.5976586023165235,0.2797590326959505
3.1622776601683795,1.0,28.90602529147344,69.03684474623088,0.8074318227377646,18.43597606335573,0.23339644689198324,0.5574254538951326,0.2977158751357023,0.860578261634576,0.405729799873991
4.6415888336127775,1.0,28.42615614915936,68.58082143185614,1.2165621788906453,17.75512354541343,0.3458218646230703,0.8343283355124917,0.43200423573761526,1.22802198621757,0.5848502326313857
6.812920690579608,1.0,27.756395735078968,67.90659813169162,1.8528831277753042,16.81248591007803,0.5142935734538223,1.258229899428294,0.6230314295748722,1.7293106914672138,0.8351719688801011
10.0,1.0,26.842834734539508,66.90940848106258,2.8623070613089494,15.545784139004661,0.7683243540622158,1.9151527236335033,0.8899361542931541,2.3888409113982787,1.1754387953039054
14.67799267622069,1.0,25.635779757007377,65.4379105124529,4.499209732197409,13.918813392051964,1.153407497751969,2.944188838322912,1.2524732134831966,3.2108127452406507,1.617900649224186
21.54434690031882,1.0,24.105007228977914,63.28370888373349,7.208351144192205,11.963289761678892,1.7375735643976433,4.561711953407867,1.7247118688380185,4.1574192066244455,2.1545791628586457
31.622776601683793,1.0,22.250921304439917,60.18564096516614,11.751945640658962,9.817069024927415,2.614916176243583,7.0729838097084965,2.3073932306308773,5.134162519316503,2.741375225125375
46.41588833612777,1.0,20.095998778161547,55.86921102693694,19.391948093930083,7.7071938126521,3.8970056520179113,10.834128402831873,2.9891500472961723,6.006995569820541,3.29666057023119
68.12920690579608,1.0,17.66466748966268,50.14183099268638,32.16961277105417,5.853493860640511,5.682655128718779,16.130432866663636,3.766092617090963,6.652677381618537,3.727736140649988
100.0,1.0,14.996674473873558,43.05208302104237,53.382580529810475,4.370505246088381,8.005611827809084,22.982312888468805,4.666176965105443,6.99771369831736,3.965604090488815
146.77992676220674,1.0,12.205686593731755,35.0618769269049,88.29864759329716,3.2553401701152644,10.77745619174152,30.959163147283324,5.748842689546235,7.016857214526729,3.97895992581178
215.44346900318823,1.0,9.505460586150962,27.04015160449079,144.92030547871084,2.4388493012656394,13.775342518608431,39.186670307134584,7.068775715119139,6.719196895240605,3.773178088374626
316.22776601683796,1.0,7.127806691339856,19.9054691804018,234.63595374653633,1.8379724002913842,16.724397211434706,46.70538745915861,8.625088142043591,6.147796097225437,3.389143360439595
464.1588833612773,1.0,5.2028731412087375,14.181106350236915,373.2026823601529,1.3853304090927459,19.417262122786955,52.92426928743014,10.340180492570013,5.379864736004306,2.8946243623329333
681.2920690579608,1.0,3.732649413091893,9.905142659034734,582.842216351005,1.0369568675686751,21.755456567877573,57.73135300664692,12.087644779082446,4.511894019030537,2.363504334318344
1000.0,1.0,2.6474961042693574,6.843465134988492,895.7514965639365,0.7669239028918888,23.71498597546469,61.30044136349063,13.73946467532129,3.6375179202659567,1.8560935015208655
1467.7992676220676,1.0,1.8620091237726069,4.700613650878861,1359.1617793931698,0.5591722499118331,25.307716339130934,63.88894413968336,15.200111003548987,2.8302745370964613,1.4104422094377786
2154.4346900318824,1.0,1.3005430079990319,3.218469585555133,2042.534248403041,0.40193828414952965,26.564036353591327,65.738343559399,16.41945422239535,2.1354206384096455,1.0431868550458585
3162.2776601683795,1.0,0.9031020821710187,2.19965441084995,3047.9911735625283,0.28525743856644975,27.526471752832062,67.0452722915853,17.38924309887188,1.5704261649969213,0.7550732975647538
4641.588833612773,1.0,0.624104055590398,1.5017029903856824,4525.58396395363,0.20031311814707325,28.2443530581833,67.96082971910656,18.130676705118873,1.1315428862263042,0.5374672905077533
6812.920690579608,1.0,0.42964578540060194,1.0245047077583174,6695.694706607572,0.13949362451338262,28.767770110230632,68.59770748631904,18.680134465195206,0.8025841043687647,0.3777878059226528
10000.0,1.0,0.29490715152569735,0.6986323670680372,9881.915790029678,0.09652859776523882,29.142476372544635,69.03826219555447,19.07774948891474,0.5626164759296673,0.2631054373775006
0.0,2.0,30.0,70.0,0.0,20.0,0.0,0.0,0.0,0.0,0.0
0.01,2.0,29.995956516757083,69.99781835689974,0.0026965158008123487,19.995392863740104,0.0008088457070791562,0.0018875022322177284,0.0010783578560105134,0.003234637535839475,0.00029414086804077384
0.014677992676220698,2.0,29.99406539924022,69.99679762827064,0.003958253920843515,19.993238153500894,0.0011872412696857942,0.0027706509865859236,0.0015827662662290616,0.004747359490098573,0.00043172074277783253
0.021544346900318832,2.0,29.991290104230618,69.99529922166923,0.0058105900570026335,19.990076053974395,0.001742670920763239,0.004067139896943554,0.002323082743159001,0.006967224848621348,0.0006336384338290629
0.03162277660168379,2.0,29.987217574863276,69.99309946985282,0.008530218573570886,19.985435981546352,0.0025579752032681004,0.005970564371195331,0.003409602744213972,0.010224449933459527,0.0009299657759759756
0.046415888336127774,2.0,29.98124217341694,69.98986983221562,0.012523747944348457,19.978627989692967,0.0037547752003834365,0.008765354884364265,0.005004146024336397,0.015003051382677109,0.001364812900018133
0.06812920690579612,2.0,29.972476337850914,69.98512755628963,0.018389024469909192,19.968641045803743,0.005511646008005146,0.01286958223162326,0.007344076576442362,0.022012016141078384,0.00200286147873798
0.1,2.0,29.959620302218656,69.97816293803857,0.027005777433270768,19.953994752746873,0.008090828378670173,0.018898146934938267,0.010777462823946695,0.032288869402672025,0.0029389150265043155
0.1467799267622069,2.0,29.940772717595156,69.96793186621665,0.039670032956150764,19.932523922228384,0.011877514404396194,0.027756301630065257,0.015814477617881267,0.04734976800044788,0.004311832153287766
0.21544346900318834,2.0,29.91315664188844,69.95289662415514,0.058294342554333745,19.901067132737328,0.017437678001636883,0.04077858118476397,0.023202392492651644,0.0694056801099265,0.00632479466009381
0.31622776601683794,2.0,29.87272583214941,69.93078906687514,0.08570798875328442,19.855019808061485,0.025603312496518104,0.0599362728285204,0.034034676288111465,0.10167085535407104,0.00927466029633254
0.46415888336127775,2.0,29.81360498751408,69.8982563037633,0.12611117318449802,19.787700087901765,0.03759828701834602,0.08814951106018326,0.04990900145416572,0.14879672546757627,0.013594185176508495
0.6812920690579611,2.0,29.727306708214613,69.8503264375359,0.1857707014419235,19.689464699958307,0.05522462619164226,0.12976144138248377,0.07315451336654494,0.21746866559374667,0.01991212108161997
1.0,2.0,29.601663707683482,69.7795946218849,0.27410313474959463,19.546510279184535,0.0811390881607935,0.19126805627414606,0.1071551948187931,0.3171972041557221,0.029137321840950692
1.467799267622069,2.0,29.41943232563641,69.67496689045099,0.4053965790977865,19.339322615975234,0.11926537223811838,0.28245993226140365,0.1568019046116963,0.46130230212546947,0.042573177287597706
2.154434690031882,2.0,29.15659511865698,69.51969235003853,0.6016165376587432,19.040834711786104,0.17541089805204227,0.418241966107312,0.2291056210687434,0.6679939832909799,0.06206568385417287
3.1622776601683795,2.0,28.7805786306375,69.28823460238215,0.897105527594993,18.614608611786846,0.25819216176927234,0.6215885825909568,0.3339853655930268,0.9612292075932318,0.09017681502689869
4.6415888336127775,2.0,28.249007438880394,68.94124752201041,1.346668489766288,18.013910194835347,0.3804204818511369,0.9284100568306961,0.4851753047372891,1.3705720792684741,0.1303424211588937
6.812920690579608,2.0,27.510336511482922,68.41753627498488,2.0397794017774697,17.18357570085928,0.5611501775208952,1.39556681214077,0.7010140752699321,1.9285133109961852,0.18689691287435636
10.0,2.0,26.50862764861374,67.62162175913753,3.1257546754897185,16.06803534740263,0.8285946681347042,2.113686003778214,1.0044947322615567,2.6627776832515555,0.2646922370842559
14.67799267622069,2.0,25.1949345084287,66.40628066545723,4.857836077049221,14.629680278560699,1.2239286181393734,3.225908259593143,1.421371773057753,3.581136873431927,0.36781107494962495
21.54434690031882,2.0,23.544748959266112,64.55347455635804,7.667639827234897,12.878347400286499,1.8053265484231622,4.949727924947255,1.9749305887080753,4.649924492310726,0.4967975186947026
31.622776601683793,2.0,21.572572928048775,61.767443666389944,12.284717961432026,10.900027347385308,2.6501297412350304,7.587956246402414,2.6780752346904917,5.7772973307161966,0.644600087207639
46.41588833612777,2.0,19.328146354747815,57.70869217354618,19.923690240236,8.85638298335631,3.850880008899421,11.497701070348658,3.529036624185766,6.820973636352764,0.7936067561051597
68.12920690579608,2.0,16.87417542089764,52.10342235518141,32.58684241028873,6.935256590186364,5.498760952443589,16.978860133250112,4.5199622715863885,7.627063626658771,0.9177175115684784
100.0,2.0,14.277805425462192,44.939345705629655,53.5616874072819,5.279392787615064,7.647433510605995,24.070271869727122,5.655463723809934,8.07476106393181,0.9903824246432252
146.77992676220674,2.0,11.640395230688833,36.677773909634396,88.13975012576816,3.947336909188432,10.259815269980972,32.32769827564594,6.958345776761808,8.099789499330193,0.9945278147196681
215.44346900318823,2.0,9.123587443933534,28.262652029528113,144.38656224778052,2.923799174046443,13.17323426396578,40.80747166548821,8.443146228869319,7.703178292100691,0.9298763049836706
316.22776601683796,2.0,6.9038830412835335,20.727827600443177,233.78407759579898,2.1548514266624266,16.1401792863575,48.45836056134352,10.075399062765337,6.955937672358962,0.8138118382133149
464.1588833612773,2.0,5.0864944208892116,14.68278381181585,372.1649387580234,1.5803776243961603,18.930148846432612,54.64417338121744,11.763222835958949,5.983356732678177,0.6730428069667197
681.2920690579608,2.0,3.677883451387059,10.18943559959711,581.7674831585107,1.1509671250211064,21.39672998863786,59.278823035833405,13.39190495043432,4.925386559975081,0.5317413645694892
1000.0,2.0,2.6237600994154104,6.996165823552104,894.755782289867,0.8306257376208255,23.47624520293375,62.598598244819954,14.86414363310039,3.899994697650842,0.40523593162794175
1467.7992676220676,2.0,1.8524083002896559,4.77948594887729,1358.3109170645157,0.5933930370506304,25.16146417144363,64.92027942316479,16.120244806718798,2.986127528266712,0.30023462795792694
2154.4346900318824,2.0,1.2968776597947307,3.2580433417786985,2041.849760287501,0.41971380753157994,26.48029338774086,66.52435016417125,17.139850745954217,2.222828952464408,0.21760649405006321
3162.2776601683795,2.0,0.901767456145839,2.2190849748676884,3047.4650106855834,0.294236387471682,27.481047703793905,67.62583816647378,17.933501913809536,1.6171848400602562,0.15507685865852885
4641.588833612773,2.0,0.6236360397255571,1.511091187265966,4525.193053672047,0.20474824994128868,28.220734749856362,68.37979344080996,18.530507167716554,1.1556292104180803,0.10911537192407668
6812.920690579608,2.0,0.42948634949792364,1.02898763745911,6695.411502225697,0.1416467257805007,28.755878444773238,68.89495663491772,18.96766234086747,0.8146352057288411,0.07605572762318553
10000.0,2.0,0.29485399985778443,0.700754862944613,9881.714336628129,0.09756036036786196,29.136629976068164,69.24659375621661,19.281272234674166,0.5685160240740519,0.052651380838764805
0.0,4.0,30.0,70.0,0.0,20.0,0.0,0.0,0.0,0.0,0.0
0.01,4.0,29.99583889161465,69.998045792877,0.0027749510551100046,19.995549732413206,0.0008323698478119579,0.0019424115102858245,0.001109733436549292,0.0033287385375370426,1.1795612705879652e-05
0.014677992676220698,4.0,29.99389276960704,69.99713143784804,0.0040733801749594425,19.993468402055544,0.0012217652817757669,0.002851249275029605,0.0016288199563522221,0.004885465111182456,1.731287692120499e-05
0.021544346900318832,4.0,29.991036762661416,69.99578914234742,0.005979570222616315,19.990414005790655,0.001793335103714014,0.00418544736464111,0.0023906816865359587,0.007169902234872133,2.5410287939302683e-05
0.03162277660168379,4.0,29.986845815229263,69.99381847860536,0.008778243057599918,19.985932012178232,0.0026323182109685545,0.0061442275113472635,0.0035088273787113504,0.010521866559767232,3.729388328947626e-05
0.046415888336127774,4.0,29.980696709331227,69.99092498493432,0.012887788359800586,19.979356031047487,0.0038638487406923074,0.009020282283125127,0.005149794241864909,0.015439441928081218,5.473278256366766e-05
0.06812920690579612,4.0,29.9716761461864,69.98667586103076,0.01892334145469182,19.969709594811707,0.00567164261683727,0.013243817645971226,0.007557872668273147,0.022652211196759642,8.032132326324677e-05
0.1,4.0,29.958446728692216,69.98043457433252,0.02779000078625849,19.955563016686146,0.008325452581454397,0.019447563318434117,0.011091302238478777,0.033227818726329114,0.00011786234904747219
0.1467799267622069,4.0,29.93905218478246,69.97126409533688,0.04082101190912705,19.934825487254052,0.01222142405782981,0.028562978049324204,0.01627519497243134,0.048726391159713105,0.00017292661380475478
0.21544346900318834,4.0,29.910635624877532,69.95778319449069,0.059983516646759626,19.904444637270714,0.01794145109920003,0.04196313852817133,0.023878771724884666,0.07142292402326535,0.00025366698113626457
0.31622776601683794,4.0,29.869034889698398,69.937951939192,0.08818682923051052,19.859975680248585,0.026340554790979933,0.06167606224393177,0.03502776567672348,0.10462455551062334,0.0003719985640689134
0.46415888336127775,4.0,29.8082075868015,69.90874922705429,0.12974838698194938,19.79497064663415,0.038675668532106,0.09070547448135895,0.05136731023511633,0.1531167446663981,0.0005452984643488728
0.6812920690579611,4.0,29.719427531630256,69.86568332191788,0.1911064801511648,19.70012801120029,0.056795751876774776,0.13351784823007665,0.07529644245495709,0.2237767164929665,0.0007988298520214301
1.0,4.0,29.590190580787418,69.80203948489765,0.2819278226873415,19.56214217283192,0.08342298003344878,0.19679137011113035,0.11030224299773446,0.32638643917912874,0.001169144991216144
1.467799267622069,4.0,29.402787028558983,69.7077052731553,0.41686351132795,19.362219722009225,0.12256949043553,0.29058598786781376,0.16142805800840102,0.474643481005488,0.0017087389768897364
2.154434690031882,4.0,29.13257352413989,69.5673034617309,0.6184002986947625,19.07432594275475,0.18015592169075237,0.43020441240123575,0.23591137720801592,0.6872705541693622,0.002492125867872571
3.1622776601683795,4.0,28.746173999143675,69.35717188704312,0.9216134553375082,18.66346943099252,0.26492860747084035,0.6392050283525529,0.3440100910176595,0.9888973933854892,0.003623084604329956
4.6415888336127775,4.0,28.200257792257943,69.04041760436084,1.3822928974897104,18.084855013355426,0.3898101605361702,0.9543407889423157,0.49997133274184774,1.409932047205888,0.005241606696846664
6.812920690579608,4.0,27.44228070903584,68.5588333826065,2.091109783665482,17.285677782283884,0.5738482167675937,1.4336404724306009,0.7229249985564578,1.983871074196564,0.007526144962907961
10.0,4.0,26.415505933142,67.82010047647354,3.1984894599210865,16.212605398425353,0.8448971730563761,2.169218765447897,1.0371169496944639,2.7395968938016244,0.010680758078558745
14.67799267622069,4.0,25.07080760872227,66.67930387527815,4.957773134344556,14.828542836008557,1.2429537641884436,3.305808613696509,1.4703310258768132,3.6862386270892826,0.014887511025345194
21.54434690031882,4.0,23.384778382118288,64.91769230669782,7.797732935053193,13.138976874101878,1.8234825656916371,5.062108273675868,2.0490846540817294,4.791739052190075,0.020199419626319146
31.622776601683793,4.0,21.375495149849485,62.232168306708154,12.439641614321111,11.217358708740559,2.6590349899278674,7.741458706175621,2.7907984439203277,5.965469860222646,0.026372987116217137
46.41588833612777,4.0,19.100615725063022,58.265322494879015,20.083918439992217,9.20614203629237,3.8361520837579857,11.70195984866994,3.697908116077597,7.063232191178993,0.032717656451043936
68.12920690579608,4.0,16.635347687139156,52.71494710503028,32.717348354984125,7.277718981550538,5.442644652864113,17.246932879498374,4.762153342981385,7.922007659996737,0.03812001547134543
100.0,4.0,14.057667064792035,45.54030035179226,53.61922202326377,5.575188493714552,7.537611714762067,24.41835475568866,5.978745393320521,8.4047212204459,0.04134489251907531
146.77992676220674,4.0,11.467068278699225,37.19445864432358,88.08842143225294,4.173665581367953,10.101159431264767,32.764011480056794,7.353032252976584,8.431772290036008,0.041529875619620585
215.44346900318823,4.0,9.008126206948832,28.647184906495895,144.2172407728799,3.0792224619454815,12.99127106100029,41.31417963125329,8.88153934375303,8.000602732050881,0.03863546225081198
316.22776601683796,4.0,6.837980713714915,20.97798003583456,233.5234729922757,2.2525045639543393,15.968290045209072,48.98850754330711,10.52025377411138,7.193729241076015,0.03351242085833396
464.1588833612773,4.0,5.053394081574815,14.829051236486798,371.86143080669535,1.6376930845209012,18.79162353604497,55.143522103057755,12.179897872643453,6.154982382380211,0.027426660455439986
681.2920690579608,4.0,3.662850220239866,10.26880964799044,581.466997779719,1.1829330984390238,21.298265208796575,59.70973916788414,13.756731146472,5.0388845709635595,0.02145118412541786
1000.0,4.0,2.6174551449500547,7.037166029954698,894.488307272536,0.8477647935171931,23.412830219681645,62.946627301299706,15.166313902368902,3.9697146353683026,0.016206668745607365
1467.7992676220676,4.0,1.8499290174617216,4.7999840085731735,1358.0897736188813,0.6022947579388923,25.12369680535589,65.18809195577391,16.359407029221384,3.0263741771823893,0.01192403565290367
2154.4346900318824,4.0,1.2959526483198156,3.2680662372475138,2041.676410596227,0.4242175261300096,26.459159513242756,66.72333744854221,17.322298321222583,2.24488783843743,0.008596314210266258
3162.2776601683795,4.0,0.9014366419338843,2.22391047111921,3047.3343506098226,0.29646659330298986,27.46978843863492,67.76998771322442,18.06865667160946,1.6287749194311907,0.006101815656365979
4641.588833612773,4.0,0.623521598990916,1.5133890882321641,4525.097378006927,0.2058338720356301,28.214959527244805,68.4823299506366,18.628366293068865,1.1615188737642783,0.004280961131228899
6812.920690579608,4.0,0.42944775203510666,1.0300734365351667,6695.342910387781,0.14216823271935727,28.75299961970221,68.96694880484506,19.037301380398176,0.817552628262683,0.0029777586197813847
10000.0,4.0,0.2948412250240932,0.7012651217632351,9881.665907133696,0.09780840292898442,29.135224813381164,69.2966764558972,19.33019921309082,0.569933961594746,0.0020584223395664616
