compound,concentration_uM,time_h,relative_activity,evidence
Clarithromycin,0.02,0.0,1.0,noise_free_synthetic_assay
Clarithromycin,0.02,0.04,0.9998217980580705,noise_free_synthetic_assay
Clarithromycin,0.02,0.08,0.9996436278720731,noise_free_synthetic_assay
Clarithromycin,0.02,0.12,0.9994654894363487,noise_free_synthetic_assay
Clarithromycin,0.02,0.16,0.9992873827452395,noise_free_synthetic_assay
Clarithromycin,0.02,0.2,0.9991093077930887,noise_free_synthetic_assay
Clarithromycin,0.02,0.24,0.9989312645742401,noise_free_synthetic_assay
Clarithromycin,0.02,0.28,0.9987532530830388,noise_free_synthetic_assay
Clarithromycin,0.02,0.32,0.9985752733138309,noise_free_synthetic_assay
Clarithromycin,0.02,0.36,0.9983973252609636,noise_free_synthetic_assay
Clarithromycin,0.02,0.4,0.9982194089187848,noise_free_synthetic_assay
Clarithromycin,0.02,0.44,0.9980415242816437,noise_free_synthetic_assay
Clarithromycin,0.02,0.48,0.9978636713438904,noise_free_synthetic_assay
Clarithromycin,0.02,0.52,0.997685850099876,noise_free_synthetic_assay
Clarithromycin,0.02,0.56,0.9975080605439526,noise_free_synthetic_assay
Clarithromycin,0.02,0.6,0.9973303026704732,noise_free_synthetic_assay
Clarithromycin,0.02,0.64,0.9971525764737922,noise_free_synthetic_assay
Clarithromycin,0.02,0.68,0.9969748819482644,noise_free_synthetic_assay
Clarithromycin,0.02,0.72,0.9967972190882464,noise_free_synthetic_assay
Clarithromycin,0.02,0.76,0.9966195878880948,noise_free_synthetic_assay
Clarithromycin,0.02,0.8,0.9964419883421681,noise_free_synthetic_assay
Clarithromycin,0.02,0.84,0.9962644204448254,noise_free_synthetic_assay
Clarithromycin,0.02,0.88,0.9960868841904268,noise_free_synthetic_assay
Clarithromycin,0.02,0.92,0.9959093795733336,noise_free_synthetic_assay
Clarithromycin,0.02,0.96,0.9957319065879078,noise_free_synthetic_assay
Clarithromycin,0.02,1.0,0.9955544652285125,noise_free_synthetic_assay
Clarithromycin,0.02,1.04,0.9953770554895122,noise_free_synthetic_assay
Clarithromycin,0.02,1.08,0.9951996773652718,noise_free_synthetic_assay
Clarithromycin,0.02,1.12,0.9950223308501577,noise_free_synthetic_assay
Clarithromycin,0.02,1.16,0.9948450159385369,noise_free_synthetic_assay
Clarithromycin,0.02,1.2,0.9946677326247777,noise_free_synthetic_assay
Clarithromycin,0.02,1.24,0.9944904809032493,noise_free_synthetic_assay
Clarithromycin,0.02,1.28,0.9943132607683219,noise_free_synthetic_assay
Clarithromycin,0.02,1.32,0.9941360722143667,noise_free_synthetic_assay
Clarithromycin,0.02,1.36,0.9939589152357559,noise_free_synthetic_assay
Clarithromycin,0.02,1.4000000000000001,0.9937817898268627,noise_free_synthetic_assay
Clarithromycin,0.02,1.44,0.9936046959820614,noise_free_synthetic_assay
Clarithromycin,0.02,1.48,0.9934276336957271,noise_free_synthetic_assay
Clarithromycin,0.02,1.52,0.993250602962236,noise_free_synthetic_assay
Clarithromycin,0.02,1.56,0.9930736037759654,noise_free_synthetic_assay
Clarithromycin,0.02,1.6,0.9928966361312935,noise_free_synthetic_assay
Clarithromycin,0.02,1.6400000000000001,0.9927197000225996,noise_free_synthetic_assay
Clarithromycin,0.02,1.68,0.9925427954442638,noise_free_synthetic_assay
Clarithromycin,0.02,1.72,0.9923659223906676,noise_free_synthetic_assay
Clarithromycin,0.02,1.76,0.9921890808561928,noise_free_synthetic_assay
Clarithromycin,0.02,1.8,0.9920122708352229,noise_free_synthetic_assay
Clarithromycin,0.02,1.84,0.9918354923221422,noise_free_synthetic_assay
Clarithromycin,0.02,1.8800000000000001,0.9916587453113357,noise_free_synthetic_assay
Clarithromycin,0.02,1.92,0.9914820297971898,noise_free_synthetic_assay
Clarithromycin,0.02,1.96,0.9913053457740917,noise_free_synthetic_assay
Clarithromycin,0.02,2.0,0.9911286932364296,noise_free_synthetic_assay
Clarithromycin,0.02,2.04,0.9909520721785928,noise_free_synthetic_assay
Clarithromycin,0.02,2.08,0.9907754825949714,noise_free_synthetic_assay
Clarithromycin,0.02,2.12,0.9905989244799568,noise_free_synthetic_assay
Clarithromycin,0.02,2.16,0.9904223978279412,noise_free_synthetic_assay
Clarithromycin,0.02,2.2,0.9902459026333177,noise_free_synthetic_assay
Clarithromycin,0.02,2.24,0.9900694388904807,noise_free_synthetic_assay
Clarithromycin,0.02,2.2800000000000002,0.9898930065938253,noise_free_synthetic_assay
Clarithromycin,0.02,2.32,0.9897166057377478,noise_free_synthetic_assay
Clarithromycin,0.02,2.36,0.9895402363166454,noise_free_synthetic_assay
Clarithromycin,0.02,2.4,0.9893638983249163,noise_free_synthetic_assay
Clarithromycin,0.02,2.44,0.9891875917569599,noise_free_synthetic_assay
Clarithromycin,0.02,2.48,0.9890113166071761,noise_free_synthetic_assay
Clarithromycin,0.02,2.52,0.9888350728699664,noise_free_synthetic_assay
Clarithromycin,0.02,2.56,0.988658860539733,noise_free_synthetic_assay
Clarithromycin,0.02,2.6,0.988482679610879,noise_free_synthetic_assay
Clarithromycin,0.02,2.64,0.9883065300778086,noise_free_synthetic_assay
Clarithromycin,0.02,2.68,0.988130411934927,noise_free_synthetic_assay
Clarithromycin,0.02,2.72,0.9879543251766406,noise_free_synthetic_assay
Clarithromycin,0.02,2.7600000000000002,0.9877782697973564,noise_free_synthetic_assay
Clarithromycin,0.02,2.8000000000000003,0.9876022457914827,noise_free_synthetic_assay
Clarithromycin,0.02,2.84,0.9874262531534287,noise_free_synthetic_assay
Clarithromycin,0.02,2.88,0.9872502918776045,noise_free_synthetic_assay
Clarithromycin,0.02,2.92,0.9870743619584215,noise_free_synthetic_assay
Clarithromycin,0.02,2.96,0.9868984633902915,noise_free_synthetic_assay
Clarithromycin,0.02,3.0,0.9867225961676281,noise_free_synthetic_assay
Clarithromycin,0.02,3.04,0.9865467602848453,noise_free_synthetic_assay
Clarithromycin,0.02,3.08,0.9863709557363582,noise_free_synthetic_assay
Clarithromycin,0.02,3.12,0.9861951825165831,noise_free_synthetic_assay
Clarithromycin,0.02,3.16,0.9860194406199371,noise_free_synthetic_assay
Clarithromycin,0.02,3.2,0.9858437300408384,noise_free_synthetic_assay
Clarithromycin,0.02,3.24,0.985668050773706,noise_free_synthetic_assay
Clarithromycin,0.02,3.2800000000000002,0.9854924028129601,noise_free_synthetic_assay
Clarithromycin,0.02,3.3200000000000003,0.9853167861530221,noise_free_synthetic_assay
Clarithromycin,0.02,3.36,0.9851412007883138,noise_free_synthetic_assay
Clarithromycin,0.02,3.4,0.9849656467132586,noise_free_synthetic_assay
Clarithromycin,0.02,3.44,0.9847901239222804,noise_free_synthetic_assay
Clarithromycin,0.02,3.48,0.9846146324098044,noise_free_synthetic_assay
Clarithromycin,0.02,3.52,0.9844391721702567,noise_free_synthetic_assay
Clarithromycin,0.02,3.56,0.9842637431980644,noise_free_synthetic_assay
Clarithromycin,0.02,3.6,0.9840883454876557,noise_free_synthetic_assay
Clarithromycin,0.02,3.64,0.9839129790334595,noise_free_synthetic_assay
Clarithromycin,0.02,3.68,0.9837376438299061,noise_free_synthetic_assay
Clarithromycin,0.02,3.72,0.9835623398714264,noise_free_synthetic_assay
Clarithromycin,0.02,3.7600000000000002,0.9833870671524525,noise_free_synthetic_assay
Clarithromycin,0.02,3.8000000000000003,0.9832118256674176,noise_free_synthetic_assay
Clarithromycin,0.02,3.84,0.9830366154107556,noise_free_synthetic_assay
Clarithromycin,0.02,3.88,0.9828614363769015,noise_free_synthetic_assay
Clarithromycin,0.02,3.92,0.9826862885602915,noise_free_synthetic_assay
Clarithromycin,0.02,3.96,0.9825111719553625,noise_free_synthetic_assay
Clarithromycin,0.02,4.0,0.9823360865565526,noise_free_synthetic_assay
Clarithromycin,0.1,0.0,1.0,noise_free_synthetic_assay
Clarithromycin,0.1,0.04,0.9991432243848621,noise_free_synthetic_assay
Clarithromycin,0.1,0.08,0.9982871828341789,noise_free_synthetic_assay
Clarithromycin,0.1,0.12,0.997431874719022,noise_free_synthetic_assay
Clarithromycin,0.1,0.16,0.9965772994110015,noise_free_synthetic_assay
Clarithromycin,0.1,0.2,0.9957234562822662,noise_free_synthetic_assay
Clarithromycin,0.1,0.24,0.9948703447055027,noise_free_synthetic_assay
Clarithromycin,0.1,0.28,0.9940179640539353,noise_free_synthetic_assay
Clarithromycin,0.1,0.32,0.9931663137013249,noise_free_synthetic_assay
Clarithromycin,0.1,0.36,0.9923153930219692,noise_free_synthetic_assay
Clarithromycin,0.1,0.4,0.991465201390702,noise_free_synthetic_assay
Clarithromycin,0.1,0.44,0.9906157381828927,noise_free_synthetic_assay
Clarithromycin,0.1,0.48,0.9897670027744458,noise_free_synthetic_assay
Clarithromycin,0.1,0.52,0.9889189945418007,noise_free_synthetic_assay
Clarithromycin,0.1,0.56,0.9880717128619305,noise_free_synthetic_assay
Clarithromycin,0.1,0.6,0.9872251571123429,noise_free_synthetic_assay
Clarithromycin,0.1,0.64,0.9863793266710784,noise_free_synthetic_assay
Clarithromycin,0.1,0.68,0.9855342209167105,noise_free_synthetic_assay
Clarithromycin,0.1,0.72,0.9846898392283452,noise_free_synthetic_assay
Clarithromycin,0.1,0.76,0.9838461809856204,noise_free_synthetic_assay
Clarithromycin,0.1,0.8,0.9830032455687053,noise_free_synthetic_assay
Clarithromycin,0.1,0.84,0.9821610323583008,noise_free_synthetic_assay
Clarithromycin,0.1,0.88,0.9813195407356375,noise_free_synthetic_assay
Clarithromycin,0.1,0.92,0.980478770082477,noise_free_synthetic_assay
Clarithromycin,0.1,0.96,0.9796387197811098,noise_free_synthetic_assay
Clarithromycin,0.1,1.0,0.9787993892143566,noise_free_synthetic_assay
Clarithromycin,0.1,1.04,0.9779607777655659,noise_free_synthetic_assay
Clarithromycin,0.1,1.08,0.9771228848186151,noise_free_synthetic_assay
Clarithromycin,0.1,1.12,0.9762857097579093,noise_free_synthetic_assay
Clarithromycin,0.1,1.16,0.9754492519683812,noise_free_synthetic_assay
Clarithromycin,0.1,1.2,0.9746135108354902,noise_free_synthetic_assay
Clarithromycin,0.1,1.24,0.9737784857452224,noise_free_synthetic_assay
Clarithromycin,0.1,1.28,0.9729441760840901,noise_free_synthetic_assay
Clarithromycin,0.1,1.32,0.9721105812391309,noise_free_synthetic_assay
Clarithromycin,0.1,1.36,0.9712777005979076,noise_free_synthetic_assay
Clarithromycin,0.1,1.4000000000000001,0.9704455335485082,noise_free_synthetic_assay
Clarithromycin,0.1,1.44,0.9696140794795444,noise_free_synthetic_assay
Clarithromycin,0.1,1.48,0.9687833377801519,noise_free_synthetic_assay
Clarithromycin,0.1,1.52,0.96795330783999,noise_free_synthetic_assay
Clarithromycin,0.1,1.56,0.9671239890492407,noise_free_synthetic_assay
Clarithromycin,0.1,1.6,0.9662953807986084,noise_free_synthetic_assay
Clarithromycin,0.1,1.6400000000000001,0.9654674824793198,noise_free_synthetic_assay
Clarithromycin,0.1,1.68,0.9646402934831231,noise_free_synthetic_assay
Clarithromycin,0.1,1.72,0.9638138132022872,noise_free_synthetic_assay
Clarithromycin,0.1,1.76,0.9629880410296024,noise_free_synthetic_assay
Clarithromycin,0.1,1.8,0.962162976358379,noise_free_synthetic_assay
Clarithromycin,0.1,1.84,0.9613386185824466,noise_free_synthetic_assay
Clarithromycin,0.1,1.8800000000000001,0.9605149670961549,noise_free_synthetic_assay
Clarithromycin,0.1,1.92,0.9596920212943719,noise_free_synthetic_assay
Clarithromycin,0.1,1.96,0.9588697805724845,noise_free_synthetic_assay
Clarithromycin,0.1,2.0,0.9580482443263975,noise_free_synthetic_assay
Clarithromycin,0.1,2.04,0.9572274119525329,noise_free_synthetic_assay
Clarithromycin,0.1,2.08,0.9564072828478305,noise_free_synthetic_assay
Clarithromycin,0.1,2.12,0.9555878564097462,noise_free_synthetic_assay
Clarithromycin,0.1,2.16,0.9547691320362525,noise_free_synthetic_assay
Clarithromycin,0.1,2.2,0.9539511091258375,noise_free_synthetic_assay
Clarithromycin,0.1,2.24,0.9531337870775047,noise_free_synthetic_assay
Clarithromycin,0.1,2.2800000000000002,0.9523171652907727,noise_free_synthetic_assay
Clarithromycin,0.1,2.32,0.9515012431656744,noise_free_synthetic_assay
Clarithromycin,0.1,2.36,0.9506860201027567,noise_free_synthetic_assay
Clarithromycin,0.1,2.4,0.9498714955030801,noise_free_synthetic_assay
Clarithromycin,0.1,2.44,0.9490576687682186,noise_free_synthetic_assay
Clarithromycin,0.1,2.48,0.9482445393002584,noise_free_synthetic_assay
Clarithromycin,0.1,2.52,0.9474321065017983,noise_free_synthetic_assay
Clarithromycin,0.1,2.56,0.9466203697759489,noise_free_synthetic_assay
Clarithromycin,0.1,2.6,0.945809328526332,noise_free_synthetic_assay
Clarithromycin,0.1,2.64,0.9449989821570808,noise_free_synthetic_assay
Clarithromycin,0.1,2.68,0.9441893300728385,noise_free_synthetic_assay
Clarithromycin,0.1,2.72,0.9433803716787587,noise_free_synthetic_assay
Clarithromycin,0.1,2.7600000000000002,0.9425721063805047,noise_free_synthetic_assay
Clarithromycin,0.1,2.8000000000000003,0.9417645335842487,noise_free_synthetic_assay
Clarithromycin,0.1,2.84,0.9409576526966721,noise_free_synthetic_assay
Clarithromycin,0.1,2.88,0.9401514631249642,noise_free_synthetic_assay
Clarithromycin,0.1,2.92,0.9393459642768225,noise_free_synthetic_assay
Clarithromycin,0.1,2.96,0.9385411555604519,noise_free_synthetic_assay
Clarithromycin,0.1,3.0,0.9377370363845645,noise_free_synthetic_assay
Clarithromycin,0.1,3.04,0.9369336061583785,noise_free_synthetic_assay
Clarithromycin,0.1,3.08,0.9361308642916188,noise_free_synthetic_assay
Clarithromycin,0.1,3.12,0.9353288101945159,noise_free_synthetic_assay
Clarithromycin,0.1,3.16,0.9345274432778052,noise_free_synthetic_assay
Clarithromycin,0.1,3.2,0.9337267629527277,noise_free_synthetic_assay
Clarithromycin,0.1,3.24,0.9329267686310282,noise_free_synthetic_assay
Clarithromycin,0.1,3.2800000000000002,0.9321274597249558,noise_free_synthetic_assay
Clarithromycin,0.1,3.3200000000000003,0.9313288356472631,noise_free_synthetic_assay
Clarithromycin,0.1,3.36,0.9305308958112057,noise_free_synthetic_assay
Clarithromycin,0.1,3.4,0.9297336396305423,noise_free_synthetic_assay
Clarithromycin,0.1,3.44,0.9289370665195334,noise_free_synthetic_assay
Clarithromycin,0.1,3.48,0.9281411758929419,noise_free_synthetic_assay
Clarithromycin,0.1,3.52,0.9273459671660313,noise_free_synthetic_assay
Clarithromycin,0.1,3.56,0.9265514397545671,noise_free_synthetic_assay
Clarithromycin,0.1,3.6,0.9257575930748145,noise_free_synthetic_assay
Clarithromycin,0.1,3.64,0.9249644265435393,noise_free_synthetic_assay
Clarithromycin,0.1,3.68,0.9241719395780068,noise_free_synthetic_assay
Clarithromycin,0.1,3.72,0.9233801315959816,noise_free_synthetic_assay
Clarithromycin,0.1,3.7600000000000002,0.9225890020157275,noise_free_synthetic_assay
Clarithromycin,0.1,3.8000000000000003,0.921798550256006,noise_free_synthetic_assay
Clarithromycin,0.1,3.84,0.9210087757360772,noise_free_synthetic_assay
Clarithromycin,0.1,3.88,0.9202196778756986,noise_free_synthetic_assay
Clarithromycin,0.1,3.92,0.9194312560951247,noise_free_synthetic_assay
Clarithromycin,0.1,3.96,0.9186435098151068,noise_free_synthetic_assay
Clarithromycin,0.1,4.0,0.9178564384568926,noise_free_synthetic_assay
Clarithromycin,0.5,0.0,1.0,noise_free_synthetic_assay
Clarithromycin,0.5,0.04,0.9964064722309933,noise_free_synthetic_assay
Clarithromycin,0.5,0.08,0.9928258579038134,noise_free_synthetic_assay
Clarithromycin,0.5,0.12,0.9892581106136482,noise_free_synthetic_assay
Clarithromycin,0.5,0.16,0.985703184122443,noise_free_synthetic_assay
Clarithromycin,0.5,0.2,0.9821610323583008,noise_free_synthetic_assay
Clarithromycin,0.5,0.24,0.9786316094148849,noise_free_synthetic_assay
Clarithromycin,0.5,0.28,0.9751148695508249,noise_free_synthetic_assay
Clarithromycin,0.5,0.32,0.9716107671891228,noise_free_synthetic_assay
Clarithromycin,0.5,0.36,0.9681192569165628,noise_free_synthetic_assay
Clarithromycin,0.5,0.4,0.9646402934831231,noise_free_synthetic_assay
Clarithromycin,0.5,0.44,0.9611738318013887,noise_free_synthetic_assay
Clarithromycin,0.5,0.48,0.9577198269459679,noise_free_synthetic_assay
Clarithromycin,0.5,0.52,0.9542782341529094,noise_free_synthetic_assay
Clarithromycin,0.5,0.56,0.9508490088191223,noise_free_synthetic_assay
Clarithromycin,0.5,0.6,0.9474321065017983,noise_free_synthetic_assay
Clarithromycin,0.5,0.64,0.9440274829178357,noise_free_synthetic_assay
Clarithromycin,0.5,0.68,0.9406350939432649,noise_free_synthetic_assay
Clarithromycin,0.5,0.72,0.9372548956126777,noise_free_synthetic_assay
Clarithromycin,0.5,0.76,0.9338868441186561,noise_free_synthetic_assay
Clarithromycin,0.5,0.8,0.9305308958112057,noise_free_synthetic_assay
Clarithromycin,0.5,0.84,0.9271870071971895,noise_free_synthetic_assay
Clarithromycin,0.5,0.88,0.9238551349397643,noise_free_synthetic_assay
Clarithromycin,0.5,0.92,0.9205352358578188,noise_free_synthetic_assay
Clarithromycin,0.5,0.96,0.9172272669254148,noise_free_synthetic_assay
Clarithromycin,0.5,1.0,0.9139311852712282,noise_free_synthetic_assay
Clarithromycin,0.5,1.04,0.9106469481779949,noise_free_synthetic_assay
Clarithromycin,0.5,1.08,0.9073745130819562,noise_free_synthetic_assay
Clarithromycin,0.5,1.12,0.9041138375723072,noise_free_synthetic_assay
Clarithromycin,0.5,1.16,0.900864879390648,noise_free_synthetic_assay
Clarithromycin,0.5,1.2,0.8976275964304349,noise_free_synthetic_assay
Clarithromycin,0.5,1.24,0.8944019467364355,noise_free_synthetic_assay
Clarithromycin,0.5,1.28,0.8911878885041844,noise_free_synthetic_assay
Clarithromycin,0.5,1.32,0.8879853800794423,noise_free_synthetic_assay
Clarithromycin,0.5,1.36,0.8847943799576549,noise_free_synthetic_assay
Clarithromycin,0.5,1.4000000000000001,0.8816148467834161,noise_free_synthetic_assay
Clarithromycin,0.5,1.44,0.8784467393499313,noise_free_synthetic_assay
Clarithromycin,0.5,1.48,0.875290016598484,noise_free_synthetic_assay
Clarithromycin,0.5,1.52,0.8721446376179031,noise_free_synthetic_assay
Clarithromycin,0.5,1.56,0.8690105616440329,noise_free_synthetic_assay
Clarithromycin,0.5,1.6,0.865887748059205,noise_free_synthetic_assay
Clarithromycin,0.5,1.6400000000000001,0.8627761563917117,noise_free_synthetic_assay
Clarithromycin,0.5,1.68,0.8596757463152812,noise_free_synthetic_assay
Clarithromycin,0.5,1.72,0.8565864776485558,noise_free_synthetic_assay
Clarithromycin,0.5,1.76,0.8535083103545701,noise_free_synthetic_assay
Clarithromycin,0.5,1.8,0.850441204540233,noise_free_synthetic_assay
Clarithromycin,0.5,1.84,0.8473851204558103,noise_free_synthetic_assay
Clarithromycin,0.5,1.8800000000000001,0.8443400184944092,noise_free_synthetic_assay
Clarithromycin,0.5,1.92,0.841305859191466,noise_free_synthetic_assay
Clarithromycin,0.5,1.96,0.8382826032242334,noise_free_synthetic_assay
Clarithromycin,0.5,2.0,0.835270211411272,noise_free_synthetic_assay
Clarithromycin,0.5,2.04,0.8322686447119416,noise_free_synthetic_assay
Clarithromycin,0.5,2.08,0.8292778642258957,noise_free_synthetic_assay
Clarithromycin,0.5,2.12,0.8262978311925774,noise_free_synthetic_assay
Clarithromycin,0.5,2.16,0.8233285069907169,noise_free_synthetic_assay
Clarithromycin,0.5,2.2,0.8203698531378311,noise_free_synthetic_assay
Clarithromycin,0.5,2.24,0.8174218312897243,noise_free_synthetic_assay
Clarithromycin,0.5,2.2800000000000002,0.8144844032399924,noise_free_synthetic_assay
Clarithromycin,0.5,2.32,0.8115575309195268,noise_free_synthetic_assay
Clarithromycin,0.5,2.36,0.808641176396021,noise_free_synthetic_assay
Clarithromycin,0.5,2.4,0.8057353018734796,noise_free_synthetic_assay
Clarithromycin,0.5,2.44,0.8028398696917284,noise_free_synthetic_assay
Clarithromycin,0.5,2.48,0.7999548423259255,noise_free_synthetic_assay
Clarithromycin,0.5,2.52,0.7970801823860759,noise_free_synthetic_assay
Clarithromycin,0.5,2.56,0.7942158526165467,noise_free_synthetic_assay
Clarithromycin,0.5,2.6,0.7913618158955839,noise_free_synthetic_assay
Clarithromycin,0.5,2.64,0.7885180352348315,noise_free_synthetic_assay
Clarithromycin,0.5,2.68,0.7856844737788526,noise_free_synthetic_assay
Clarithromycin,0.5,2.72,0.7828610948046509,noise_free_synthetic_assay
Clarithromycin,0.5,2.7600000000000002,0.7800478617211956,noise_free_synthetic_assay
Clarithromycin,0.5,2.8000000000000003,0.7772447380689461,noise_free_synthetic_assay
Clarithromycin,0.5,2.84,0.7744516875193811,noise_free_synthetic_assay
Clarithromycin,0.5,2.88,0.7716686738745262,noise_free_synthetic_assay
Clarithromycin,0.5,2.92,0.7688956610664855,noise_free_synthetic_assay
Clarithromycin,0.5,2.96,0.7661326131569745,noise_free_synthetic_assay
Clarithromycin,0.5,3.0,0.7633794943368531,noise_free_synthetic_assay
Clarithromycin,0.5,3.04,0.7606362689256635,noise_free_synthetic_assay
Clarithromycin,0.5,3.08,0.7579029013711654,noise_free_synthetic_assay
Clarithromycin,0.5,3.12,0.7551793562488776,noise_free_synthetic_assay
Clarithromycin,0.5,3.16,0.7524655982616166,noise_free_synthetic_assay
Clarithromycin,0.5,3.2,0.7497615922390413,noise_free_synthetic_assay
Clarithromycin,0.5,3.24,0.7470673031371956,noise_free_synthetic_assay
Clarithromycin,0.5,3.2800000000000002,0.7443826960380553,noise_free_synthetic_assay
Clarithromycin,0.5,3.3200000000000003,0.7417077361490745,noise_free_synthetic_assay
Clarithromycin,0.5,3.36,0.7390423888027358,noise_free_synthetic_assay
Clarithromycin,0.5,3.4,0.7363866194561001,noise_free_synthetic_assay
Clarithromycin,0.5,3.44,0.7337403936903597,noise_free_synthetic_assay
Clarithromycin,0.5,3.48,0.7311036772103915,noise_free_synthetic_assay
Clarithromycin,0.5,3.52,0.7284764358443131,noise_free_synthetic_assay
Clarithromycin,0.5,3.56,0.7258586355430395,noise_free_synthetic_assay
Clarithromycin,0.5,3.6,0.7232502423798424,noise_free_synthetic_assay
Clarithromycin,0.5,3.64,0.7206512225499097,noise_free_synthetic_assay
Clarithromycin,0.5,3.68,0.718061542369908,noise_free_synthetic_assay
Clarithromycin,0.5,3.72,0.715481168277546,noise_free_synthetic_assay
Clarithromycin,0.5,3.7600000000000002,0.7129100668311393,noise_free_synthetic_assay
Clarithromycin,0.5,3.8000000000000003,0.7103482047091773,noise_free_synthetic_assay
Clarithromycin,0.5,3.84,0.7077955487098908,noise_free_synthetic_assay
Clarithromycin,0.5,3.88,0.7052520657508226,noise_free_synthetic_assay
Clarithromycin,0.5,3.92,0.7027177228683976,noise_free_synthetic_assay
Clarithromycin,0.5,3.96,0.7001924872174969,noise_free_synthetic_assay
Clarithromycin,0.5,4.0,0.697676326071031,noise_free_synthetic_assay
Clarithromycin,2.0,0.0,1.0,noise_free_synthetic_assay
Clarithromycin,2.0,0.04,0.9910403787728836,noise_free_synthetic_assay
Clarithromycin,2.0,0.08,0.9821610323583008,noise_free_synthetic_assay
Clarithromycin,2.0,0.12,0.9733612415243368,noise_free_synthetic_assay
Clarithromycin,2.0,0.16,0.9646402934831231,noise_free_synthetic_assay
Clarithromycin,2.0,0.2,0.9559974818330998,noise_free_synthetic_assay
Clarithromycin,2.0,0.24,0.9474321065017983,noise_free_synthetic_assay
Clarithromycin,2.0,0.28,0.9389434736891332,noise_free_synthetic_assay
Clarithromycin,2.0,0.32,0.9305308958112057,noise_free_synthetic_assay
Clarithromycin,2.0,0.36,0.922193691444608,noise_free_synthetic_assay
Clarithromycin,2.0,0.4,0.9139311852712282,noise_free_synthetic_assay
Clarithromycin,2.0,0.44,0.9057427080235485,noise_free_synthetic_assay
Clarithromycin,2.0,0.48,0.8976275964304349,noise_free_synthetic_assay
Clarithromycin,2.0,0.52,0.8895851931634113,noise_free_synthetic_assay
Clarithromycin,2.0,0.56,0.8816148467834161,noise_free_synthetic_assay
Clarithromycin,2.0,0.6,0.8737159116880344,noise_free_synthetic_assay
Clarithromycin,2.0,0.64,0.865887748059205,noise_free_synthetic_assay
Clarithromycin,2.0,0.68,0.8581297218113938,noise_free_synthetic_assay
Clarithromycin,2.0,0.72,0.850441204540233,noise_free_synthetic_assay
Clarithromycin,2.0,0.76,0.8428215734716199,noise_free_synthetic_assay
Clarithromycin,2.0,0.8,0.835270211411272,noise_free_synthetic_assay
Clarithromycin,2.0,0.84,0.8277865066947336,noise_free_synthetic_assay
Clarithromycin,2.0,0.88,0.8203698531378311,noise_free_synthetic_assay
Clarithromycin,2.0,0.92,0.813019649987571,noise_free_synthetic_assay
Clarithromycin,2.0,0.96,0.8057353018734796,noise_free_synthetic_assay
Clarithromycin,2.0,1.0,0.7985162187593771,noise_free_synthetic_assay
Clarithromycin,2.0,1.04,0.7913618158955839,noise_free_synthetic_assay
Clarithromycin,2.0,1.08,0.7842715137715565,noise_free_synthetic_assay
Clarithromycin,2.0,1.12,0.7772447380689461,noise_free_synthetic_assay
Clarithromycin,2.0,1.16,0.7702809196150792,noise_free_synthetic_assay
Clarithromycin,2.0,1.2,0.7633794943368531,noise_free_synthetic_assay
Clarithromycin,2.0,1.24,0.7565399032150474,noise_free_synthetic_assay
Clarithromycin,2.0,1.28,0.7497615922390413,noise_free_synthetic_assay
Clarithromycin,2.0,1.32,0.7430440123619398,noise_free_synthetic_assay
Clarithromycin,2.0,1.36,0.7363866194561001,noise_free_synthetic_assay
Clarithromycin,2.0,1.4000000000000001,0.7297888742690568,noise_free_synthetic_assay
Clarithromycin,2.0,1.44,0.7232502423798424,noise_free_synthetic_assay
Clarithromycin,2.0,1.48,0.716770194155699,noise_free_synthetic_assay
Clarithromycin,2.0,1.52,0.7103482047091773,noise_free_synthetic_assay
Clarithromycin,2.0,1.56,0.7039837538556208,noise_free_synthetic_assay
Clarithromycin,2.0,1.6,0.697676326071031,noise_free_synthetic_assay
Clarithromycin,2.0,1.6400000000000001,0.6914254104503085,noise_free_synthetic_assay
Clarithromycin,2.0,1.68,0.6852305006658703,noise_free_synthetic_assay
Clarithromycin,2.0,1.72,0.6790910949266368,noise_free_synthetic_assay
Clarithromycin,2.0,1.76,0.6730066959373864,noise_free_synthetic_assay
Clarithromycin,2.0,1.8,0.6669768108584744,noise_free_synthetic_assay
Clarithromycin,2.0,1.84,0.6610009512659124,noise_free_synthetic_assay
Clarithromycin,2.0,1.8800000000000001,0.6550786331118063,noise_free_synthetic_assay
Clarithromycin,2.0,1.92,0.6492093766851474,noise_free_synthetic_assay
Clarithromycin,2.0,1.96,0.6433927065729562,noise_free_synthetic_assay
Clarithromycin,2.0,2.0,0.6376281516217733,noise_free_synthetic_assay
Clarithromycin,2.0,2.04,0.6319152448994959,noise_free_synthetic_assay
Clarithromycin,2.0,2.08,0.6262535236575559,noise_free_synthetic_assay
Clarithromycin,2.0,2.12,0.6206425292934373,noise_free_synthetic_assay
Clarithromycin,2.0,2.16,0.6150818073135287,noise_free_synthetic_assay
Clarithromycin,2.0,2.2,0.6095709072963093,noise_free_synthetic_assay
Clarithromycin,2.0,2.24,0.6041093828558647,noise_free_synthetic_assay
Clarithromycin,2.0,2.2800000000000002,0.5986967916057291,noise_free_synthetic_assay
Clarithromycin,2.0,2.32,0.593332695123052,noise_free_synthetic_assay
Clarithromycin,2.0,2.36,0.5880166589130854,noise_free_synthetic_assay
Clarithromycin,2.0,2.4,0.5827482523739896,noise_free_synthetic_assay
Clarithromycin,2.0,2.44,0.5775270487619547,noise_free_synthetic_assay
Clarithromycin,2.0,2.48,0.5723526251566332,noise_free_synthetic_assay
Clarithromycin,2.0,2.52,0.5672245624268841,noise_free_synthetic_assay
Clarithromycin,2.0,2.56,0.5621424451968224,noise_free_synthetic_assay
Clarithromycin,2.0,2.6,0.5571058618121738,noise_free_synthetic_assay
Clarithromycin,2.0,2.64,0.5521144043069306,noise_free_synthetic_assay
Clarithromycin,2.0,2.68,0.5471676683703055,noise_free_synthetic_assay
Clarithromycin,2.0,2.72,0.5422652533139831,noise_free_synthetic_assay
Clarithromycin,2.0,2.7600000000000002,0.5374067620396635,noise_free_synthetic_assay
Clarithromycin,2.0,2.8000000000000003,0.5325918010068972,noise_free_synthetic_assay
Clarithromycin,2.0,2.84,0.5278199802012077,noise_free_synthetic_assay
Clarithromycin,2.0,2.88,0.5230909131025008,noise_free_synthetic_assay
Clarithromycin,2.0,2.92,0.5184042166537559,noise_free_synthetic_assay
Clarithromycin,2.0,2.96,0.5137595112299983,noise_free_synthetic_assay
Clarithromycin,2.0,3.0,0.5091564206075492,noise_free_synthetic_assay
Clarithromycin,2.0,3.04,0.5045945719335512,noise_free_synthetic_assay
Clarithromycin,2.0,3.08,0.5000735956957676,noise_free_synthetic_assay
Clarithromycin,2.0,3.12,0.4955931256926514,noise_free_synthetic_assay
Clarithromycin,2.0,3.16,0.49115279900368264,noise_free_synthetic_assay
Clarithromycin,2.0,3.2,0.4867522559599716,noise_free_synthetic_assay
Clarithromycin,2.0,3.24,0.4823911401151259,noise_free_synthetic_assay
Clarithromycin,2.0,3.2800000000000002,0.47806909821637755,noise_free_synthetic_assay
Clarithromycin,2.0,3.3200000000000003,0.47378578017596973,noise_free_synthetic_assay
Clarithromycin,2.0,3.36,0.46954083904279925,noise_free_synthetic_assay
Clarithromycin,2.0,3.4,0.4653339309743134,noise_free_synthetic_assay
Clarithromycin,2.0,3.44,0.4611647152086584,noise_free_synthetic_assay
Clarithromycin,2.0,3.48,0.4570328540370779,noise_free_synthetic_assay
Clarithromycin,2.0,3.52,0.4529380127765577,noise_free_synthetic_assay
Clarithromycin,2.0,3.56,0.448879859742717,noise_free_synthetic_assay
Clarithromycin,2.0,3.6,0.4448580662229411,noise_free_synthetic_assay
Clarithromycin,2.0,3.64,0.4408723064497561,noise_free_synthetic_assay
Clarithromycin,2.0,3.68,0.43692225757444114,noise_free_synthetic_assay
Clarithromycin,2.0,3.72,0.4330075996408776,noise_free_synthetic_assay
Clarithromycin,2.0,3.7600000000000002,0.4291280155596325,noise_free_synthetic_assay
Clarithromycin,2.0,3.8000000000000003,0.4252831910822741,noise_free_synthetic_assay
Clarithromycin,2.0,3.84,0.42147281477591764,noise_free_synthetic_assay
Clarithromycin,2.0,3.88,0.4176965779979988,noise_free_synthetic_assay
Clarithromycin,2.0,3.92,0.4139541748712741,noise_free_synthetic_assay
Clarithromycin,2.0,3.96,0.410245302259044,noise_free_synthetic_assay
Clarithromycin,2.0,4.0,0.4065696597405991,noise_free_synthetic_assay
Clarithromycin,10.0,0.0,1.0,noise_free_synthetic_assay
Clarithromycin,10.0,0.04,0.9851119396030626,noise_free_synthetic_assay
Clarithromycin,10.0,0.08,0.9704455335485082,noise_free_synthetic_assay
Clarithromycin,10.0,0.12,0.9559974818331,noise_free_synthetic_assay
Clarithromycin,10.0,0.16,0.9417645335842487,noise_free_synthetic_assay
Clarithromycin,10.0,0.2,0.9277434863285529,noise_free_synthetic_assay
Clarithromycin,10.0,0.24,0.9139311852712282,noise_free_synthetic_assay
Clarithromycin,10.0,0.28,0.9003245225862656,noise_free_synthetic_assay
Clarithromycin,10.0,0.32,0.8869204367171575,noise_free_synthetic_assay
Clarithromycin,10.0,0.36,0.8737159116880344,noise_free_synthetic_assay
Clarithromycin,10.0,0.4,0.8607079764250578,noise_free_synthetic_assay
Clarithromycin,10.0,0.44,0.8478937040879159,noise_free_synthetic_assay
Clarithromycin,10.0,0.48,0.835270211411272,noise_free_synthetic_assay
Clarithromycin,10.0,0.52,0.8228346580560184,noise_free_synthetic_assay
Clarithromycin,10.0,0.56,0.8105842459701871,noise_free_synthetic_assay
Clarithromycin,10.0,0.6,0.7985162187593771,noise_free_synthetic_assay
Clarithromycin,10.0,0.64,0.7866278610665535,noise_free_synthetic_assay
Clarithromycin,10.0,0.68,0.774916497961081,noise_free_synthetic_assay
Clarithromycin,10.0,0.72,0.7633794943368531,noise_free_synthetic_assay
Clarithromycin,10.0,0.76,0.7520142543193826,noise_free_synthetic_assay
Clarithromycin,10.0,0.8,0.7408182206817179,noise_free_synthetic_assay
Clarithromycin,10.0,0.84,0.7297888742690568,noise_free_synthetic_assay
Clarithromycin,10.0,0.88,0.7189237334319262,noise_free_synthetic_assay
Clarithromycin,10.0,0.92,0.7082203534678,noise_free_synthetic_assay
Clarithromycin,10.0,0.96,0.697676326071031,noise_free_synthetic_assay
Clarithromycin,10.0,1.0,0.6872892787909722,noise_free_synthetic_assay
Clarithromycin,10.0,1.04,0.6770568744981647,noise_free_synthetic_assay
Clarithromycin,10.0,1.08,0.6669768108584744,noise_free_synthetic_assay
Clarithromycin,10.0,1.12,0.6570468198150567,noise_free_synthetic_assay
Clarithromycin,10.0,1.16,0.6472646670780347,noise_free_synthetic_assay
Clarithromycin,10.0,1.2,0.6376281516217733,noise_free_synthetic_assay
Clarithromycin,10.0,1.24,0.6281351051896409,noise_free_synthetic_assay
Clarithromycin,10.0,1.28,0.6187833918061408,noise_free_synthetic_assay
Clarithromycin,10.0,1.32,0.6095709072963093,noise_free_synthetic_assay
Clarithromycin,10.0,1.36,0.6004955788122659,noise_free_synthetic_assay
Clarithromycin,10.0,1.4000000000000001,0.5915553643668151,noise_free_synthetic_assay
Clarithromycin,10.0,1.44,0.5827482523739896,noise_free_synthetic_assay
Clarithromycin,10.0,1.48,0.5740722611964361,noise_free_synthetic_assay
Clarithromycin,10.0,1.52,0.5655254386995371,noise_free_synthetic_assay
Clarithromycin,10.0,1.56,0.5571058618121739,noise_free_synthetic_assay
Clarithromycin,10.0,1.6,0.5488116360940264,noise_free_synthetic_assay
Clarithromycin,10.0,1.6400000000000001,0.5406408953093166,noise_free_synthetic_assay
Clarithromycin,10.0,1.68,0.5325918010068972,noise_free_synthetic_assay
Clarithromycin,10.0,1.72,0.5246625421065929,noise_free_synthetic_assay
Clarithromycin,10.0,1.76,0.5168513344916992,noise_free_synthetic_assay
Clarithromycin,10.0,1.8,0.5091564206075492,noise_free_synthetic_assay
Clarithromycin,10.0,1.84,0.5015760690660555,noise_free_synthetic_assay
Clarithromycin,10.0,1.8800000000000001,0.49410857425614163,noise_free_synthetic_assay
Clarithromycin,10.0,1.92,0.4867522559599717,noise_free_synthetic_assay
Clarithromycin,10.0,1.96,0.4795054589748941,noise_free_synthetic_assay
Clarithromycin,10.0,2.0,0.4723665527410147,noise_free_synthetic_assay
Clarithromycin,10.0,2.04,0.4653339309743134,noise_free_synthetic_assay
Clarithromycin,10.0,2.08,0.4584060113052235,noise_free_synthetic_assay
Clarithromycin,10.0,2.12,0.4515812349225922,noise_free_synthetic_assay
Clarithromycin,10.0,2.16,0.4448580662229411,noise_free_synthetic_assay
Clarithromycin,10.0,2.2,0.4382349924649492,noise_free_synthetic_assay
Clarithromycin,10.0,2.24,0.4317105234290797,noise_free_synthetic_assay
Clarithromycin,10.0,2.2800000000000002,0.4252831910822741,noise_free_synthetic_assay
Clarithromycin,10.0,2.32,0.41895154924763905,noise_free_synthetic_assay
Clarithromycin,10.0,2.36,0.4127141732790497,noise_free_synthetic_assay
Clarithromycin,10.0,2.4,0.40656965974059917,noise_free_synthetic_assay
Clarithromycin,10.0,2.44,0.4005166260908188,noise_free_synthetic_assay
Clarithromycin,10.0,2.48,0.39455371037160114,noise_free_synthetic_assay
Clarithromycin,10.0,2.52,0.388679570901753,noise_free_synthetic_assay
Clarithromycin,10.0,2.56,0.38289288597511206,noise_free_synthetic_assay
Clarithromycin,10.0,2.6,0.3771923535631569,noise_free_synthetic_assay
Clarithromycin,10.0,2.64,0.3715766910220457,noise_free_synthetic_assay
Clarithromycin,10.0,2.68,0.36604463480401533,noise_free_synthetic_assay
Clarithromycin,10.0,2.72,0.3605949401730783,noise_free_synthetic_assay
Clarithromycin,10.0,2.7600000000000002,0.35522638092495146,noise_free_synthetic_assay
Clarithromycin,10.0,2.8000000000000003,0.3499377491111553,noise_free_synthetic_assay
Clarithromycin,10.0,2.84,0.3447278547672202,noise_free_synthetic_assay
Clarithromycin,10.0,2.88,0.3395955256449391,noise_free_synthetic_assay
Clarithromycin,10.0,2.92,0.3345396069486076,noise_free_synthetic_assay
Clarithromycin,10.0,2.96,0.3295589610751891,noise_free_synthetic_assay
Clarithromycin,10.0,3.0,0.32465246735834974,noise_free_synthetic_assay
Clarithromycin,10.0,3.04,0.31981902181630384,noise_free_synthetic_assay
Clarithromycin,10.0,3.08,0.3150575369034133,noise_free_synthetic_assay
Clarithromycin,10.0,3.12,0.31036694126548503,noise_free_synthetic_assay
Clarithromycin,10.0,3.16,0.30574617949871175,noise_free_synthetic_assay
Clarithromycin,10.0,3.2,0.301194211912202,noise_free_synthetic_assay
Clarithromycin,10.0,3.24,0.29671001429404525,noise_free_synthetic_assay
Clarithromycin,10.0,3.2800000000000002,0.2922925776808594,noise_free_synthetic_assay
Clarithromycin,10.0,3.3200000000000003,0.2879409081307702,noise_free_synthetic_assay
Clarithromycin,10.0,3.36,0.2836540264997704,noise_free_synthetic_assay
Clarithromycin,10.0,3.4,0.27943096822140734,noise_free_synthetic_assay
Clarithromycin,10.0,3.44,0.27527078308975234,noise_free_synthetic_assay
Clarithromycin,10.0,3.48,0.2711725350455999,noise_free_synthetic_assay
Clarithromycin,10.0,3.52,0.26713530196585034,noise_free_synthetic_assay
Clarithromycin,10.0,3.56,0.2631581754560287,noise_free_synthetic_assay
Clarithromycin,10.0,3.6,0.2592402606458915,noise_free_synthetic_assay
Clarithromycin,10.0,3.64,0.2553806759880777,noise_free_synthetic_assay
Clarithromycin,10.0,3.68,0.25157855305975646,noise_free_synthetic_assay
Clarithromycin,10.0,3.72,0.24783303636722875,noise_free_synthetic_assay
Clarithromycin,10.0,3.7600000000000002,0.24414328315343706,noise_free_synthetic_assay
Clarithromycin,10.0,3.8000000000000003,0.24050846320834213,noise_free_synthetic_assay
Clarithromycin,10.0,3.84,0.23692775868212176,noise_free_synthetic_assay
Clarithromycin,10.0,3.88,0.23340036390115132,noise_free_synthetic_assay
Clarithromycin,10.0,3.92,0.22992548518672384,noise_free_synthetic_assay
Clarithromycin,10.0,3.96,0.2265023406764688,noise_free_synthetic_assay
Clarithromycin,10.0,4.0,0.22313016014842982,noise_free_synthetic_assay
Ritonavir,0.02,0.0,1.0,noise_free_synthetic_assay
Ritonavir,0.02,0.04,0.9962423717383315,noise_free_synthetic_assay
Ritonavir,0.02,0.08,0.992498863246816,noise_free_synthetic_assay
Ritonavir,0.02,0.12,0.988769421468606,noise_free_synthetic_assay
Ritonavir,0.02,0.16,0.985053993546222,noise_free_synthetic_assay
Ritonavir,0.02,0.2,0.9813525268208034,noise_free_synthetic_assay
Ritonavir,0.02,0.24,0.9776649688313618,noise_free_synthetic_assay
Ritonavir,0.02,0.28,0.973991267314038,noise_free_synthetic_assay
Ritonavir,0.02,0.32,0.9703313702013604,noise_free_synthetic_assay
Ritonavir,0.02,0.36,0.9666852256215084,noise_free_synthetic_assay
Ritonavir,0.02,0.4,0.9630527818975757,noise_free_synthetic_assay
Ritonavir,0.02,0.44,0.959433987546839,noise_free_synthetic_assay
Ritonavir,0.02,0.48,0.9558287912800277,noise_free_synthetic_assay
Ritonavir,0.02,0.52,0.9522371420005975,noise_free_synthetic_assay
Ritonavir,0.02,0.56,0.9486589888040057,noise_free_synthetic_assay
Ritonavir,0.02,0.6,0.94509428097699,noise_free_synthetic_assay
Ritonavir,0.02,0.64,0.9415429679968497,noise_free_synthetic_assay
Ritonavir,0.02,0.68,0.9380049995307295,noise_free_synthetic_assay
Ritonavir,0.02,0.72,0.9344803254349066,noise_free_synthetic_assay
Ritonavir,0.02,0.76,0.9309688957540793,noise_free_synthetic_assay
Ritonavir,0.02,0.8,0.9274706607206594,noise_free_synthetic_assay
Ritonavir,0.02,0.84,0.9239855707540672,noise_free_synthetic_assay
Ritonavir,0.02,0.88,0.9205135764600278,noise_free_synthetic_assay
Ritonavir,0.02,0.92,0.9170546286298722,noise_free_synthetic_assay
Ritonavir,0.02,0.96,0.9136086782398387,noise_free_synthetic_assay
Ritonavir,0.02,1.0,0.9101756764503792,noise_free_synthetic_assay
Ritonavir,0.02,1.04,0.9067555746054661,noise_free_synthetic_assay
Ritonavir,0.02,1.08,0.9033483242319031,noise_free_synthetic_assay
Ritonavir,0.02,1.12,0.8999538770386386,noise_free_synthetic_assay
Ritonavir,0.02,1.16,0.8965721849160802,noise_free_synthetic_assay
Ritonavir,0.02,1.2,0.8932031999354136,noise_free_synthetic_assay
Ritonavir,0.02,1.24,0.8898468743479236,noise_free_synthetic_assay
Ritonavir,0.02,1.28,0.8865031605843166,noise_free_synthetic_assay
Ritonavir,0.02,1.32,0.8831720112540465,noise_free_synthetic_assay
Ritonavir,0.02,1.36,0.8798533791446438,noise_free_synthetic_assay
Ritonavir,0.02,1.4000000000000001,0.8765472172210454,noise_free_synthetic_assay
Ritonavir,0.02,1.44,0.8732534786249289,noise_free_synthetic_assay
Ritonavir,0.02,1.48,0.8699721166740475,noise_free_synthetic_assay
Ritonavir,0.02,1.52,0.8667030848615697,noise_free_synthetic_assay
Ritonavir,0.02,1.56,0.8634463368554186,noise_free_synthetic_assay
Ritonavir,0.02,1.6,0.8602018264976166,noise_free_synthetic_assay
Ritonavir,0.02,1.6400000000000001,0.8569695078036303,noise_free_synthetic_assay
Ritonavir,0.02,1.68,0.8537493349617193,noise_free_synthetic_assay
Ritonavir,0.02,1.72,0.8505412623322866,noise_free_synthetic_assay
Ritonavir,0.02,1.76,0.8473452444472316,noise_free_synthetic_assay
Ritonavir,0.02,1.8,0.8441612360093064,noise_free_synthetic_assay
Ritonavir,0.02,1.84,0.8409891918914728,noise_free_synthetic_assay
Ritonavir,0.02,1.8800000000000001,0.8378290671362637,noise_free_synthetic_assay
Ritonavir,0.02,1.92,0.8346808169551452,noise_free_synthetic_assay
Ritonavir,0.02,1.96,0.831544396727882,noise_free_synthetic_assay
Ritonavir,0.02,2.0,0.8284197620019054,noise_free_synthetic_assay
Ritonavir,0.02,2.04,0.8253068684916823,noise_free_synthetic_assay
Ritonavir,0.02,2.08,0.8222056720780889,noise_free_synthetic_assay
Ritonavir,0.02,2.12,0.8191161288077842,noise_free_synthetic_assay
Ritonavir,0.02,2.16,0.8160381948925877,noise_free_synthetic_assay
Ritonavir,0.02,2.2,0.8129718267088584,noise_free_synthetic_assay
Ritonavir,0.02,2.24,0.809916980796877,noise_free_synthetic_assay
Ritonavir,0.02,2.2800000000000002,0.8068736138602295,noise_free_synthetic_assay
Ritonavir,0.02,2.32,0.8038416827651937,noise_free_synthetic_assay
Ritonavir,0.02,2.36,0.8008211445401281,noise_free_synthetic_assay
Ritonavir,0.02,2.4,0.7978119563748625,noise_free_synthetic_assay
Ritonavir,0.02,2.44,0.7948140756200913,noise_free_synthetic_assay
Ritonavir,0.02,2.48,0.7918274597867694,noise_free_synthetic_assay
Ritonavir,0.02,2.52,0.7888520665455095,noise_free_synthetic_assay
Ritonavir,0.02,2.56,0.7858878537259826,noise_free_synthetic_assay
Ritonavir,0.02,2.6,0.7829347793163198,noise_free_synthetic_assay
Ritonavir,0.02,2.64,0.7799928014625177,noise_free_synthetic_assay
Ritonavir,0.02,2.68,0.7770618784678442,noise_free_synthetic_assay
Ritonavir,0.02,2.72,0.7741419687922483,noise_free_synthetic_assay
Ritonavir,0.02,2.7600000000000002,0.7712330310517709,noise_free_synthetic_assay
Ritonavir,0.02,2.8000000000000003,0.7683350240179586,noise_free_synthetic_assay
Ritonavir,0.02,2.84,0.765447906617279,noise_free_synthetic_assay
Ritonavir,0.02,2.88,0.7625716379305391,noise_free_synthetic_assay
Ritonavir,0.02,2.92,0.7597061771923045,noise_free_synthetic_assay
Ritonavir,0.02,2.96,0.7568514837903225,noise_free_synthetic_assay
Ritonavir,0.02,3.0,0.7540075172649463,noise_free_synthetic_assay
Ritonavir,0.02,3.04,0.7511742373085611,noise_free_synthetic_assay
Ritonavir,0.02,3.08,0.7483516037650132,noise_free_synthetic_assay
Ritonavir,0.02,3.12,0.7455395766290409,noise_free_synthetic_assay
Ritonavir,0.02,3.16,0.7427381160457074,noise_free_synthetic_assay
Ritonavir,0.02,3.2,0.7399471823098356,noise_free_synthetic_assay
Ritonavir,0.02,3.24,0.7371667358654463,noise_free_synthetic_assay
Ritonavir,0.02,3.2800000000000002,0.7343967373051964,noise_free_synthetic_assay
Ritonavir,0.02,3.3200000000000003,0.7316371473698213,noise_free_synthetic_assay
Ritonavir,0.02,3.36,0.728887926947578,noise_free_synthetic_assay
Ritonavir,0.02,3.4,0.7261490370736909,noise_free_synthetic_assay
Ritonavir,0.02,3.44,0.7234204389297995,noise_free_synthetic_assay
Ritonavir,0.02,3.48,0.7207020938434083,noise_free_synthetic_assay
Ritonavir,0.02,3.52,0.7179939632873387,noise_free_synthetic_assay
Ritonavir,0.02,3.56,0.7152960088791829,noise_free_synthetic_assay
Ritonavir,0.02,3.6,0.7126081923807598,noise_free_synthetic_assay
Ritonavir,0.02,3.64,0.7099304756975734,noise_free_synthetic_assay
Ritonavir,0.02,3.68,0.7072628208782725,noise_free_synthetic_assay
Ritonavir,0.02,3.72,0.7046051901141129,noise_free_synthetic_assay
Ritonavir,0.02,3.7600000000000002,0.701957545738422,noise_free_synthetic_assay
Ritonavir,0.02,3.8000000000000003,0.6993198502260638,noise_free_synthetic_assay
Ritonavir,0.02,3.84,0.6966920661929087,noise_free_synthetic_assay
Ritonavir,0.02,3.88,0.694074156395302,noise_free_synthetic_assay
Ritonavir,0.02,3.92,0.6914660837295373,noise_free_synthetic_assay
Ritonavir,0.02,3.96,0.68886781123133,noise_free_synthetic_assay
Ritonavir,0.02,4.0,0.6862793020752935,noise_free_synthetic_assay
Ritonavir,0.1,0.0,1.0,noise_free_synthetic_assay
Ritonavir,0.1,0.04,0.9872815715902905,noise_free_synthetic_assay
Ritonavir,0.1,0.08,0.9747249016017939,noise_free_synthetic_assay
Ritonavir,0.1,0.12,0.9623279327216104,noise_free_synthetic_assay
Ritonavir,0.1,0.16,0.9500886338026269,noise_free_synthetic_assay
Ritonavir,0.1,0.2,0.9380049995307295,noise_free_synthetic_assay
Ritonavir,0.1,0.24,0.9260750500962484,noise_free_synthetic_assay
Ritonavir,0.1,0.28,0.914296830869581,noise_free_synthetic_assay
Ritonavir,0.1,0.32,0.9026684120809421,noise_free_synthetic_assay
Ritonavir,0.1,0.36,0.8911878885041844,noise_free_synthetic_assay
Ritonavir,0.1,0.4,0.8798533791446438,noise_free_synthetic_assay
Ritonavir,0.1,0.44,0.8686630269309517,noise_free_synthetic_assay
Ritonavir,0.1,0.48,0.8576149984107688,noise_free_synthetic_assay
Ritonavir,0.1,0.52,0.8467074834503884,noise_free_synthetic_assay
Ritonavir,0.1,0.56,0.8359386949381593,noise_free_synthetic_assay
Ritonavir,0.1,0.6,0.8253068684916823,noise_free_synthetic_assay
Ritonavir,0.1,0.64,0.8148102621687294,noise_free_synthetic_assay
Ritonavir,0.1,0.68,0.8044471561818397,noise_free_synthetic_assay
Ritonavir,0.1,0.72,0.7942158526165467,noise_free_synthetic_assay
Ritonavir,0.1,0.76,0.7841146751531868,noise_free_synthetic_assay
Ritonavir,0.1,0.8,0.7741419687922483,noise_free_synthetic_assay
Ritonavir,0.1,0.84,0.7642960995832125,noise_free_synthetic_assay
Ritonavir,0.1,0.88,0.7545754543568433,noise_free_synthetic_assay
Ritonavir,0.1,0.92,0.7449784404608818,noise_free_synthetic_assay
Ritonavir,0.1,0.96,0.735503485499103,noise_free_synthetic_assay
Ritonavir,0.1,1.0,0.7261490370736908,noise_free_synthetic_assay
Ritonavir,0.1,1.04,0.7169135625308897,noise_free_synthetic_assay
Ritonavir,0.1,1.08,0.7077955487098908,noise_free_synthetic_assay
Ritonavir,0.1,1.12,0.6987935016949129,noise_free_synthetic_assay
Ritonavir,0.1,1.16,0.689905946570436,noise_free_synthetic_assay
Ritonavir,0.1,1.2,0.6811314271795471,noise_free_synthetic_assay
Ritonavir,0.1,1.24,0.6724685058853608,noise_free_synthetic_assay
Ritonavir,0.1,1.28,0.6639157633354735,noise_free_synthetic_assay
Ritonavir,0.1,1.32,0.6554717982294136,noise_free_synthetic_assay
Ritonavir,0.1,1.36,0.6471352270890492,noise_free_synthetic_assay
Ritonavir,0.1,1.4000000000000001,0.6389046840319161,noise_free_synthetic_assay
Ritonavir,0.1,1.44,0.6307788205474282,noise_free_synthetic_assay
Ritonavir,0.1,1.48,0.6227563052759347,noise_free_synthetic_assay
Ritonavir,0.1,1.52,0.6148358237905875,noise_free_synthetic_assay
Ritonavir,0.1,1.56,0.6070160783819822,noise_free_synthetic_assay
Ritonavir,0.1,1.6,0.5992957878455384,noise_free_synthetic_assay
Ritonavir,0.1,1.6400000000000001,0.5916736872715844,noise_free_synthetic_assay
Ritonavir,0.1,1.68,0.584148527838112,noise_free_synthetic_assay
Ritonavir,0.1,1.72,0.5767190766061657,noise_free_synthetic_assay
Ritonavir,0.1,1.76,0.5693841163178365,noise_free_synthetic_assay
Ritonavir,0.1,1.8,0.5621424451968223,noise_free_synthetic_assay
Ritonavir,0.1,1.84,0.5549928767515275,noise_free_synthetic_assay
Ritonavir,0.1,1.8800000000000001,0.5479342395806646,noise_free_synthetic_assay
Ritonavir,0.1,1.92,0.5409653771813293,noise_free_synthetic_assay
Ritonavir,0.1,1.96,0.534085147759517,noise_free_synthetic_assay
Ritonavir,0.1,2.0,0.5272924240430485,noise_free_synthetic_assay
Ritonavir,0.1,2.04,0.5205860930968748,noise_free_synthetic_assay
Ritonavir,0.1,2.08,0.5139650561407318,noise_free_synthetic_assay
Ritonavir,0.1,2.12,0.5074282283691136,noise_free_synthetic_assay
Ritonavir,0.1,2.16,0.5009745387735354,noise_free_synthetic_assay
Ritonavir,0.1,2.2,0.4946029299670569,noise_free_synthetic_assay
Ritonavir,0.1,2.24,0.4883123580110383,noise_free_synthetic_assay
Ritonavir,0.1,2.2800000000000002,0.4821017922440985,noise_free_synthetic_assay
Ritonavir,0.1,2.32,0.4759702151132494,noise_free_synthetic_assay
Ritonavir,0.1,2.36,0.4699166220071775,noise_free_synthetic_assay
Ritonavir,0.1,2.4,0.46394002109164667,noise_free_synthetic_assay
Ritonavir,0.1,2.44,0.4580394331469934,noise_free_synthetic_assay
Ritonavir,0.1,2.48,0.45221389140768947,noise_free_synthetic_assay
Ritonavir,0.1,2.52,0.44646244140394464,noise_free_synthetic_assay
Ritonavir,0.1,2.56,0.44078414080532446,noise_free_synthetic_assay
Ritonavir,0.1,2.6,0.4351780592663566,noise_free_synthetic_assay
Ritonavir,0.1,2.64,0.42964327827410115,noise_free_synthetic_assay
Ritonavir,0.1,2.68,0.4241788909976591,noise_free_synthetic_assay
Ritonavir,0.1,2.72,0.4187840021395954,noise_free_synthetic_assay
Ritonavir,0.1,2.7600000000000002,0.41345772778925133,noise_free_synthetic_assay
Ritonavir,0.1,2.8000000000000003,0.4081991952779226,noise_free_synthetic_assay
Ritonavir,0.1,2.84,0.4030075430358793,noise_free_synthetic_assay
Ritonavir,0.1,2.88,0.3978819204512046,noise_free_synthetic_assay
Ritonavir,0.1,2.92,0.39282148773042824,noise_free_synthetic_assay
Ritonavir,0.1,2.96,0.3878254157609332,noise_free_synthetic_assay
Ritonavir,0.1,3.0,0.38289288597511195,noise_free_synthetic_assay
Ritonavir,0.1,3.04,0.3780230902162504,noise_free_synthetic_assay
Ritonavir,0.1,3.08,0.3732152306061179,noise_free_synthetic_assay
Ritonavir,0.1,3.12,0.3684685194142408,noise_free_synthetic_assay
Ritonavir,0.1,3.16,0.3637821789288391,noise_free_synthetic_assay
Ritonavir,0.1,3.2,0.3591554413294045,noise_free_synthetic_assay
Ritonavir,0.1,3.24,0.3545875485608989,noise_free_synthetic_assay
Ritonavir,0.1,3.2800000000000002,0.3500777522095527,noise_free_synthetic_assay
Ritonavir,0.1,3.3200000000000003,0.3456253133802435,noise_free_synthetic_assay
Ritonavir,0.1,3.36,0.3412295025754335,noise_free_synthetic_assay
Ritonavir,0.1,3.4,0.33688959957564707,noise_free_synthetic_assay
Ritonavir,0.1,3.44,0.3326048933214685,noise_free_synthetic_assay
Ritonavir,0.1,3.48,0.3283746817970403,noise_free_synthetic_assay
Ritonavir,0.1,3.52,0.3241982719150435,noise_free_synthetic_assay
Ritonavir,0.1,3.56,0.3200749794031405,noise_free_synthetic_assay
Ritonavir,0.1,3.6,0.3160041286918624,noise_free_synthetic_assay
Ritonavir,0.1,3.64,0.31198505280392236,noise_free_synthetic_assay
Ritonavir,0.1,3.68,0.30801709324493626,noise_free_synthetic_assay
Ritonavir,0.1,3.72,0.3040995998955337,noise_free_synthetic_assay
Ritonavir,0.1,3.7600000000000002,0.30023193090484107,noise_free_synthetic_assay
Ritonavir,0.1,3.8000000000000003,0.296413452585319,noise_free_synthetic_assay
Ritonavir,0.1,3.84,0.29264353930893783,noise_free_synthetic_assay
Ritonavir,0.1,3.88,0.28892157340467306,noise_free_synthetic_assay
Ritonavir,0.1,3.92,0.28524694505730513,noise_free_synthetic_assay
Ritonavir,0.1,3.96,0.28161905220750544,noise_free_synthetic_assay
Ritonavir,0.1,4.0,0.2780373004531941,noise_free_synthetic_assay
Ritonavir,0.5,0.0,1.0,noise_free_synthetic_assay
Ritonavir,0.5,0.04,0.9756851033728231,noise_free_synthetic_assay
Ritonavir,0.5,0.08,0.9519614209436366,noise_free_synthetic_assay
Ritonavir,0.5,0.12,0.9288145774003317,noise_free_synthetic_assay
Ritonavir,0.5,0.16,0.9062305469650276,noise_free_synthetic_assay
Ritonavir,0.5,0.2,0.884195644895183,noise_free_synthetic_assay
Ritonavir,0.5,0.24,0.8626965191913567,noise_free_synthetic_assay
Ritonavir,0.5,0.28,0.8417201425065935,noise_free_synthetic_assay
Ritonavir,0.5,0.32,0.8212538042525331,noise_free_synthetic_assay
Ritonavir,0.5,0.36,0.801285102897457,noise_free_synthetic_assay
Ritonavir,0.5,0.4,0.7818019384516086,noise_free_synthetic_assay
Ritonavir,0.5,0.44,0.7627925051352312,noise_free_synthetic_assay
Ritonavir,0.5,0.48,0.7442452842248828,noise_free_synthetic_assay
Ritonavir,0.5,0.52,0.7261490370736909,noise_free_synthetic_assay
Ritonavir,0.5,0.56,0.7084927983013201,noise_free_synthetic_assay
Ritonavir,0.5,0.6,0.6912658691495243,noise_free_synthetic_assay
Ritonavir,0.5,0.64,0.674457810999258,noise_free_synthetic_assay
Ritonavir,0.5,0.68,0.658058439045419,noise_free_synthetic_assay
Ritonavir,0.5,0.72,0.6420578161253883,noise_free_synthetic_assay
Ritonavir,0.5,0.76,0.6264462466976285,noise_free_synthetic_assay
Ritonavir,0.5,0.8,0.6112142709666928,noise_free_synthetic_assay
Ritonavir,0.5,0.84,0.5963526591510824,noise_free_synthetic_assay
Ritonavir,0.5,0.88,0.5818524058904818,noise_free_synthetic_assay
Ritonavir,0.5,0.92,0.5677047247889805,noise_free_synthetic_assay
Ritonavir,0.5,0.96,0.5539010430909765,noise_free_synthetic_assay
Ritonavir,0.5,1.0,0.5404329964865341,noise_free_synthetic_assay
Ritonavir,0.5,1.04,0.5272924240430485,noise_free_synthetic_assay
Ritonavir,0.5,1.08,0.5144713632601483,noise_free_synthetic_assay
Ritonavir,0.5,1.12,0.501962045244835,noise_free_synthetic_assay
Ritonavir,0.5,1.16,0.4897568900039406,noise_free_synthetic_assay
Ritonavir,0.5,1.2,0.47784850185104716,noise_free_synthetic_assay
Ritonavir,0.5,1.24,0.4662296649250876,noise_free_synthetic_assay
Ritonavir,0.5,1.28,0.4548933388179108,noise_free_synthetic_assay
Ritonavir,0.5,1.32,0.44383265430816193,noise_free_synthetic_assay
Ritonavir,0.5,1.36,0.4330409091988935,noise_free_synthetic_assay
Ritonavir,0.5,1.4000000000000001,0.42251156425638364,noise_free_synthetic_assay
Ritonavir,0.5,1.44,0.4122382392477029,noise_free_synthetic_assay
Ritonavir,0.5,1.48,0.40221470907462564,noise_free_synthetic_assay
Ritonavir,0.5,1.52,0.39243490000154607,noise_free_synthetic_assay
Ritonavir,0.5,1.56,0.382892885975112,noise_free_synthetic_assay
Ritonavir,0.5,1.6,0.37358288503334575,noise_free_synthetic_assay
Ritonavir,0.5,1.6400000000000001,0.3644992558020774,noise_free_synthetic_assay
Ritonavir,0.5,1.68,0.35563649407656706,noise_free_synthetic_assay
Ritonavir,0.5,1.72,0.34698922948624367,noise_free_synthetic_assay
Ritonavir,0.5,1.76,0.338552222240542,noise_free_synthetic_assay
Ritonavir,0.5,1.8,0.33032035995386216,noise_free_synthetic_assay
Ritonavir,0.5,1.84,0.3222886545477321,noise_free_synthetic_assay
Ritonavir,0.5,1.8800000000000001,0.3144522392282921,noise_free_synthetic_assay
Ritonavir,0.5,1.92,0.30680636553727186,noise_free_synthetic_assay
Ritonavir,0.5,1.96,0.2993464004746733,noise_free_synthetic_assay
Ritonavir,0.5,2.0,0.29206782369141415,noise_free_synthetic_assay
Ritonavir,0.5,2.04,0.28496622475023287,noise_free_synthetic_assay
Ritonavir,0.5,2.08,0.27803730045319414,noise_free_synthetic_assay
Ritonavir,0.5,2.12,0.27127685223417536,noise_free_synthetic_assay
Ritonavir,0.5,2.16,0.26468078361475544,noise_free_synthetic_assay
Ritonavir,0.5,2.2,0.2582450977219625,noise_free_synthetic_assay
Ritonavir,0.5,2.24,0.25196589486637777,noise_free_synthetic_assay
Ritonavir,0.5,2.2800000000000002,0.2458393701791277,noise_free_synthetic_assay
Ritonavir,0.5,2.32,0.23986181130633202,noise_free_synthetic_assay
Ritonavir,0.5,2.36,0.23402959615961114,noise_free_synthetic_assay
Ritonavir,0.5,2.4,0.22833919072129022,noise_free_synthetic_assay
Ritonavir,0.5,2.44,0.22278714690296886,noise_free_synthetic_assay
Ritonavir,0.5,2.48,0.21737010045615948,noise_free_synthetic_assay
Ritonavir,0.5,2.52,0.21208476893372888,noise_free_synthetic_assay
Ritonavir,0.5,2.56,0.20692794970090655,noise_free_synthetic_assay
Ritonavir,0.5,2.6,0.20189651799465538,noise_free_synthetic_assay
Ritonavir,0.5,2.64,0.19698742503022837,noise_free_synthetic_assay
Ritonavir,0.5,2.68,0.1921976961537646,noise_free_synthetic_assay
Ritonavir,0.5,2.72,0.1875244290398043,noise_free_synthetic_assay
Ritonavir,0.5,2.7600000000000002,0.18296479193263107,noise_free_synthetic_assay
Ritonavir,0.5,2.8000000000000003,0.17851602193037622,noise_free_synthetic_assay
Ritonavir,0.5,2.84,0.17417542331084432,noise_free_synthetic_assay
Ritonavir,0.5,2.88,0.16994036589804637,noise_free_synthetic_assay
Ritonavir,0.5,2.92,0.16580828346845075,noise_free_synthetic_assay
Ritonavir,0.5,2.96,0.16177667219598574,noise_free_synthetic_assay
Ritonavir,0.5,3.0,0.15784308913485165,noise_free_synthetic_assay
Ritonavir,0.5,3.04,0.15400515073922347,noise_free_synthetic_assay
Ritonavir,0.5,3.08,0.15026053141894646,noise_free_synthetic_assay
Ritonavir,0.5,3.12,0.14660696213035013,noise_free_synthetic_assay
Ritonavir,0.5,3.16,0.1430422290013262,noise_free_synthetic_assay
Ritonavir,0.5,3.2,0.139564171989838,noise_free_synthetic_assay
Ritonavir,0.5,3.24,0.13617068357504755,noise_free_synthetic_assay
Ritonavir,0.5,3.2800000000000002,0.13285970748026826,noise_free_synthetic_assay
Ritonavir,0.5,3.3200000000000003,0.12962923742696855,noise_free_synthetic_assay
Ritonavir,0.5,3.36,0.1264773159190721,noise_free_synthetic_assay
Ritonavir,0.5,3.4,0.12340203305681706,noise_free_synthetic_assay
Ritonavir,0.5,3.44,0.12040152537945709,noise_free_synthetic_assay
Ritonavir,0.5,3.48,0.11747397473610116,noise_free_synthetic_assay
Ritonavir,0.5,3.52,0.11461760718400932,noise_free_synthetic_assay
Ritonavir,0.5,3.56,0.11183069191367576,noise_free_synthetic_assay
Ritonavir,0.5,3.6,0.10911154020004905,noise_free_synthetic_assay
Ritonavir,0.5,3.64,0.1064585043792528,noise_free_synthetic_assay
Ritonavir,0.5,3.68,0.10386997685018741,noise_free_synthetic_assay
Ritonavir,0.5,3.72,0.10134438910040783,noise_free_synthetic_assay
Ritonavir,0.5,3.7600000000000002,0.09888021075568702,noise_free_synthetic_assay
Ritonavir,0.5,3.8000000000000003,0.09647594865268906,noise_free_synthetic_assay
Ritonavir,0.5,3.84,0.0941301459341901,noise_free_synthetic_assay
Ritonavir,0.5,3.88,0.09184138116629922,noise_free_synthetic_assay
Ritonavir,0.5,3.92,0.0896082674771435,noise_free_synthetic_assay
Ritonavir,0.5,3.96,0.08742945171649634,noise_free_synthetic_assay
Ritonavir,0.5,4.0,0.08530361363583897,noise_free_synthetic_assay
Ritonavir,2.0,0.0,1.0,noise_free_synthetic_assay
Ritonavir,2.0,0.04,0.9706712448007874,noise_free_synthetic_assay
Ritonavir,2.0,0.08,0.94220266548311,noise_free_synthetic_assay
Ritonavir,2.0,0.12,0.9145690341591102,noise_free_synthetic_assay
Ritonavir,2.0,0.16,0.8877458628434773,noise_free_synthetic_assay
Ritonavir,2.0,0.2,0.8617093817530271,noise_free_synthetic_assay
Ritonavir,2.0,0.24,0.8364365182427277,noise_free_synthetic_assay
Ritonavir,2.0,0.28,0.8119048763595049,noise_free_synthetic_assay
Ritonavir,2.0,0.32,0.78809271699571,noise_free_synthetic_assay
Ritonavir,2.0,0.36,0.7649789386246605,noise_free_synthetic_assay
Ritonavir,2.0,0.4,0.7425430586011843,noise_free_synthetic_assay
Ritonavir,2.0,0.44,0.7207651950105955,noise_free_synthetic_assay
Ritonavir,2.0,0.48,0.699626049050017,noise_free_synthetic_assay
Ritonavir,2.0,0.52,0.6791068879264367,noise_free_synthetic_assay
Ritonavir,2.0,0.56,0.659189528256343,noise_free_synthetic_assay
Ritonavir,2.0,0.6,0.6398563199522284,noise_free_synthetic_assay
Ritonavir,2.0,0.64,0.6210901305816803,noise_free_synthetic_assay
Ritonavir,2.0,0.68,0.6028743301852032,noise_free_synthetic_assay
Ritonavir,2.0,0.72,0.5851927765393121,noise_free_synthetic_assay
Ritonavir,2.0,0.76,0.568029800851843,noise_free_synthetic_assay
Ritonavir,2.0,0.8,0.5513701938768018,noise_free_synthetic_assay
Ritonavir,2.0,0.84,0.5351991924364466,noise_free_synthetic_assay
Ritonavir,2.0,0.88,0.5195024663386618,noise_free_synthetic_assay
Ritonavir,2.0,0.92,0.5042661056780279,noise_free_synthetic_assay
Ritonavir,2.0,0.96,0.4894766085093368,noise_free_synthetic_assay
Ritonavir,2.0,1.0,0.47512086888262556,noise_free_synthetic_assay
Ritonavir,2.0,1.04,0.46118616522912986,noise_free_synthetic_assay
Ritonavir,2.0,1.08,0.447660149087861,noise_free_synthetic_assay
Ritonavir,2.0,1.12,0.4345308341628201,noise_free_synthetic_assay
Ritonavir,2.0,1.16,0.42178658570114913,noise_free_synthetic_assay
Ritonavir,2.0,1.2,0.4094161101828084,noise_free_synthetic_assay
Ritonavir,2.0,1.24,0.3974084453126429,noise_free_synthetic_assay
Ritonavir,2.0,1.28,0.3857529503059687,noise_free_synthetic_assay
Ritonavir,2.0,1.32,0.37443929645907087,noise_free_synthetic_assay
Ritonavir,2.0,1.36,0.3634574579962574,noise_free_synthetic_assay
Ritonavir,2.0,1.4000000000000001,0.352797703185357,noise_free_synthetic_assay
Ritonavir,2.0,1.44,0.3424505857137892,noise_free_synthetic_assay
Ritonavir,2.0,1.48,0.33240693631756246,noise_free_synthetic_assay
Ritonavir,2.0,1.52,0.3226578546557844,noise_free_synthetic_assay
Ritonavir,2.0,1.56,0.31319470142348177,noise_free_synthetic_assay
Ritonavir,2.0,1.6,0.30400909069574195,noise_free_synthetic_assay
Ritonavir,2.0,1.6400000000000001,0.29509288249639126,noise_free_synthetic_assay
Ritonavir,2.0,1.68,0.28643817558462464,noise_free_synthetic_assay
Ritonavir,2.0,1.72,0.2780373004531941,noise_free_synthetic_assay
Ritonavir,2.0,1.76,0.26988281253195245,noise_free_synthetic_assay
Ritonavir,2.0,1.8,0.2619674855907278,noise_free_synthetic_assay
Ritonavir,2.0,1.84,0.254284305335684,noise_free_synthetic_assay
Ritonavir,2.0,1.8800000000000001,0.24682646319349189,noise_free_synthetic_assay
Ritonavir,2.0,1.92,0.2395873502778025,noise_free_synthetic_assay
Ritonavir,2.0,1.96,0.23256055153267685,noise_free_synthetic_assay
Ritonavir,2.0,2.0,0.22573984004778108,noise_free_synthetic_assay
Ritonavir,2.0,2.04,0.21911917154031027,noise_free_synthetic_assay
Ritonavir,2.0,2.08,0.21269267899875025,noise_free_synthetic_assay
Ritonavir,2.0,2.12,0.20645466748373117,noise_free_synthetic_assay
Ritonavir,2.0,2.16,0.20039960908136595,noise_free_synthetic_assay
Ritonavir,2.0,2.2,0.19452213800460064,noise_free_synthetic_assay
Ritonavir,2.0,2.24,0.18881704583823627,noise_free_synthetic_assay
Ritonavir,2.0,2.2800000000000002,0.1832792769234081,noise_free_synthetic_assay
Ritonavir,2.0,2.32,0.1779039238774328,noise_free_synthetic_assay
Ritonavir,2.0,2.36,0.17268622324505223,noise_free_synthetic_assay
Ritonavir,2.0,2.4,0.16762155127722148,noise_free_synthetic_assay
Ritonavir,2.0,2.44,0.16270541983369957,noise_free_synthetic_assay
Ritonavir,2.0,2.48,0.15793347240581188,noise_free_synthetic_assay
Ritonavir,2.0,2.52,0.1533014802558602,noise_free_synthetic_assay
Ritonavir,2.0,2.56,0.14880533866975915,noise_free_synthetic_assay
Ritonavir,2.0,2.6,0.14444106331957782,noise_free_synthetic_assay
Ritonavir,2.0,2.64,0.140204786732764,noise_free_synthetic_assay
Ritonavir,2.0,2.68,0.1360927548649209,noise_free_synthetic_assay
Ritonavir,2.0,2.72,0.13210132377310121,noise_free_synthetic_assay
Ritonavir,2.0,2.7600000000000002,0.12822695638666798,noise_free_synthetic_assay
Ritonavir,2.0,2.8000000000000003,0.12446621937286326,noise_free_synthetic_assay
Ritonavir,2.0,2.84,0.12081578009430509,noise_free_synthetic_assay
Ritonavir,2.0,2.88,0.1172724036557173,noise_free_synthetic_assay
Ritonavir,2.0,2.92,0.1138329500372755,noise_free_synthetic_assay
Ritonavir,2.0,2.96,0.11049437131202804,noise_free_synthetic_assay
Ritonavir,2.0,3.0,0.10725370894492665,noise_free_synthetic_assay
Ritonavir,2.0,3.04,0.10410809117107328,noise_free_synthetic_assay
Ritonavir,2.0,3.08,0.1010547304508596,noise_free_synthetic_assay
Ritonavir,2.0,3.12,0.09809092099974391,noise_free_synthetic_assay
Ritonavir,2.0,3.16,0.0952140363904771,noise_free_synthetic_assay
Ritonavir,2.0,3.2,0.09242152722565186,noise_free_synthetic_assay
Ritonavir,2.0,3.24,0.08971091887851335,noise_free_synthetic_assay
Ritonavir,2.0,3.2800000000000002,0.087079809300029,noise_free_synthetic_assay
Ritonavir,2.0,3.3200000000000003,0.08452586689027432,noise_free_synthetic_assay
Ritonavir,2.0,3.36,0.08204682843224825,noise_free_synthetic_assay
Ritonavir,2.0,3.4,0.07964049708628704,noise_free_synthetic_assay
Ritonavir,2.0,3.44,0.07730474044329971,noise_free_synthetic_assay
Ritonavir,2.0,3.48,0.07503748863509953,noise_free_synthetic_assay
Ritonavir,2.0,3.52,0.07283673250015699,noise_free_synthetic_assay
Ritonavir,2.0,3.56,0.07070052180314933,noise_free_synthetic_assay
Ritonavir,2.0,3.6,0.06862696350672816,noise_free_synthetic_assay
Ritonavir,2.0,3.64,0.06661422009397402,noise_free_synthetic_assay
Ritonavir,2.0,3.68,0.06466050794005139,noise_free_synthetic_assay
Ritonavir,2.0,3.72,0.06276409573162087,noise_free_synthetic_assay
Ritonavir,2.0,3.7600000000000002,0.060923302932608205,noise_free_synthetic_assay
Ritonavir,2.0,3.8000000000000003,0.05913649829497028,noise_free_synthetic_assay
Ritonavir,2.0,3.84,0.05740209841313844,noise_free_synthetic_assay
Ritonavir,2.0,3.88,0.055718566320858406,noise_free_synthetic_assay
Ritonavir,2.0,3.92,0.05408441012918285,noise_free_synthetic_assay
Ritonavir,2.0,3.96,0.05249818170441022,noise_free_synthetic_assay
Ritonavir,2.0,4.0,0.05095847538479779,noise_free_synthetic_assay
Ritonavir,10.0,0.0,1.0,noise_free_synthetic_assay
Ritonavir,10.0,0.04,0.9689647033598275,noise_free_synthetic_assay
Ritonavir,10.0,0.08,0.9388925963571986,noise_free_synthetic_assay
Ritonavir,10.0,0.12,0.9097537861159913,noise_free_synthetic_assay
Ritonavir,10.0,0.16,0.8815193074943615,noise_free_synthetic_assay
Ritonavir,10.0,0.2,0.8541610942922346,noise_free_synthetic_assay
Ritonavir,10.0,0.24,0.8276519513523808,noise_free_synthetic_assay
Ritonavir,10.0,0.28,0.8019655275273421,noise_free_synthetic_assay
Ritonavir,10.0,0.32,0.7770762894853387,noise_free_synthetic_assay
Ritonavir,10.0,0.36,0.7529594963291167,noise_free_synthetic_assay
Ritonavir,10.0,0.4,0.7295911750025077,noise_free_synthetic_assay
Ritonavir,10.0,0.44,0.7069480964602529,noise_free_synthetic_assay
Ritonavir,10.0,0.48,0.6850077525774038,noise_free_synthetic_assay
Ritonavir,10.0,0.52,0.6637483337753461,noise_free_synthetic_assay
Ritonavir,10.0,0.56,0.6431487073422081,noise_free_synthetic_assay
Ritonavir,10.0,0.6,0.6231883964260992,noise_free_synthetic_assay
Ritonavir,10.0,0.64,0.6038475596803019,noise_free_synthetic_assay
Ritonavir,10.0,0.68,0.5851069715401794,noise_free_synthetic_assay
Ritonavir,10.0,0.72,0.5669480031121971,noise_free_synthetic_assay
Ritonavir,10.0,0.76,0.5493526036560566,noise_free_synthetic_assay
Ritonavir,10.0,0.8,0.5323032826415398,noise_free_synthetic_assay
Ritonavir,10.0,0.84,0.5157830923622221,noise_free_synthetic_assay
Ritonavir,10.0,0.88,0.49977561108877505,noise_free_synthetic_assay
Ritonavir,10.0,0.92,0.4842649267451115,noise_free_synthetic_assay
Ritonavir,10.0,0.96,0.4692356210911456,noise_free_synthetic_assay
Ritonavir,10.0,1.0,0.45467275439644633,noise_free_synthetic_assay
Ritonavir,10.0,1.04,0.44056185058954833,noise_free_synthetic_assay
Ritonavir,10.0,1.08,0.42688888286815835,noise_free_synthetic_assay
Ritonavir,10.0,1.12,0.41364025975595325,noise_free_synthetic_assay
Ritonavir,10.0,1.16,0.4008028115921093,noise_free_synthetic_assay
Ritonavir,10.0,1.2,0.38836377744013306,noise_free_synthetic_assay
Ritonavir,10.0,1.24,0.3763107924029806,noise_free_synthetic_assay
Ritonavir,10.0,1.28,0.36463187533185576,noise_free_synthetic_assay
Ritonavir,10.0,1.32,0.35331541691646917,noise_free_synthetic_assay
Ritonavir,10.0,1.36,0.3423501681449204,noise_free_synthetic_assay
Ritonavir,10.0,1.4000000000000001,0.33172522912172986,noise_free_synthetic_assay
Ritonavir,10.0,1.44,0.32143003823290783,noise_free_synthetic_assay
Ritonavir,10.0,1.48,0.31145436164728757,noise_free_synthetic_assay
Ritonavir,10.0,1.52,0.3017882831436885,noise_free_synthetic_assay
Ritonavir,10.0,1.56,0.29242219425379573,noise_free_synthetic_assay
Ritonavir,10.0,1.6,0.28334678471095903,noise_free_synthetic_assay
Ritonavir,10.0,1.6400000000000001,0.27455303319541535,noise_free_synthetic_assay
Ritonavir,10.0,1.68,0.2660321983667366,noise_free_synthetic_assay
Ritonavir,10.0,1.72,0.25777581017458767,noise_free_synthetic_assay
Ritonavir,10.0,1.76,0.24977566143915855,noise_free_synthetic_assay
Ritonavir,10.0,1.8,0.242023799692899,noise_free_synthetic_assay
Ritonavir,10.0,1.84,0.2345125192754482,noise_free_synthetic_assay
Ritonavir,10.0,1.8800000000000001,0.2272343536739005,noise_free_synthetic_assay
Ritonavir,10.0,1.92,0.22018206810079316,noise_free_synthetic_assay
Ritonavir,10.0,1.96,0.2133486523024384,noise_free_synthetic_assay
Ritonavir,10.0,2.0,0.2067273135904512,noise_free_synthetic_assay
Ritonavir,10.0,2.04,0.20031147008954558,noise_free_synthetic_assay
Ritonavir,10.0,2.08,0.19409474419488754,noise_free_synthetic_assay
Ritonavir,10.0,2.12,0.18807095623250078,noise_free_synthetic_assay
Ritonavir,10.0,2.16,0.18223411831642422,noise_free_synthetic_assay
Ritonavir,10.0,2.2,0.17657842839651375,noise_free_synthetic_assay
Ritonavir,10.0,2.24,0.17109826449097248,noise_free_synthetic_assay
Ritonavir,10.0,2.2800000000000002,0.16578817909787644,noise_free_synthetic_assay
Ritonavir,10.0,2.32,0.16064289378013988,noise_free_synthetic_assay
Ritonavir,10.0,2.36,0.1556572939185375,noise_free_synthetic_assay
Ritonavir,10.0,2.4,0.1508264236275692,noise_free_synthetic_assay
Ritonavir,10.0,2.44,0.14614548082911127,noise_free_synthetic_assay
Ritonavir,10.0,2.48,0.14160981247895915,noise_free_synthetic_assay
Ritonavir,10.0,2.52,0.13721490994151547,noise_free_synthetic_assay
Ritonavir,10.0,2.56,0.13295640450802598,noise_free_synthetic_assay
Ritonavir,10.0,2.6,0.12883006305390865,noise_free_synthetic_assay
Ritonavir,10.0,2.64,0.12483178383085844,noise_free_synthetic_assay
Ritonavir,10.0,2.68,0.12095759238954588,noise_free_synthetic_assay
Ritonavir,10.0,2.72,0.11720363762885527,noise_free_synthetic_assay
Ritonavir,10.0,2.7600000000000002,0.11356618796773643,noise_free_synthetic_assay
Ritonavir,10.0,2.8000000000000003,0.11004162763586417,noise_free_synthetic_assay
Ritonavir,10.0,2.84,0.10662645307941775,noise_free_synthetic_assay
Ritonavir,10.0,2.88,0.1033172694784086,noise_free_synthetic_assay
Ritonavir,10.0,2.92,0.10011078737209357,noise_free_synthetic_assay
Ritonavir,10.0,2.96,0.09700381938911938,noise_free_synthetic_assay
Ritonavir,10.0,3.0,0.09399327707914837,noise_free_synthetic_assay
Ritonavir,10.0,3.04,0.09107616784281508,noise_free_synthetic_assay
Ritonavir,10.0,3.08,0.08824959195696315,noise_free_synthetic_assay
Ritonavir,10.0,3.12,0.08551073969220464,noise_free_synthetic_assay
Ritonavir,10.0,3.16,0.08285688851993651,noise_free_synthetic_assay
Ritonavir,10.0,3.2,0.08028540040603856,noise_free_synthetic_assay
Ritonavir,10.0,3.24,0.07779371918856214,noise_free_synthetic_assay
Ritonavir,10.0,3.2800000000000002,0.07537936803680285,noise_free_synthetic_assay
Ritonavir,10.0,3.3200000000000003,0.07303994698923191,noise_free_synthetic_assay
Ritonavir,10.0,3.36,0.07077313056783868,noise_free_synthetic_assay
Ritonavir,10.0,3.4,0.06857666546651213,noise_free_synthetic_assay
Ritonavir,10.0,3.44,0.06644836831116506,noise_free_synthetic_assay
Ritonavir,10.0,3.48,0.06438612348937263,noise_free_synthetic_assay
Ritonavir,10.0,3.52,0.06238788104736915,noise_free_synthetic_assay
Ritonavir,10.0,3.56,0.06045165465231227,noise_free_synthetic_assay
Ritonavir,10.0,3.6,0.0585755196177885,noise_free_synthetic_assay
Ritonavir,10.0,3.64,0.05675761099059818,noise_free_synthetic_assay
Ritonavir,10.0,3.68,0.05499612169691746,noise_free_synthetic_assay
Ritonavir,10.0,3.72,0.05328930074599461,noise_free_synthetic_assay
Ritonavir,10.0,3.7600000000000002,0.05163545148959529,noise_free_synthetic_assay
Ritonavir,10.0,3.8000000000000003,0.05003292993546647,noise_free_synthetic_assay
Ritonavir,10.0,3.84,0.04848014311314231,noise_free_synthetic_assay
Ritonavir,10.0,3.88,0.04697554749046793,noise_free_synthetic_assay
Ritonavir,10.0,3.92,0.045517647439266756,noise_free_synthetic_assay
Ritonavir,10.0,3.96,0.044104993748626316,noise_free_synthetic_assay
Ritonavir,10.0,4.0,0.042736182184324754,noise_free_synthetic_assay
