G0,G1,G2,G3,G4,mfpt_ns
-0.0,0.37985750338712143,0.5869069574703438,0.37985750338712143,2.0950959249217096,1659.8572630061294
-0.0,0.09734708508212972,0.32020288871577984,0.08111360523807602,1.3582923403014702,1092.2376739669871
-0.0,0.14273893887749356,0.39016509451348996,0.578456512277819,1.6706619198715238,1594.3458725182984
-0.0,0.39084528819175174,0.7049907700272273,0.6727387294088196,2.824042976387397,4003.8179552757483
-0.0,0.5936972274086764,1.321249969739298,1.6678143219036798,2.366149668141036,4551.536251105223
-0.0,0.10458142343052486,0.323470399815155,0.1472587828051904,1.5391852852820265,1186.697722567285
-0.0,0.3273002521589958,0.7221789895458631,0.6314837700800445,2.0560354976342405,2041.11842999761
-0.0,0.2155144183241983,0.5475563535106105,1.04845284218226,3.2036678951072295,10814.745614035055
-0.0,0.3574002366005518,0.6035868835214715,0.7680795090188479,2.0651809816378397,2537.415343915329
-0.0,0.42861661459053424,0.8154981117969944,0.8640896698346316,1.9106797686689405,2221.5452532364375
-0.0,0.09047638370251629,0.2497257453375235,0.6323682411526226,1.6325308511035628,1479.488213828167
-0.0,0.45281410695663066,0.8158877308074929,1.1377297225980572,2.664971294719148,4689.484126984147
-0.0,0.3108665784940518,0.5047353037370644,0.7896106854603762,1.9581944692557125,2682.3605773001864
-0.0,0.17491890398150403,0.4272428274517858,0.8139800565800086,1.7734432184711257,2211.8253968254007
-0.0,0.2674240802066492,0.6883719796699129,0.9896489970382774,1.539467192766868,2251.382389162572
-0.0,0.3553477252950589,0.7914230974781651,1.310990721796996,2.342190735875879,4351.334026334084
-0.0,0.26450849648621233,0.5230426193226502,0.6091696978108735,1.790999612585865,2011.9637367463592
-0.0,0.12208100129007997,0.23211561507746917,0.11459688135974047,1.041504359884959,758.8251193706482
-0.0,0.2669179261262415,0.6402629634692151,0.3171585978851884,1.6973478718096136,1971.0174418604727
-0.0,0.3375566442527919,0.5422611680334741,1.1746557529734651,1.9354156190321647,2161.6599638631387
-0.0,0.4526288816543105,0.41822695346543887,0.36591491256063463,1.6594507679004413,1238.5141202883137
-0.0,0.3898497192666644,0.833761156513176,1.1756694143836168,3.3070227882030667,10940.33426703971
-0.0,0.484323798833546,0.6948191047613343,0.6209055971140103,1.4496242980872658,2114.517126148715
-0.0,0.21288679144582517,0.6100340086128929,0.7868866119274035,2.776828940559332,3881.111402054005
-0.0,0.28748662295283606,0.5806748093229213,0.6959674329239669,2.5406783943345084,3913.1004830918205
-0.0,0.2552323943785862,0.44106977736415726,0.6094418197083071,1.8373508052738778,2481.278886872363
-0.0,0.3920265793083046,0.6118052653871345,0.7929927661660421,2.2798925589379895,2594.399819331522
-0.0,0.19906578961500326,0.5044246141915529,0.713335766427791,2.2002355591997382,2606.2769230769172
-0.0,0.15832846412914242,0.44520272351800577,0.46587289941253285,2.03299089011739,1907.117809922695
-0.0,0.2899750002615283,0.47057720013908577,0.6203783345093866,2.511499734140685,2473.609737581807
-0.0,0.22418364589239012,0.28190478161862853,0.3397541053483341,1.7514252180134813,3745.5284552845483
-0.0,0.2963629679934189,0.7511221075530659,0.5806748093229213,1.770872780818142,1846.006683375096
-0.0,0.3636734466838371,0.8868105875956024,1.4777305208794096,2.9117622098716547,4230.885681946807
-0.0,0.21101905287085604,0.03072832779054339,0.0536957363673385,1.4491966654813946,1088.5070272517062
-0.0,0.37853661447847464,1.3090923384051394,1.347957741020106,2.2915675169855336,4731.8931247964
-0.0,0.30411761669749904,0.5192860675818398,0.4852258314102868,1.9950721005009013,1949.9198790627333
-0.0,0.3288660449205366,0.8082841237406817,1.027725019075063,1.8423122336413023,2329.1904761904643
-0.0,0.5233004048835103,1.0055734690156877,1.3896794559948713,2.9637679382714,4355.033670033673
-0.0,0.10390718379652311,0.425150451885989,0.6971452187202519,1.5341650705416414,1934.8931216931246
-0.0,0.2620869604890802,0.4905861760394542,0.7890331677965395,2.35790148458889,2027.8207362774028
-0.0,0.26991418861366034,0.5006662013637625,0.8837830646579355,2.7849638731570523,4030.8331925596904
-0.0,0.18144168699368193,0.5351250045933651,0.7580821414037682,3.163833514322966,10597.118055555617
-0.0,0.18662536680927935,0.44454477236797657,0.6288832467403489,3.133218625754005,10572.009317870836
-0.0,0.2965604336254857,0.653746108233448,0.46545469046911897,2.345309831113374,2535.0426267280955
-0.0,0.3340481492390004,0.6710828952420466,0.9328621512579869,2.4233636873388074,4164.448321701586
-0.0,0.37858096532315183,0.9659116235469049,0.6388192973243171,2.299768131635282,4195.840579710187
-0.0,0.37061532892405075,0.6509112466064474,1.0471389501470305,1.8903092199979992,1746.6045041204825
-0.0,0.3710001843774747,0.6028955493730029,0.9008404086144449,1.5459143178582897,1775.3020646855196
-0.0,0.4977640080758322,1.0531263043633594,0.9134013424793566,3.3342808125531103,10883.63369963347
-0.0,0.34250242634715994,0.4967795410262137,0.9418607416333813,1.8460261338700175,2033.0833333333244
-0.0,0.4093552831528955,0.5833398154698216,0.6050185123917975,2.1434043306118755,2646.6676940945263
-0.0,0.20879303715134404,0.30050786083073,0.5183792586917834,2.0265682261431492,1602.6751583391954
-0.0,0.2818131655018514,0.4433871400246058,0.4865563922873953,1.7614431130815547,1878.6253968253898
-0.0,0.10972287986143345,0.369688867592249,0.4885832345021675,1.4156456313050927,1847.4683303512552
-0.0,0.2851386832956226,0.447861166105972,0.6958179557139187,1.6355527345461547,1274.725011578465
-0.0,0.25060850823065145,0.5631165229074334,0.763892087000477,2.231203816458289,2585.55668170775
-0.0,0.315104958330896,0.690342672622203,1.2626165819967665,2.4464583321503457,2891.909940720479
-0.0,0.3817718344538439,0.7816979088099647,1.147252721106447,2.8839409041081865,4517.481860862198
-0.0,0.41203043594507244,0.6245155698948603,0.548311709263621,1.6746011652970214,1935.2639751552804
-0.0,0.4081845952602325,0.48516996954109143,1.0767832732372256,2.13072871909663,2401.357039187236
-0.0,0.32910037354010674,0.5681043992064037,0.5187020508270974,2.015158259640686,1668.3821768450289
-0.0,0.43236574958320195,0.5372783636337718,0.8588455570329266,2.417133504278027,2662.22291235335
-0.0,0.5537505654741687,1.051427577741943,1.016220095452481,2.9465932589447252,4123.7003359291575
-0.0,0.5659208186418065,0.9766000910601026,1.148829300256588,2.0544240899289,2285.186974789927
-0.0,0.3597052223846809,0.8645547092726149,0.9918058430667369,2.7425457111487224,3470.0775333573497
-0.0,0.16302124819921188,0.5388986554793118,0.37344283537888484,1.940059781698944,1969.076976135791
-0.0,0.2617792560159403,0.28322901748309187,0.467487779104382,1.044899698401738,1104.195858513154
-0.0,0.29072972277228576,0.7206959225644542,0.8410442410008647,1.7484209416395173,1857.6557232241428
-0.0,0.1880297442279139,0.2861421490501015,0.4318416987926611,1.2149621411784588,949.5738322940795
-0.0,0.028907437964452214,0.22629050861333272,0.39765710097625895,1.6333864251868422,1837.3809523809603
-0.0,0.34518487552325133,0.6625670641429267,0.7889196888454517,1.9227280903269053,1767.0211931987217
-0.0,0.2642035544439826,0.8703126258205146,1.578690330263077,2.469833551057676,4902.776315789568
-0.0,0.27278375974214486,0.8428598244942648,1.0150269641343879,1.6007643358713053,1856.9027777777783
-0.0,0.23554827430540115,0.3982707571157506,0.5555624263180446,1.3611204361232083,1314.2297682709482
-0.0,0.371600169187951,0.6336596261784746,0.526291165836963,2.7849638731570523,3994.9287541103236
-0.0,0.38472687773520725,0.6082680313003529,0.8432334379249891,2.0014224822990436,3973.453735632165
-0.0,0.19572911580552152,0.40016595563757684,0.6433827469682356,2.3043315812792007,3802.154248366002
-0.0,0.15266887631197126,0.36456558539492717,0.6925624689683506,2.462530692435657,4008.4404439282193
-0.0,0.3397798549278472,0.7285937327860339,0.8064836644177286,2.0843156354345207,4138.493292053678
-0.0,0.3956788522278613,0.66241617022903,0.715026166860362,2.278627916089197,2079.2591093117326
-0.0,0.32030339834765603,0.5780140721974076,0.7128901214652885,2.2461013657482627,2568.9347654777794
-0.0,0.06221947225061236,0.18225389136857403,0.439033244719228,1.947222212170594,3791.7173283705606
-0.0,0.5073013095416419,0.8744524001715932,0.9100630706016327,1.6958109450081855,2564.2314814814645
-0.0,0.023702558666879876,0.21187800188721953,0.317690012993252,1.6786362656815108,1599.6535744044488
-0.0,0.2555497120420027,0.6293148712749049,0.6704762065885582,2.1218079552803326,2039.7735650704888
-0.0,0.3034992892436603,0.7647738639556789,0.8277089266347344,2.0014224822990436,2618.2879273504363
-0.0,0.40423214732687457,0.6720265306391491,0.6444641215150261,1.7973865983255652,2170.5391351943076
-0.0,0.4093311832139179,0.49931811215938426,0.6402114533407984,2.0413725795604307,1992.7852216748736
-0.0,0.37200049687190684,0.9949490066702756,0.8404726201656777,1.8553866547372129,2264.1984476965995
-0.0,0.30770676437553535,0.638694629265001,0.57748049791306,2.1231810380494873,2632.4003594387077
-0.0,0.28015726795387214,0.4885924109965759,0.7702737960375385,1.6512015060138148,2571.1956197112777
-0.0,0.5547385622055891,0.6278992299171701,0.8664408036727504,2.0452400982864094,2629.315422933716
-0.0,0.18363044914599203,0.46368259601659206,0.7834827077286116,2.5014452027961727,3917.9112490149923
-0.0,0.36022455262605513,0.5732789731435073,0.6960357067282615,2.558046727838332,3967.097014528211
-0.0,0.28392023080245393,0.5647001932120227,0.5759147541972259,1.7402681633783357,1974.6074415429346
-0.0,0.3501237918431651,0.4029544569985009,0.34732243934444557,1.957417439702093,2475.51488095238
-0.0,0.5592500390485146,0.7538837546492082,0.887122464066767,1.543208284610318,1753.613039026049
-0.0,0.5157782559278893,0.8854136513556908,1.1974748658418393,2.6939310746554277,2862.2545050408526
-0.0,0.5254403763374099,1.142486122994177,1.580101167831209,2.987197084404718,4772.407407407412
-0.0,0.20682487654351467,0.5010954882138893,0.934628252919256,3.1833984743050765,10745.43898809508
-0.0,0.3052551163757398,0.6925297858536837,0.749417022850126,2.2645357178324366,2685.3015873015866
-0.0,0.4519122504103575,0.649667835972304,0.7874930448869117,1.6786362656815108,2629.558647026729
-0.0,0.5382129818151797,0.8601532325323707,1.1687793987037485,3.3469322174312874,10860.220551378125
-0.0,0.31620709086839394,0.6330331891444554,0.7873490106210477,2.3967449136117867,2056.2396182860916
-0.0,0.16926587221612835,0.2749328425521644,0.35324262889592295,1.3896172169119092,1558.479572531572
-0.0,0.344422803099127,0.9302865716257956,1.2550946156946663,1.878443453176991,4400.265670402694
-0.0,0.36195443691980816,0.5627501587044319,0.7946253660083801,2.0625823592715946,2075.020946085022
-0.0,0.2173703534762555,0.38421152402073716,0.7244673226296972,1.709501835426081,2526.808263756494
-0.0,0.2579194055586971,0.4940225480575311,1.005364442747965,2.2447624161395168,2641.303482587052
-0.0,0.35083639044936593,0.46457868185388773,0.5820814217007382,1.6872858346224335,2049.1754786094334
-0.0,0.45810337204920476,0.8687826444675009,1.3125174577897012,2.9267898076474577,4523.647869674215
-0.0,0.43733953450901986,0.6288140554580429,0.9716143626308409,3.2713824942661227,10710.249007875416
-0.0,0.3724411699675015,0.7034443021364813,0.9780035728290352,2.614516574926907,4080.02918586786
-0.0,0.3286154246184719,0.6601793565924189,0.6805416681257899,2.2567054062883134,2570.0197132616545
-0.0,0.3558670836468563,0.42917370158696533,0.6679623499706941,2.019375252173811,1943.163390663385
-0.0,0.3864457408216706,0.7129432623063054,1.0001090713479386,3.274926781703179,10842.523962344867
-0.0,0.3043114809786374,0.8813092199377607,0.7669204637121871,2.4233636873388074,4103.37841547821
-0.0,0.26817491315818337,0.6726064832232969,0.766707067307414,1.9005154687888677,2031.3095238095252
-0.0,0.08708473565753613,0.1862862352416699,0.08708473565753613,1.0164660589029295,1031.18556005398
-0.0,0.4757229279528744,0.8180080083879441,0.9989420396657822,2.1518645164763215,2670.863348416285
-0.0,0.4401188028744726,1.000017576712148,1.1208324799867266,3.3353454758220096,10983.90507518781
-0.0,0.39001616468343264,0.7330381779705956,0.7330381779705956,2.595049199080666,2591.9258927979863
-0.0,0.2917849055083775,0.7422432043922431,1.3344445825284321,3.2761035148600266,10895.263157894662
-0.0,0.21691113030933604,0.42972245514188717,0.7918336133824646,2.333888080783511,2643.4431818181824
-0.0,0.3252731693030674,0.4827985388711643,0.838924949764124,2.7916586895834663,3919.8433048433612
-0.0,0.47747639474075354,0.7593698359578215,1.2064589551782963,3.3213533553546952,10864.643993792777
-0.0,0.24677883582550555,0.7111694570684782,0.9406871257268935,1.6958109450081855,2786.2535014005834
-0.0,0.4717155001044237,0.8798789090833532,0.800136268474832,3.295758476491821,10784.200000000052
-0.0,0.27903731933398673,0.5471560853259838,0.7493730732210193,1.282303576768151,1904.3888888888862
-0.0,0.6774753657728895,1.0850280612801555,1.0313998740739345,1.767973322762085,2842.546398046398
-0.0,0.4448049194411851,0.8721081066103913,1.0772715653092282,2.2509851209735374,2172.12636012635
-0.0,0.44541360978103073,0.8109088039501017,1.6119050372533226,2.9299610103102713,4483.728933540199
-0.0,0.36061473041408687,0.5656167050700289,0.864972438733544,2.5774742043647354,2627.3586309523566
-0.0,0.3657577528532578,1.2654260840336082,1.778998362991733,2.210468714263799,5651.586854460147
-0.0,0.025671233382438187,0.10509898350959315,0.28140837146587744,1.1027669163024696,972.4150326797389
-0.0,0.6333471981913069,0.8570156173459686,1.0563703535405655,1.8715248108018452,2717.7168915541884
-0.0,0.24956263867449374,0.4862783713866234,0.49689032581272097,1.3400605956636895,1833.6667697381984
-0.0,0.5325441423011525,0.7381989228207594,0.8155894150317363,2.052238033375101,4046.6242146751797
-0.0,0.24716170171909602,0.3082968087361798,0.6791301488168107,1.8875598649498122,2542.8652173912833
-0.0,0.30308880701642704,0.44127451788904687,1.2333357037535542,2.5671922118419315,3959.9908163265036
-0.0,0.36800191304363056,0.695576032299243,0.8917581507405244,2.0967371585188754,2754.136376938857
-0.0,0.24283630783071575,0.30323424632218393,0.4106792724182961,0.9747301669903073,1122.448445171849
-0.0,0.41583134792369286,0.6319804046017585,0.6319804046017585,3.2245505835398003,10701.465201465044
-0.0,0.1587238261175469,0.5565424551617949,0.8227810784124252,2.3424749694863736,2721.4471916971775
-0.0,0.48261844147663385,1.0541108982340384,1.0291604769539964,1.8092347175153303,2799.0511393746656
-0.0,0.27280524908967824,0.4535928612515571,1.3242328268316212,3.219398508034404,10742.41681125866
-0.0,0.029355103229205304,0.31960308193615455,0.4572090549741761,1.6931320333619087,2923.1134259259215
-0.0,0.2896035832512708,0.5379598662203655,0.6007740506067006,2.013745899139427,3802.6192668371573
-0.0,0.4127840169042231,0.9218655571407408,1.4980340658039533,3.3427450272144945,10955.464620630724
-0.0,0.003714651351084812,0.23287181805148804,0.5026287236937671,1.6427170896731844,1891.0711702090991
-0.0,0.2740974741378318,0.24732768713822711,0.6603912080444967,1.6849393565070683,1952.7494505494371
-0.0,0.5776718381213154,0.4736815445523285,0.6279734808038782,1.8525585589154747,2518.367521367528
-0.0,0.152759866859599,0.19132998666271545,0.16788796401415534,2.0307508687357068,1857.8043775649785
-0.0,0.25214514212490396,0.5669592674685574,0.6822518910696028,2.526962852480144,3934.0416666666706
-0.0,0.39125179589189324,0.5792486453053904,0.46377312775329715,1.6958109450081855,1928.5397081059787
-0.0,0.1474671621375932,0.07711031332032993,0.19296238882326738,1.8058455587955748,1807.436431989074
-0.0,0.0608210413061974,0.5293952605974637,0.5139045756296021,2.8511468058061857,5606.778205128284
-0.0,0.30216048313940885,0.38163007468532134,0.6232811751799939,1.6165095518225636,1981.8040186681276
-0.0,0.26473429929730363,0.5977812982526594,1.1354951925132022,3.2334602995539314,10789.370005473182
-0.0,0.17931889638472598,0.2440178333933829,0.21892060116288756,1.2208232562696852,1079.6661925082983
-0.0,0.5216661918358863,0.6600794751905484,0.9959903448565388,2.6448472298853734,4020.5834498834347
-0.0,0.17873393610323293,0.4489173748690906,0.6282078962173075,1.510507893893834,1431.887747035574
-0.0,0.3724411699675017,0.8408612623243908,1.2753383099545228,1.9984674390176802,2216.99494949494
-0.0,0.32485315141184723,0.34231713003612224,0.9564162314377587,1.4513317486917747,1610.245370370381
-0.0,0.4444070332182886,0.8379824595875022,0.8379824595875022,1.9142029799411537,2177.4135338345745
-0.0,0.18073537747892301,0.5237302418234407,0.914547823734951,2.7658056467828467,3981.192032368461
-0.0,0.5396059947063945,0.48941855131418127,0.5732789731435073,2.147367455420036,1984.2110678780073
-0.0,0.265571172637219,0.4640389551486397,0.8073511560405968,1.6016508914006518,2574.8684684684754
-0.0,0.29638675349492605,0.3507813446975064,0.3951275935122119,2.4516018064198954,2490.7999999999993
-0.0,0.1123006666662936,0.23810455736127784,-0.039169787389045745,1.5593545271005758,1432.0901787272326
-0.0,-0.023623791723169873,0.04375338417416207,0.4719890507071973,2.958768035606114,10523.685335497925
-0.0,0.11870468067499794,0.45498128844316765,0.32350855633814884,1.753135132475094,1536.5720390720398
-0.0,0.7053614206178039,0.9535677406159424,1.2234301363234363,2.57267672916724,4196.231060606084
-0.0,0.4354165823898667,0.898902722997948,1.0660120690205954,2.493423745569823,2956.0000000000095
-0.0,0.2822014381827952,0.6822814127293272,0.7080456870902407,2.142077376082486,1955.160095160094
-0.0,0.12890843543337044,0.4625331867014154,0.4308795795113696,1.5098462690906147,1516.5421887160987
-0.0,-0.10081191922384472,0.03951363566618761,0.09013863422083465,1.3836744895606414,1794.6162162162227
-0.0,0.27817016018115537,0.3687030821752944,0.5619410728673714,2.721041286925185,3860.7539859102985
-0.0,0.2858032409098288,0.5249430766325848,0.8532426204604293,1.9622572391160817,2189.3404488232177
-0.0,0.4953834224706059,0.8373582105695948,1.3167419673071978,2.690782342976803,4314.164021164019
-0.0,0.32837337526157895,0.6332614536407497,0.7950771847514605,3.2258316325787915,10789.711756091376
-0.0,0.35250197472521216,0.7260097245481895,1.0979506961324876,3.2761035148600266,10827.886382623188
-0.0,0.1727428646419588,0.5908282953670345,0.9759811914198693,1.9513606570501882,2917.339376870278
-0.0,0.5684390419431813,1.1075736330656254,1.360412145602856,3.394997881769945,11211.447368420482
-0.0,0.5346275062557321,1.183264335674866,2.025413959365228,3.4185684103639185,11531.827970828086
-0.0,0.3885046904263351,0.7731624777352832,0.6335931258192696,2.826558839826764,3955.4418377321554
-0.0,0.2732268127765768,0.4139800327642758,0.2527058022780325,2.1231810380494873,1861.1302211302168
-0.0,0.25700497595418553,0.7458493320779062,0.5385898886429504,1.261520762743671,1842.166765784508
-0.0,0.18334473719170932,0.4502457024663153,0.6066754144881822,1.755350669170462,2605.2312942365843
-0.0,0.33712319639504645,0.22759855419165875,0.3616856753140594,1.2817363340731105,1176.0793063232104
-0.0,0.2548105467639594,0.5089086881917306,0.8380493654595977,2.231203816458289,3997.006802721095
-0.0,0.4128696074441523,0.7690772975676003,1.5592452226173374,2.2575805688546935,4670.056277056332
-0.0,0.671031514433367,1.0373645380369576,1.020515489358608,2.557058429110906,2870.7575250836167
-0.0,0.43613600202809777,0.46576642354744013,0.5231484878288634,2.5283487828190347,2519.417187630222
-0.0,0.16812837178767648,0.40374954488735143,0.3114342093659088,1.2390495552987624,1218.798149219204
-0.0,0.32825703064663203,0.46626547288563625,0.44091465628728904,2.73144906934984,3877.088656600848
-0.0,0.2984594166021586,0.495032528205263,0.6930936286245509,1.8066483840535246,2530.585604472396
-0.0,0.17327539405188283,0.21132453622369918,0.04163344096757343,0.8652664029914791,807.4601275917056
-0.0,0.1389987841643628,0.5357833003736031,0.44838813414634887,1.829809826507262,2232.2288676236135
-0.0,0.16592449039175405,0.28257033486971017,0.46037778923651834,1.5843928280826052,2563.020202020191
