id,atom_zero_based,element,reaction_center,alpha_carbon,fplus_proxy,local_softness_eV_inv,electronic_method
W01,0,C,True,False,0.3512410997017902,0.15344917250739523,EHT/YAeHMOP; frozen-orbital LUMO population proxy
W01,1,C,False,True,0.12323777142105033,0.053839752985260655,EHT/YAeHMOP; frozen-orbital LUMO population proxy
W01,2,C,False,False,0.29765995581274046,0.13004080088244882,EHT/YAeHMOP; frozen-orbital LUMO population proxy
W01,3,O,False,False,0.061872220199160353,0.027030552514547064,EHT/YAeHMOP; frozen-orbital LUMO population proxy
W01,4,N,False,False,0.07411817844566226,0.03238053052418559,EHT/YAeHMOP; frozen-orbital LUMO population proxy
W01,5,C,False,False,0.009817892600939574,0.004289211873723608,EHT/YAeHMOP; frozen-orbital LUMO population proxy
W01,6,C,False,False,0.019267409217717107,0.008417488737309577,EHT/YAeHMOP; frozen-orbital LUMO population proxy
W01,7,C,False,False,0.0007987825604047393,0.00034896976182887453,EHT/YAeHMOP; frozen-orbital LUMO population proxy
W01,8,C,False,False,0.025364620714421852,0.011081220457675648,EHT/YAeHMOP; frozen-orbital LUMO population proxy
W01,9,N,False,False,0.002265824761030744,0.0009898868182628064,EHT/YAeHMOP; frozen-orbital LUMO population proxy
W01,10,C,False,False,0.005653595647899111,0.002469926140756551,EHT/YAeHMOP; frozen-orbital LUMO population proxy
W01,11,N,False,False,0.0011036035075882176,0.00048213903543591416,EHT/YAeHMOP; frozen-orbital LUMO population proxy
W01,12,C,False,False,0.0005464947521905367,0.00023875101055790385,EHT/YAeHMOP; frozen-orbital LUMO population proxy
W01,13,C,False,False,0.0018136518322805122,0.0007923428468828112,EHT/YAeHMOP; frozen-orbital LUMO population proxy
W01,14,C,False,False,6.369876771877768e-07,2.7828529191162297e-07,EHT/YAeHMOP; frozen-orbital LUMO population proxy
W01,15,N,False,False,0.0020178735938289807,0.000881562645887601,EHT/YAeHMOP; frozen-orbital LUMO population proxy
W01,16,C,False,False,1.0124274749255534e-05,4.423063200262665e-06,EHT/YAeHMOP; frozen-orbital LUMO population proxy
W01,17,C,False,False,0.02321026396795869,0.010140031455844233,EHT/YAeHMOP; frozen-orbital LUMO population proxy
W01,18,H,False,False,1.2549549324326114e-13,5.482609981558397e-14,EHT/YAeHMOP; frozen-orbital LUMO population proxy
W01,19,H,False,False,2.3666744029232524e-13,1.0339457114538689e-13,EHT/YAeHMOP; frozen-orbital LUMO population proxy
W01,20,H,False,False,4.822057967372548e-14,2.106646418953341e-14,EHT/YAeHMOP; frozen-orbital LUMO population proxy
W01,21,H,False,False,1.0991966657834719e-14,4.802137874256917e-15,EHT/YAeHMOP; frozen-orbital LUMO population proxy
W01,22,H,False,False,6.7582638013489825e-15,2.9525302955267996e-15,EHT/YAeHMOP; frozen-orbital LUMO population proxy
W01,23,H,False,False,5.232194519099058e-15,2.285825662301863e-15,EHT/YAeHMOP; frozen-orbital LUMO population proxy
W01,24,H,False,False,4.493951621555448e-13,1.9633042892800045e-13,EHT/YAeHMOP; frozen-orbital LUMO population proxy
W01,25,H,False,False,2.008926825190496e-15,8.776540080734153e-16,EHT/YAeHMOP; frozen-orbital LUMO population proxy
W01,26,H,False,False,4.9949746905504184e-17,2.182189765409272e-17,EHT/YAeHMOP; frozen-orbital LUMO population proxy
W01,27,H,False,False,1.5970543750211994e-14,6.977163905487831e-15,EHT/YAeHMOP; frozen-orbital LUMO population proxy
W01,28,H,False,False,7.594225604471666e-15,3.3177428149212437e-15,EHT/YAeHMOP; frozen-orbital LUMO population proxy
W01,29,H,False,False,-1.4675240439865094e-16,-6.41127562735758e-17,EHT/YAeHMOP; frozen-orbital LUMO population proxy
W02,0,C,False,False,0.0001912271776486082,7.995725061167762e-05,EHT/YAeHMOP; frozen-orbital LUMO population proxy
W02,1,N,False,False,0.011013798085426768,0.004605166611417029,EHT/YAeHMOP; frozen-orbital LUMO population proxy
W02,2,C,False,False,1.8215850986586182e-05,7.6165395544133165e-06,EHT/YAeHMOP; frozen-orbital LUMO population proxy
W02,3,C,False,False,0.000735071431972714,0.0003073532299458419,EHT/YAeHMOP; frozen-orbital LUMO population proxy
W02,4,C,True,False,0.3489044446812094,0.14588637695718623,EHT/YAeHMOP; frozen-orbital LUMO population proxy
W02,5,C,False,True,0.09335282001760865,0.03903333677376531,EHT/YAeHMOP; frozen-orbital LUMO population proxy
W02,6,C,False,False,0.3040593326435903,0.12713542374022455,EHT/YAeHMOP; frozen-orbital LUMO population proxy
W02,7,O,False,False,0.06123729574680581,0.025604968200734247,EHT/YAeHMOP; frozen-orbital LUMO population proxy
W02,8,N,False,False,0.06826254295800438,0.028542413906840876,EHT/YAeHMOP; frozen-orbital LUMO population proxy
W02,9,C,False,False,0.012516255134758701,0.005233384505462747,EHT/YAeHMOP; frozen-orbital LUMO population proxy
W02,10,C,False,False,0.023518787653920008,0.009833840679188617,EHT/YAeHMOP; frozen-orbital LUMO population proxy
W02,11,C,False,False,7.301673389925039e-05,3.053026961448245e-05,EHT/YAeHMOP; frozen-orbital LUMO population proxy
W02,12,C,False,False,0.026762310202923002,0.011190045108413729,EHT/YAeHMOP; frozen-orbital LUMO population proxy
W02,13,N,False,False,0.0020147114310779266,0.0008424052939845389,EHT/YAeHMOP; frozen-orbital LUMO population proxy
W02,14,C,False,False,0.006691393905573523,0.0027978526171239994,EHT/YAeHMOP; frozen-orbital LUMO population proxy
W02,15,N,False,False,0.00027085414556421704,0.0001132514377003751,EHT/YAeHMOP; frozen-orbital LUMO population proxy
W02,16,C,False,False,0.003275322074559302,0.0013695006701962065,EHT/YAeHMOP; frozen-orbital LUMO population proxy
W02,17,C,False,False,0.00209487578201258,0.0008759241754354947,EHT/YAeHMOP; frozen-orbital LUMO population proxy
W02,18,C,False,False,0.0008195345768185135,0.000342669553299711,EHT/YAeHMOP; frozen-orbital LUMO population proxy
W02,19,N,False,False,0.004291853976147448,0.0017945401285487422,EHT/YAeHMOP; frozen-orbital LUMO population proxy
W02,20,C,False,False,0.0012418949053836137,0.0005192698203473485,EHT/YAeHMOP; frozen-orbital LUMO population proxy
W02,21,C,False,False,0.019043430190283605,0.00796257278360546,EHT/YAeHMOP; frozen-orbital LUMO population proxy
W02,22,H,False,False,5.045823007251596e-05,2.109794955371612e-05,EHT/YAeHMOP; frozen-orbital LUMO population proxy
W02,23,H,False,False,2.627854750556151e-05,1.0987770851662466e-05,EHT/YAeHMOP; frozen-orbital LUMO population proxy
W02,24,H,False,False,8.839283926690531e-06,3.6959434785618857e-06,EHT/YAeHMOP; frozen-orbital LUMO population proxy
W02,25,H,False,False,3.689454466974497e-06,1.5426606147915418e-06,EHT/YAeHMOP; frozen-orbital LUMO population proxy
W02,26,H,False,False,0.00010679223693033911,4.465272016570457e-05,EHT/YAeHMOP; frozen-orbital LUMO population proxy
W02,27,H,False,False,-8.357979269434861e-06,-3.494696994803831e-06,EHT/YAeHMOP; frozen-orbital LUMO population proxy
W02,28,H,False,False,-3.712600015993104e-07,-1.552338394311074e-07,EHT/YAeHMOP; frozen-orbital LUMO population proxy
W02,29,H,False,False,0.009410900800968902,0.0039349519408136534,EHT/YAeHMOP; frozen-orbital LUMO population proxy
W02,30,H,False,False,1.1507699541049121e-05,4.811680156982377e-06,EHT/YAeHMOP; frozen-orbital LUMO population proxy
W02,31,H,False,False,1.0873034533800775e-06,4.5463095665516216e-07,EHT/YAeHMOP; frozen-orbital LUMO population proxy
W02,32,H,False,False,1.5485022213432375e-07,6.474706247675558e-08,EHT/YAeHMOP; frozen-orbital LUMO population proxy
W02,33,H,False,False,1.511709110342718e-08,6.320864307778412e-09,EHT/YAeHMOP; frozen-orbital LUMO population proxy
W02,34,H,False,False,-2.5085129375495943e-10,-1.0488770481090053e-10,EHT/YAeHMOP; frozen-orbital LUMO population proxy
W02,35,H,False,False,1.4909192134554259e-09,6.2339361307249e-10,EHT/YAeHMOP; frozen-orbital LUMO population proxy
W02,36,H,False,False,3.0414662846768726e-11,1.2717192448332236e-11,EHT/YAeHMOP; frozen-orbital LUMO population proxy
W02,37,H,False,False,-4.58254440715658e-13,-1.9160856532404463e-13,EHT/YAeHMOP; frozen-orbital LUMO population proxy
W02,38,H,False,False,1.6103930351130023e-11,6.7334884651406474e-12,EHT/YAeHMOP; frozen-orbital LUMO population proxy
W02,39,H,False,False,1.4753200236006595e-08,6.16871170248758e-09,EHT/YAeHMOP; frozen-orbital LUMO population proxy
W02,40,H,False,False,3.695893576758245e-10,1.5453529805997186e-10,EHT/YAeHMOP; frozen-orbital LUMO population proxy
W03,0,C,True,False,0.46062093964141976,0.23123603111565835,EHT/YAeHMOP; frozen-orbital LUMO population proxy
W03,1,C,False,True,0.10936870818904347,0.054904117102380426,EHT/YAeHMOP; frozen-orbital LUMO population proxy
W03,2,C,False,False,0.09721193873217636,0.048801304836437076,EHT/YAeHMOP; frozen-orbital LUMO population proxy
W03,3,N,False,False,0.07980866629990126,0.040064698878408724,EHT/YAeHMOP; frozen-orbital LUMO population proxy
W03,4,C,False,False,0.13697519517078932,0.06876283244362058,EHT/YAeHMOP; frozen-orbital LUMO population proxy
W03,5,O,False,False,0.029268152986735328,0.014692887257811506,EHT/YAeHMOP; frozen-orbital LUMO population proxy
W03,6,N,False,False,0.04513262954232551,0.02265700325587677,EHT/YAeHMOP; frozen-orbital LUMO population proxy
W03,7,C,False,False,0.0023004795269834007,0.0011548622950067783,EHT/YAeHMOP; frozen-orbital LUMO population proxy
W03,8,C,False,False,0.010318154527345545,0.005179810329940327,EHT/YAeHMOP; frozen-orbital LUMO population proxy
W03,9,C,False,False,6.767011745619394e-05,3.397103353113312e-05,EHT/YAeHMOP; frozen-orbital LUMO population proxy
W03,10,C,False,False,0.011749338890631428,0.005898278301063494,EHT/YAeHMOP; frozen-orbital LUMO population proxy
W03,11,N,False,False,0.0015203671106285514,0.0007632385465893269,EHT/YAeHMOP; frozen-orbital LUMO population proxy
W03,12,C,False,False,0.0019740155429958427,0.0009909743136695516,EHT/YAeHMOP; frozen-orbital LUMO population proxy
W03,13,N,False,False,0.0007224237910102568,0.0003626635175265449,EHT/YAeHMOP; frozen-orbital LUMO population proxy
W03,14,C,False,False,8.887463499739449e-06,4.461590017954606e-06,EHT/YAeHMOP; frozen-orbital LUMO population proxy
W03,15,C,False,False,0.0006985958794765282,0.00035070168249333146,EHT/YAeHMOP; frozen-orbital LUMO population proxy
W03,16,C,False,False,8.641542887445389e-05,4.338135564492982e-05,EHT/YAeHMOP; frozen-orbital LUMO population proxy
W03,17,N,False,False,0.000586648517590594,0.0002945030570541071,EHT/YAeHMOP; frozen-orbital LUMO population proxy
W03,18,C,False,False,4.063543008165927e-05,2.0399366954692797e-05,EHT/YAeHMOP; frozen-orbital LUMO population proxy
W03,19,C,False,False,0.011540137210115736,0.005793257095681835,EHT/YAeHMOP; frozen-orbital LUMO population proxy
W03,20,H,False,False,3.109041478934463e-13,1.5607679770755158e-13,EHT/YAeHMOP; frozen-orbital LUMO population proxy
W03,21,H,False,False,8.813610370097513e-14,4.424515054325801e-14,EHT/YAeHMOP; frozen-orbital LUMO population proxy
W03,22,H,False,False,4.466374751788258e-13,2.2421620082723456e-13,EHT/YAeHMOP; frozen-orbital LUMO population proxy
W03,23,H,False,False,-2.0466748274263907e-15,-1.0274499558071043e-15,EHT/YAeHMOP; frozen-orbital LUMO population proxy
W03,24,H,False,False,3.040327264715049e-14,1.5262727971783582e-14,EHT/YAeHMOP; frozen-orbital LUMO population proxy
W03,25,H,False,False,2.876008602219895e-14,1.4437832877279372e-14,EHT/YAeHMOP; frozen-orbital LUMO population proxy
W03,26,H,False,False,3.58599141774914e-15,1.8002013188993116e-15,EHT/YAeHMOP; frozen-orbital LUMO population proxy
W03,27,H,False,False,9.55095749089195e-16,4.794670223345676e-16,EHT/YAeHMOP; frozen-orbital LUMO population proxy
W03,28,H,False,False,5.5136705669258926e-17,2.7679143283579005e-17,EHT/YAeHMOP; frozen-orbital LUMO population proxy
W03,29,H,False,False,1.0997044350305222e-14,5.520619387271101e-15,EHT/YAeHMOP; frozen-orbital LUMO population proxy
W03,30,H,False,False,3.655310098102112e-15,1.834999946463821e-15,EHT/YAeHMOP; frozen-orbital LUMO population proxy
W04,0,Cl,False,False,3.523830463639526e-08,1.4439015692713288e-08,EHT/YAeHMOP; frozen-orbital LUMO population proxy
W04,1,C,True,False,8.903365859530304e-09,3.64818457329951e-09,EHT/YAeHMOP; frozen-orbital LUMO population proxy
W04,2,C,False,False,1.1123982209129183e-05,4.558089707788803e-06,EHT/YAeHMOP; frozen-orbital LUMO population proxy
W04,3,O,False,False,2.0025887387673146e-06,8.205675762064727e-07,EHT/YAeHMOP; frozen-orbital LUMO population proxy
W04,4,N,False,False,1.162647962954335e-07,4.763989742247735e-08,EHT/YAeHMOP; frozen-orbital LUMO population proxy
W04,5,C,False,False,1.854393715427273e-05,7.598441591843374e-06,EHT/YAeHMOP; frozen-orbital LUMO population proxy
W04,6,C,False,False,6.660298350062558e-05,2.729079999364672e-05,EHT/YAeHMOP; frozen-orbital LUMO population proxy
W04,7,C,False,False,2.3517958672632943e-06,9.63656389938818e-07,EHT/YAeHMOP; frozen-orbital LUMO population proxy
W04,8,C,False,False,9.663545207356619e-08,3.959670657712439e-08,EHT/YAeHMOP; frozen-orbital LUMO population proxy
W04,9,N,False,False,3.1310724693798903e-07,1.282967639530105e-07,EHT/YAeHMOP; frozen-orbital LUMO population proxy
W04,10,C,False,False,6.726108439777216e-05,2.7560459084211303e-05,EHT/YAeHMOP; frozen-orbital LUMO population proxy
W04,11,N,False,False,0.12408923455832992,0.05084598772762617,EHT/YAeHMOP; frozen-orbital LUMO population proxy
W04,12,C,False,False,0.3746488411209795,0.15351364238492626,EHT/YAeHMOP; frozen-orbital LUMO population proxy
W04,13,C,False,False,1.57344610545351e-05,6.44724916329173e-06,EHT/YAeHMOP; frozen-orbital LUMO population proxy
W04,14,C,False,False,0.37144924466534524,0.15220259680796233,EHT/YAeHMOP; frozen-orbital LUMO population proxy
W04,15,N,False,False,0.12952200179404158,0.05307208265985171,EHT/YAeHMOP; frozen-orbital LUMO population proxy
W04,16,C,False,False,6.67068046067411e-05,2.7333341046512487e-05,EHT/YAeHMOP; frozen-orbital LUMO population proxy
W04,17,C,False,False,3.915402050611776e-05,1.6043493645739844e-05,EHT/YAeHMOP; frozen-orbital LUMO population proxy
W04,18,H,False,False,3.9734455491380443e-07,1.6281328863616688e-07,EHT/YAeHMOP; frozen-orbital LUMO population proxy
W04,19,H,False,False,2.255341813212352e-07,9.241340118210878e-08,EHT/YAeHMOP; frozen-orbital LUMO population proxy
W04,20,H,False,False,4.3872805862109316e-10,1.797703206391153e-10,EHT/YAeHMOP; frozen-orbital LUMO population proxy
W04,21,H,False,False,3.515705042122162e-10,1.4405721500495553e-10,EHT/YAeHMOP; frozen-orbital LUMO population proxy
W04,22,H,False,False,1.031336664969016e-09,4.2259372133861973e-10,EHT/YAeHMOP; frozen-orbital LUMO population proxy
W04,23,H,False,False,7.326982875012932e-10,3.0022562607420493e-10,EHT/YAeHMOP; frozen-orbital LUMO population proxy
W04,24,H,False,False,2.29199373176933e-10,9.391522606464204e-11,EHT/YAeHMOP; frozen-orbital LUMO population proxy
W04,25,H,False,False,3.688938723650119e-12,1.511555242791912e-12,EHT/YAeHMOP; frozen-orbital LUMO population proxy
W04,26,H,False,False,2.0158576756967297e-10,8.260045684376928e-11,EHT/YAeHMOP; frozen-orbital LUMO population proxy
W04,27,H,False,False,-5.956515627789892e-12,-2.4407026249134637e-12,EHT/YAeHMOP; frozen-orbital LUMO population proxy
W04,28,H,False,False,1.925139690947142e-10,7.888325643096129e-11,EHT/YAeHMOP; frozen-orbital LUMO population proxy
W05,0,C,True,False,8.093850046048283e-07,3.0934371943462894e-07,EHT/YAeHMOP; frozen-orbital LUMO population proxy
W05,1,C,False,True,5.766069649723637e-07,2.20376881436728e-07,EHT/YAeHMOP; frozen-orbital LUMO population proxy
W05,2,S,False,False,8.514243914025717e-08,3.2541100533784916e-08,EHT/YAeHMOP; frozen-orbital LUMO population proxy
W05,3,O,False,False,1.1226790818758153e-07,4.290834657710031e-08,EHT/YAeHMOP; frozen-orbital LUMO population proxy
W05,4,O,False,False,1.5001569929425652e-07,5.733540173002029e-08,EHT/YAeHMOP; frozen-orbital LUMO population proxy
W05,5,C,False,False,2.069442071409901e-05,7.909325029279433e-06,EHT/YAeHMOP; frozen-orbital LUMO population proxy
W05,6,C,False,False,6.936706132779484e-05,2.65118140752642e-05,EHT/YAeHMOP; frozen-orbital LUMO population proxy
W05,7,C,False,False,8.75908190724254e-06,3.3476861575189197e-06,EHT/YAeHMOP; frozen-orbital LUMO population proxy
W05,8,C,False,False,-1.0193366205041912e-08,-3.895863893557614e-09,EHT/YAeHMOP; frozen-orbital LUMO population proxy
W05,9,N,False,False,2.0465686725379992e-07,7.821903811405492e-08,EHT/YAeHMOP; frozen-orbital LUMO population proxy
W05,10,C,False,False,6.677059541161308e-05,2.5519455161610914e-05,EHT/YAeHMOP; frozen-orbital LUMO population proxy
W05,11,N,False,False,0.12409721437541786,0.047429460204925646,EHT/YAeHMOP; frozen-orbital LUMO population proxy
W05,12,C,False,False,0.3746039952958041,0.1431721523880392,EHT/YAeHMOP; frozen-orbital LUMO population proxy
W05,13,C,False,False,1.4920185089191824e-05,5.702435211778022e-06,EHT/YAeHMOP; frozen-orbital LUMO population proxy
W05,14,C,False,False,0.3715285614023359,0.14199673382447778,EHT/YAeHMOP; frozen-orbital LUMO population proxy
W05,15,N,False,False,0.1294892306736223,0.04949026732075932,EHT/YAeHMOP; frozen-orbital LUMO population proxy
W05,16,C,False,False,6.48578385672361e-05,2.4788407127304285e-05,EHT/YAeHMOP; frozen-orbital LUMO population proxy
W05,17,C,False,False,3.3386472821023066e-05,1.2760176705152678e-05,EHT/YAeHMOP; frozen-orbital LUMO population proxy
W05,18,H,False,False,1.79908188045819e-08,6.876019166429996e-09,EHT/YAeHMOP; frozen-orbital LUMO population proxy
W05,19,H,False,False,3.1391787171146327e-09,1.1997815808267749e-09,EHT/YAeHMOP; frozen-orbital LUMO population proxy
W05,20,H,False,False,2.0604816883050877e-09,7.875078802558745e-10,EHT/YAeHMOP; frozen-orbital LUMO population proxy
W05,21,H,False,False,4.834612549030281e-08,1.847769626857055e-08,EHT/YAeHMOP; frozen-orbital LUMO population proxy
W05,22,H,False,False,1.1378769605929745e-07,4.348920343794341e-08,EHT/YAeHMOP; frozen-orbital LUMO population proxy
W05,23,H,False,False,2.3607505073365183e-08,9.02269424861926e-09,EHT/YAeHMOP; frozen-orbital LUMO population proxy
W05,24,H,False,False,3.477158769399794e-08,1.3289562083202115e-08,EHT/YAeHMOP; frozen-orbital LUMO population proxy
W05,25,H,False,False,8.155379225044291e-10,3.116953401066325e-10,EHT/YAeHMOP; frozen-orbital LUMO population proxy
W05,26,H,False,False,3.143319823021212e-08,1.201364294981875e-08,EHT/YAeHMOP; frozen-orbital LUMO population proxy
W05,27,H,False,False,3.5963482939238916e-09,1.3745099690449124e-09,EHT/YAeHMOP; frozen-orbital LUMO population proxy
W05,28,H,False,False,3.516698466933868e-08,1.344068122960244e-08,EHT/YAeHMOP; frozen-orbital LUMO population proxy
W06,0,C,True,False,2.9816333173710802e-05,1.2246463160611923e-05,EHT/YAeHMOP; frozen-orbital LUMO population proxy
W06,1,C,False,True,1.2383912261133774e-05,5.086444547243778e-06,EHT/YAeHMOP; frozen-orbital LUMO population proxy
W06,2,C,False,False,1.1095214265876307e-06,4.557137592155482e-07,EHT/YAeHMOP; frozen-orbital LUMO population proxy
W06,3,C,False,False,5.3686458675736505e-05,2.2050640317361864e-05,EHT/YAeHMOP; frozen-orbital LUMO population proxy
W06,4,O,False,False,1.0666437354921067e-05,4.381026042370273e-06,EHT/YAeHMOP; frozen-orbital LUMO population proxy
W06,5,N,False,False,2.314178079104738e-06,9.505024118069551e-07,EHT/YAeHMOP; frozen-orbital LUMO population proxy
W06,6,C,False,False,2.67893591189989e-05,1.1003194042535325e-05,EHT/YAeHMOP; frozen-orbital LUMO population proxy
W06,7,C,False,False,8.33994087264634e-05,3.425464092566478e-05,EHT/YAeHMOP; frozen-orbital LUMO population proxy
W06,8,C,False,False,1.5126947319502447e-06,6.21309139529408e-07,EHT/YAeHMOP; frozen-orbital LUMO population proxy
W06,9,C,False,False,7.471300531975341e-07,3.068687426909007e-07,EHT/YAeHMOP; frozen-orbital LUMO population proxy
W06,10,N,False,False,8.139725529222927e-08,3.343229640290302e-08,EHT/YAeHMOP; frozen-orbital LUMO population proxy
W06,11,C,False,False,5.571829547519913e-05,2.2885176689357263e-05,EHT/YAeHMOP; frozen-orbital LUMO population proxy
W06,12,N,False,False,0.12433382725835274,0.05106763552266147,EHT/YAeHMOP; frozen-orbital LUMO population proxy
W06,13,C,False,False,0.37449228945967794,0.15381522604009676,EHT/YAeHMOP; frozen-orbital LUMO population proxy
W06,14,C,False,False,1.3094932946384953e-05,5.378482088467627e-06,EHT/YAeHMOP; frozen-orbital LUMO population proxy
W06,15,C,False,False,0.3715357665251734,0.15260089331212612,EHT/YAeHMOP; frozen-orbital LUMO population proxy
W06,16,N,False,False,0.12925164549495127,0.0530875311119082,EHT/YAeHMOP; frozen-orbital LUMO population proxy
W06,17,C,False,False,6.804493946102044e-05,2.7948099436660055e-05,EHT/YAeHMOP; frozen-orbital LUMO population proxy
W06,18,C,False,False,2.6249988156830534e-05,1.078165819573567e-05,EHT/YAeHMOP; frozen-orbital LUMO population proxy
W06,19,H,False,False,2.8264468511381687e-08,1.1609065754742256e-08,EHT/YAeHMOP; frozen-orbital LUMO population proxy
W06,20,H,False,False,-2.086729027356137e-09,-8.570822579293046e-10,EHT/YAeHMOP; frozen-orbital LUMO population proxy
W06,21,H,False,False,3.9820102691784715e-07,1.635531162821501e-07,EHT/YAeHMOP; frozen-orbital LUMO population proxy
W06,22,H,False,False,2.722735620947648e-08,1.118309259685247e-08,EHT/YAeHMOP; frozen-orbital LUMO population proxy
W06,23,H,False,False,3.493394676166705e-07,1.4348420698784725e-07,EHT/YAeHMOP; frozen-orbital LUMO population proxy
W06,24,H,False,False,5.233709950977433e-08,2.1496417998335733e-08,EHT/YAeHMOP; frozen-orbital LUMO population proxy
W06,25,H,False,False,2.8057308129520293e-10,1.1523978766680265e-10,EHT/YAeHMOP; frozen-orbital LUMO population proxy
W06,26,H,False,False,4.615017449158452e-10,1.8955262153607827e-10,EHT/YAeHMOP; frozen-orbital LUMO population proxy
W06,27,H,False,False,2.027078052691788e-09,8.325818118326785e-10,EHT/YAeHMOP; frozen-orbital LUMO population proxy
W06,28,H,False,False,1.4088452447396114e-10,5.7865503743160865e-11,EHT/YAeHMOP; frozen-orbital LUMO population proxy
W06,29,H,False,False,2.4103890599995987e-12,9.900191500426987e-13,EHT/YAeHMOP; frozen-orbital LUMO population proxy
W06,30,H,False,False,1.5814118913902287e-10,6.495333398923704e-11,EHT/YAeHMOP; frozen-orbital LUMO population proxy
W06,31,H,False,False,-2.7419621876042066e-11,-1.1262061878183214e-11,EHT/YAeHMOP; frozen-orbital LUMO population proxy
W06,32,H,False,False,-5.0909210655249815e-11,-2.0909941178650847e-11,EHT/YAeHMOP; frozen-orbital LUMO population proxy
W07,0,C,False,False,0.0008491025705005092,0.0003897692713652446,EHT/YAeHMOP; frozen-orbital LUMO population proxy
W07,1,C,True,False,0.47025549982091724,0.21586454909994637,EHT/YAeHMOP; frozen-orbital LUMO population proxy
W07,2,C,False,True,0.07675092073862977,0.03523149203902855,EHT/YAeHMOP; frozen-orbital LUMO population proxy
W07,3,C,False,False,0.09509316634513892,0.04365125656881588,EHT/YAeHMOP; frozen-orbital LUMO population proxy
W07,4,N,False,False,0.07201344451757717,0.033056816423924246,EHT/YAeHMOP; frozen-orbital LUMO population proxy
W07,5,C,False,False,0.14381041747185228,0.06601426444828068,EHT/YAeHMOP; frozen-orbital LUMO population proxy
W07,6,O,False,False,0.02889396022228091,0.013263389152215548,EHT/YAeHMOP; frozen-orbital LUMO population proxy
W07,7,N,False,False,0.039816233746444385,0.018277113925956,EHT/YAeHMOP; frozen-orbital LUMO population proxy
W07,8,C,False,False,0.0038571784180498033,0.00177058658607384,EHT/YAeHMOP; frozen-orbital LUMO population proxy
W07,9,C,False,False,0.009841692216419033,0.0045176982586844555,EHT/YAeHMOP; frozen-orbital LUMO population proxy
W07,10,C,False,False,0.000238654256685491,0.00010955107070478725,EHT/YAeHMOP; frozen-orbital LUMO population proxy
W07,11,C,False,False,0.012198558071926317,0.005599586265059473,EHT/YAeHMOP; frozen-orbital LUMO population proxy
W07,12,N,False,False,0.0012533229034392484,0.0005753212530859907,EHT/YAeHMOP; frozen-orbital LUMO population proxy
W07,13,C,False,False,0.002449682884063399,0.0011244944320854928,EHT/YAeHMOP; frozen-orbital LUMO population proxy
W07,14,N,False,False,0.0005855499270857387,0.0002687889265176163,EHT/YAeHMOP; frozen-orbital LUMO population proxy
W07,15,C,False,False,0.00015857229305792298,7.279050761496383e-05,EHT/YAeHMOP; frozen-orbital LUMO population proxy
W07,16,C,False,False,0.0008088410703899182,0.00037128776382143095,EHT/YAeHMOP; frozen-orbital LUMO population proxy
W07,17,C,False,False,7.554043555690606e-06,3.46758348738397e-06,EHT/YAeHMOP; frozen-orbital LUMO population proxy
W07,18,N,False,False,0.0008428895529261958,0.0003869172680654641,EHT/YAeHMOP; frozen-orbital LUMO population proxy
W07,19,C,False,False,3.2237319820032096e-07,1.4798114024805835e-07,EHT/YAeHMOP; frozen-orbital LUMO population proxy
W07,20,C,False,False,0.011470306068302889,0.0052652918432968985,EHT/YAeHMOP; frozen-orbital LUMO population proxy
W07,21,H,False,False,7.966166751707642e-14,3.656763173566748e-14,EHT/YAeHMOP; frozen-orbital LUMO population proxy
W07,22,H,False,False,0.014401966502023088,0.006611031675962679,EHT/YAeHMOP; frozen-orbital LUMO population proxy
W07,23,H,False,False,0.014402163985025022,0.00661112232791504,EHT/YAeHMOP; frozen-orbital LUMO population proxy
W07,24,H,False,False,7.483927872480307e-14,3.435397813113728e-14,EHT/YAeHMOP; frozen-orbital LUMO population proxy
W07,25,H,False,False,3.458983977560106e-13,1.5878007103463948e-13,EHT/YAeHMOP; frozen-orbital LUMO population proxy
W07,26,H,False,False,6.14977552868739e-16,2.8229728776623204e-16,EHT/YAeHMOP; frozen-orbital LUMO population proxy
W07,27,H,False,False,4.664266647787501e-15,2.141069731645873e-15,EHT/YAeHMOP; frozen-orbital LUMO population proxy
W07,28,H,False,False,-6.591563856329383e-17,-3.025769948999872e-17,EHT/YAeHMOP; frozen-orbital LUMO population proxy
W07,29,H,False,False,1.4263725904290593e-15,6.547574163380272e-16,EHT/YAeHMOP; frozen-orbital LUMO population proxy
W07,30,H,False,False,-4.164869991260082e-18,-1.911828321126772e-18,EHT/YAeHMOP; frozen-orbital LUMO population proxy
W07,31,H,False,False,3.1454843732420594e-16,1.4438928756588724e-16,EHT/YAeHMOP; frozen-orbital LUMO population proxy
W07,32,H,False,False,3.4209166896742014e-15,1.5703264268173812e-15,EHT/YAeHMOP; frozen-orbital LUMO population proxy
W07,33,H,False,False,3.847887382888196e-15,1.766321659631521e-15,EHT/YAeHMOP; frozen-orbital LUMO population proxy
W08,0,C,False,False,0.016409889464780916,0.007302161287604282,EHT/YAeHMOP; frozen-orbital LUMO population proxy
W08,1,C,False,False,0.004093230856973156,0.001821427985189401,EHT/YAeHMOP; frozen-orbital LUMO population proxy
W08,2,C,False,False,0.016409944316220327,0.00730218569569419,EHT/YAeHMOP; frozen-orbital LUMO population proxy
W08,3,C,True,False,0.4714304369212897,0.20977966327398254,EHT/YAeHMOP; frozen-orbital LUMO population proxy
W08,4,C,False,True,0.06640908181162482,0.029551072077051713,EHT/YAeHMOP; frozen-orbital LUMO population proxy
W08,5,C,False,False,0.09302679323453746,0.04139556513924857,EHT/YAeHMOP; frozen-orbital LUMO population proxy
W08,6,N,False,False,0.06845786444851797,0.030462750445754038,EHT/YAeHMOP; frozen-orbital LUMO population proxy
W08,7,C,False,False,0.14794362345295622,0.06583275300206325,EHT/YAeHMOP; frozen-orbital LUMO population proxy
W08,8,O,False,False,0.02912476793196106,0.012960096614889905,EHT/YAeHMOP; frozen-orbital LUMO population proxy
W08,9,N,False,False,0.03838609223170865,0.01708125074689725,EHT/YAeHMOP; frozen-orbital LUMO population proxy
W08,10,C,False,False,0.004626677732875787,0.00205880405859744,EHT/YAeHMOP; frozen-orbital LUMO population proxy
W08,11,C,False,False,0.009838188544283904,0.004377850300722971,EHT/YAeHMOP; frozen-orbital LUMO population proxy
W08,12,C,False,False,0.00034088578142493314,0.00015168919705146316,EHT/YAeHMOP; frozen-orbital LUMO population proxy
W08,13,C,False,False,0.012668717812893325,0.005637394509904305,EHT/YAeHMOP; frozen-orbital LUMO population proxy
W08,14,N,False,False,0.0011820736969525715,0.0005260055412017111,EHT/YAeHMOP; frozen-orbital LUMO population proxy
W08,15,C,False,False,0.0027363293790532953,0.0012176266333018837,EHT/YAeHMOP; frozen-orbital LUMO population proxy
W08,16,N,False,False,0.0005766851415131627,0.00025661647048457034,EHT/YAeHMOP; frozen-orbital LUMO population proxy
W08,17,C,False,False,0.00022737197477282466,0.00010117720997668061,EHT/YAeHMOP; frozen-orbital LUMO population proxy
W08,18,C,False,False,0.000884842015886202,0.000393741781619991,EHT/YAeHMOP; frozen-orbital LUMO population proxy
W08,19,C,False,False,2.9652198725408747e-06,1.3194795619418243e-06,EHT/YAeHMOP; frozen-orbital LUMO population proxy
W08,20,N,False,False,0.0009543651323245699,0.00042467855365245467,EHT/YAeHMOP; frozen-orbital LUMO population proxy
W08,21,C,False,False,2.7230592429114235e-06,1.2117216164140867e-06,EHT/YAeHMOP; frozen-orbital LUMO population proxy
W08,22,C,False,False,0.011669525985745116,0.0051927687313607284,EHT/YAeHMOP; frozen-orbital LUMO population proxy
W08,23,H,False,False,9.983957425184892e-05,4.442715325032677e-05,EHT/YAeHMOP; frozen-orbital LUMO population proxy
W08,24,H,False,False,-7.908338739283548e-05,-3.51909530622963e-05,EHT/YAeHMOP; frozen-orbital LUMO population proxy
W08,25,H,False,False,0.0012777061132298044,0.0005685605705624156,EHT/YAeHMOP; frozen-orbital LUMO population proxy
W08,26,H,False,False,3.1993326039342763e-15,1.4236563102243282e-15,EHT/YAeHMOP; frozen-orbital LUMO population proxy
W08,27,H,False,False,-7.9083275918545e-05,-3.519090345786415e-05,EHT/YAeHMOP; frozen-orbital LUMO population proxy
W08,28,H,False,False,9.984048299589814e-05,4.442755762816434e-05,EHT/YAeHMOP; frozen-orbital LUMO population proxy
W08,29,H,False,False,0.001277704345208541,0.0005685597838187601,EHT/YAeHMOP; frozen-orbital LUMO population proxy
W08,30,H,False,False,3.1863769652084414e-14,1.4178912400961585e-14,EHT/YAeHMOP; frozen-orbital LUMO population proxy
W08,31,H,False,False,6.79241994245276e-14,3.022527729963112e-14,EHT/YAeHMOP; frozen-orbital LUMO population proxy
W08,32,H,False,False,1.470690947665168e-15,6.544360050151027e-16,EHT/YAeHMOP; frozen-orbital LUMO population proxy
W08,33,H,False,False,5.33034101040138e-15,2.371923946192291e-15,EHT/YAeHMOP; frozen-orbital LUMO population proxy
W08,34,H,False,False,9.398424297226019e-14,4.182161629727928e-14,EHT/YAeHMOP; frozen-orbital LUMO population proxy
W08,35,H,False,False,1.423670554856345e-17,6.335126165405224e-18,EHT/YAeHMOP; frozen-orbital LUMO population proxy
W08,36,H,False,False,3.250611897078559e-16,1.4464748471838576e-16,EHT/YAeHMOP; frozen-orbital LUMO population proxy
W08,37,H,False,False,1.8506196221342432e-15,8.234987195881122e-16,EHT/YAeHMOP; frozen-orbital LUMO population proxy
W08,38,H,False,False,6.908254238471646e-15,3.0740723009354733e-15,EHT/YAeHMOP; frozen-orbital LUMO population proxy
W08,39,H,False,False,4.699189038678199e-15,2.091070531280294e-15,EHT/YAeHMOP; frozen-orbital LUMO population proxy
