id,turnover_half_life_h,time_since_washout_h,free_active_fraction,model
W01,8.0,-2.0,1.0,reduced rapid-equilibrium irreversible turnover
W01,8.0,-1.98,0.8218626769724757,reduced rapid-equilibrium irreversible turnover
W01,8.0,-1.96,0.6757383250927467,reduced rapid-equilibrium irreversible turnover
W01,8.0,-1.94,0.5558738866736183,reduced rapid-equilibrium irreversible turnover
W01,8.0,-1.92,0.4575502052816971,reduced rapid-equilibrium irreversible turnover
W01,8.0,-1.9,0.37689620477456776,reduced rapid-equilibrium irreversible turnover
W01,8.0,-1.88,0.31073647728385145,reduced rapid-equilibrium irreversible turnover
W01,8.0,-1.86,0.2564662679058696,reduced rapid-equilibrium irreversible turnover
W01,8.0,-1.84,0.21194891950216033,reduced rapid-equilibrium irreversible turnover
W01,8.0,-1.82,0.17543175250322546,reduced rapid-equilibrium irreversible turnover
W01,8.0,-1.8,0.145477059938021,reduced rapid-equilibrium irreversible turnover
W01,8.0,-1.78,0.12090550401038039,reduced rapid-equilibrium irreversible turnover
W01,8.0,-1.76,0.10074968523638925,reduced rapid-equilibrium irreversible turnover
W01,8.0,-1.74,0.08421605436320503,reduced rapid-equilibrium irreversible turnover
W01,8.0,-1.72,0.07065367075127157,reduced rapid-equilibrium irreversible turnover
W01,8.0,-1.7,0.05952857348681411,reduced rapid-equilibrium irreversible turnover
W01,8.0,-1.68,0.050402759676463176,reduced rapid-equilibrium irreversible turnover
W01,8.0,-1.66,0.04291693940080097,reduced rapid-equilibrium irreversible turnover
W01,8.0,-1.64,0.03677639065894589,reduced rapid-equilibrium irreversible turnover
W01,8.0,-1.62,0.031739355591327185,reduced rapid-equilibrium irreversible turnover
W01,8.0,-1.6,0.0276075225513917,reduced rapid-equilibrium irreversible turnover
W01,8.0,-1.58,0.024218218323702502,reduced rapid-equilibrium irreversible turnover
W01,8.0,-1.56,0.02143800357182278,reduced rapid-equilibrium irreversible turnover
W01,8.0,-1.54,0.019157419243467682,reduced rapid-equilibrium irreversible turnover
W01,8.0,-1.52,0.01728667714421961,reduced rapid-equilibrium irreversible turnover
W01,8.0,-1.5,0.015752124770947923,reduced rapid-equilibrium irreversible turnover
W01,8.0,-1.48,0.01449334573658051,reduced rapid-equilibrium irreversible turnover
W01,8.0,-1.46,0.013460780979542956,reduced rapid-equilibrium irreversible turnover
W01,8.0,-1.44,0.012613777722086853,reduced rapid-equilibrium irreversible turnover
W01,8.0,-1.42,0.011918988808458687,reduced rapid-equilibrium irreversible turnover
W01,8.0,-1.4,0.011349059934661137,reduced rapid-equilibrium irreversible turnover
W01,8.0,-1.38,0.010881552557119593,reduced rapid-equilibrium irreversible turnover
W01,8.0,-1.36,0.010498060615492969,reduced rapid-equilibrium irreversible turnover
W01,8.0,-1.34,0.010183485722496183,reduced rapid-equilibrium irreversible turnover
W01,8.0,-1.32,0.009925442881252996,reduced rapid-equilibrium irreversible turnover
W01,8.0,-1.3,0.009713772712710048,reduced rapid-equilibrium irreversible turnover
W01,8.0,-1.28,0.009540141654374203,reduced rapid-equilibrium irreversible turnover
W01,8.0,-1.26,0.009397713707410325,reduced rapid-equilibrium irreversible turnover
W01,8.0,-1.24,0.009280881367625548,reduced rapid-equilibrium irreversible turnover
W01,8.0,-1.22,0.00918504490858292,reduced rapid-equilibrium irreversible turnover
W01,8.0,-1.2,0.009106431132824845,reduced rapid-equilibrium irreversible turnover
W01,8.0,-1.18,0.009041944979097704,reduced rapid-equilibrium irreversible turnover
W01,8.0,-1.16,0.008989047600017484,reduced rapid-equilibrium irreversible turnover
W01,8.0,-1.14,0.008945656350627312,reduced rapid-equilibrium irreversible turnover
W01,8.0,-1.12,0.0089100629144386,reduced rapid-equilibrium irreversible turnover
W01,8.0,-1.1,0.008880865963041681,reduced rapid-equilibrium irreversible turnover
W01,8.0,-1.08,0.008856915954385878,reduced rapid-equilibrium irreversible turnover
W01,8.0,-1.06,0.008837269979575903,reduced rapid-equilibrium irreversible turnover
W01,8.0,-1.04,0.008821154583025499,reduced rapid-equilibrium irreversible turnover
W01,8.0,-1.02,0.008807935269307638,reduced rapid-equilibrium irreversible turnover
W01,8.0,-1.0,0.008797091569962258,reduced rapid-equilibrium irreversible turnover
W01,8.0,-0.98,0.008788196589402546,reduced rapid-equilibrium irreversible turnover
W01,8.0,-0.96,0.008780900137158987,reduced rapid-equilibrium irreversible turnover
W01,8.0,-0.94,0.008774914902084987,reduced rapid-equilibrium irreversible turnover
W01,8.0,-0.92,0.008770005265382443,reduced rapid-equilibrium irreversible turnover
W01,8.0,-0.9,0.008765977941079462,reduced rapid-equilibrium irreversible turnover
W01,8.0,-0.88,0.008762674373399558,reduced rapid-equilibrium irreversible turnover
W01,8.0,-0.86,0.008759964479816765,reduced rapid-equilibrium irreversible turnover
W01,8.0,-0.84,0.008757741564261089,reduced rapid-equilibrium irreversible turnover
W01,8.0,-0.82,0.008755918125578951,reduced rapid-equilibrium irreversible turnover
W01,8.0,-0.8,0.00875442239202712,reduced rapid-equilibrium irreversible turnover
W01,8.0,-0.78,0.008753195457027048,reduced rapid-equilibrium irreversible turnover
W01,8.0,-0.76,0.008752189001315998,reduced rapid-equilibrium irreversible turnover
W01,8.0,-0.74,0.008751363405107907,reduced rapid-equilibrium irreversible turnover
W01,8.0,-0.72,0.008750686172467593,reduced rapid-equilibrium irreversible turnover
W01,8.0,-0.7,0.008750130658024192,reduced rapid-equilibrium irreversible turnover
W01,8.0,-0.68,0.008749674981002245,reduced rapid-equilibrium irreversible turnover
W01,8.0,-0.66,0.008749301187236125,reduced rapid-equilibrium irreversible turnover
W01,8.0,-0.64,0.008748994557230631,reduced rapid-equilibrium irreversible turnover
W01,8.0,-0.62,0.008748743025531979,reduced rapid-equilibrium irreversible turnover
W01,8.0,-0.6,0.008748536695041612,reduced rapid-equilibrium irreversible turnover
W01,8.0,-0.58,0.0087483674547957,reduced rapid-equilibrium irreversible turnover
W01,8.0,-0.56,0.008748228632480898,reduced rapid-equilibrium irreversible turnover
W01,8.0,-0.54,0.00874811475547596,reduced rapid-equilibrium irreversible turnover
W01,8.0,-0.52,0.00874802133713965,reduced rapid-equilibrium irreversible turnover
W01,8.0,-0.5,0.008747944701593183,reduced rapid-equilibrium irreversible turnover
W01,8.0,-0.48,0.008747881833666676,reduced rapid-equilibrium irreversible turnover
W01,8.0,-0.46,0.008747830261946669,reduced rapid-equilibrium irreversible turnover
W01,8.0,-0.44,0.008747787961387936,reduced rapid-equilibrium irreversible turnover
W01,8.0,-0.42,0.008747753269879827,reduced rapid-equilibrium irreversible turnover
W01,8.0,-0.4,0.008747724818821224,reduced rapid-equilibrium irreversible turnover
W01,8.0,-0.38,0.008747701473608094,reduced rapid-equilibrium irreversible turnover
W01,8.0,-0.36,0.008747682323471978,reduced rapid-equilibrium irreversible turnover
W01,8.0,-0.34,0.008747666606945542,reduced rapid-equilibrium irreversible turnover
W01,8.0,-0.32,0.008747653710019997,reduced rapid-equilibrium irreversible turnover
W01,8.0,-0.3,0.008747643130773539,reduced rapid-equilibrium irreversible turnover
W01,8.0,-0.28,0.00874763445170792,reduced rapid-equilibrium irreversible turnover
W01,8.0,-0.26,0.008747627332505064,reduced rapid-equilibrium irreversible turnover
W01,8.0,-0.24,0.008747621503479894,reduced rapid-equilibrium irreversible turnover
W01,8.0,-0.22,0.008747616717210194,reduced rapid-equilibrium irreversible turnover
W01,8.0,-0.2,0.00874761280133741,reduced rapid-equilibrium irreversible turnover
W01,8.0,-0.18,0.008747609579960297,reduced rapid-equilibrium irreversible turnover
W01,8.0,-0.16,0.008747606940927074,reduced rapid-equilibrium irreversible turnover
W01,8.0,-0.14,0.008747604768050955,reduced rapid-equilibrium irreversible turnover
W01,8.0,-0.12,0.008747602984242119,reduced rapid-equilibrium irreversible turnover
W01,8.0,-0.1,0.008747601517262827,reduced rapid-equilibrium irreversible turnover
W01,8.0,-0.08,0.008747600313382729,reduced rapid-equilibrium irreversible turnover
W01,8.0,-0.06,0.00874759932503287,reduced rapid-equilibrium irreversible turnover
W01,8.0,-0.04,0.008747598515502825,reduced rapid-equilibrium irreversible turnover
W01,8.0,-0.02,0.008747597851275414,reduced rapid-equilibrium irreversible turnover
W01,8.0,0.0,0.008747597303394751,reduced rapid-equilibrium irreversible turnover
W01,8.0,0.5,0.050773447115161054,reduced rapid-equilibrium irreversible turnover
W01,8.0,1.0,0.09101753910097904,reduced rapid-equilibrium irreversible turnover
W01,8.0,1.5,0.12955541483076308,reduced rapid-equilibrium irreversible turnover
W01,8.0,2.0,0.16645941081488042,reduced rapid-equilibrium irreversible turnover
W01,8.0,2.5,0.20179879789221727,reduced rapid-equilibrium irreversible turnover
W01,8.0,3.0,0.23563990987875327,reduced rapid-equilibrium irreversible turnover
W01,8.0,3.5,0.2680462695718383,reduced rapid-equilibrium irreversible turnover
W01,8.0,4.0,0.2990787061447765,reduced rapid-equilibrium irreversible turnover
W01,8.0,4.5,0.3287954692374924,reduced rapid-equilibrium irreversible turnover
W01,8.0,5.0,0.3572523384482146,reduced rapid-equilibrium irreversible turnover
W01,8.0,5.5,0.3845027291046135,reduced rapid-equilibrium irreversible turnover
W01,8.0,6.0,0.410597792218382,reduced rapid-equilibrium irreversible turnover
W01,8.0,6.5,0.4355865102539317,reduced rapid-equilibrium irreversible turnover
W01,8.0,7.0,0.4595157886299445,reduced rapid-equilibrium irreversible turnover
W01,8.0,7.5,0.4824305444595972,reduced rapid-equilibrium irreversible turnover
W01,8.0,8.0,0.5043737899493723,reduced rapid-equilibrium irreversible turnover
W01,8.0,8.5,0.525386713653716,reduced rapid-equilibrium irreversible turnover
W01,8.0,9.0,0.5455087580658448,reduced rapid-equilibrium irreversible turnover
W01,8.0,9.5,0.5647776931866186,reduced rapid-equilibrium irreversible turnover
W01,8.0,10.0,0.5832296889340526,reduced rapid-equilibrium irreversible turnover
W01,8.0,10.5,0.6008993809999791,reduced rapid-equilibrium irreversible turnover
W01,8.0,11.0,0.6178199362873388,reduced rapid-equilibrium irreversible turnover
W01,8.0,11.5,0.6340231153864884,reduced rapid-equilibrium irreversible turnover
W01,8.0,12.0,0.6495393328401169,reduced rapid-equilibrium irreversible turnover
W01,8.0,12.5,0.6643977135137976,reduced rapid-equilibrium irreversible turnover
W01,8.0,13.0,0.6786261474775188,reduced rapid-equilibrium irreversible turnover
W01,8.0,13.5,0.6922513417232868,reduced rapid-equilibrium irreversible turnover
W01,8.0,14.0,0.7052988728759535,reduced rapid-equilibrium irreversible turnover
W01,8.0,14.5,0.7177932318972308,reduced rapid-equilibrium irreversible turnover
W01,8.0,15.0,0.7297578709354887,reduced rapid-equilibrium irreversible turnover
W01,8.0,15.5,0.7412152486368686,reduced rapid-equilibrium irreversible turnover
W01,8.0,16.0,0.7521868714654177,reduced rapid-equilibrium irreversible turnover
W01,8.0,16.5,0.7626933335082566,reduced rapid-equilibrium irreversible turnover
W01,8.0,17.0,0.7727543549599251,reduced rapid-equilibrium irreversible turnover
W01,8.0,17.5,0.7823888225953416,reduced rapid-equilibrium irreversible turnover
W01,8.0,18.0,0.7916148200717863,reduced rapid-equilibrium irreversible turnover
W01,8.0,18.5,0.8004496653469841,reduced rapid-equilibrium irreversible turnover
W01,8.0,19.0,0.8089099428998822,reduced rapid-equilibrium irreversible turnover
W01,8.0,19.5,0.8170115321728949,reduced rapid-equilibrium irreversible turnover
W01,8.0,20.0,0.8247696408906855,reduced rapid-equilibrium irreversible turnover
W01,8.0,20.5,0.8321988316302776,reduced rapid-equilibrium irreversible turnover
W01,8.0,21.0,0.8393130485618229,reduced rapid-equilibrium irreversible turnover
W01,8.0,21.5,0.8461256460310044,reduced rapid-equilibrium irreversible turnover
W01,8.0,22.0,0.8526494118234805,reduced rapid-equilibrium irreversible turnover
W01,8.0,22.5,0.8588965902562183,reduced rapid-equilibrium irreversible turnover
W01,8.0,23.0,0.8648789097815399,reduced rapid-equilibrium irreversible turnover
W01,8.0,23.5,0.8706075979667386,reduced rapid-equilibrium irreversible turnover
W01,8.0,24.0,0.876093409281943,reduced rapid-equilibrium irreversible turnover
W01,8.0,24.5,0.8813466403745297,reduced rapid-equilibrium irreversible turnover
W01,8.0,25.0,0.8863771513650831,reduced rapid-equilibrium irreversible turnover
W01,8.0,25.5,0.8911943858467256,reduced rapid-equilibrium irreversible turnover
W01,8.0,26.0,0.895807384810593,reduced rapid-equilibrium irreversible turnover
W01,8.0,26.5,0.9002248079828434,reduced rapid-equilibrium irreversible turnover
W01,8.0,27.0,0.904454946391077,reduced rapid-equilibrium irreversible turnover
W01,8.0,27.5,0.9085057407467659,reduced rapid-equilibrium irreversible turnover
W01,8.0,28.0,0.9123847949312042,reduced rapid-equilibrium irreversible turnover
W01,8.0,28.5,0.9160993894971553,reduced rapid-equilibrium irreversible turnover
W01,8.0,29.0,0.9196564983495268,reduced rapid-equilibrium irreversible turnover
W01,8.0,29.5,0.9230627967558219,reduced rapid-equilibrium irreversible turnover
W01,8.0,30.0,0.9263246802351569,reduced rapid-equilibrium irreversible turnover
W01,8.0,30.5,0.9294482699448482,reduced rapid-equilibrium irreversible turnover
W01,8.0,31.0,0.9324394303641224,reduced rapid-equilibrium irreversible turnover
W01,8.0,31.5,0.9353037749386521,reduced rapid-equilibrium irreversible turnover
W01,8.0,32.0,0.9380466808162728,reduced rapid-equilibrium irreversible turnover
W01,8.0,32.5,0.9406732959309583,reduced rapid-equilibrium irreversible turnover
W01,8.0,33.0,0.9431885514171505,reduced rapid-equilibrium irreversible turnover
W01,8.0,33.5,0.9455971678913467,reduced rapid-equilibrium irreversible turnover
W01,8.0,34.0,0.947903667400493,reduced rapid-equilibrium irreversible turnover
W01,8.0,34.5,0.9501123786739032,reduced rapid-equilibrium irreversible turnover
W01,8.0,35.0,0.9522274483352827,reduced rapid-equilibrium irreversible turnover
W01,8.0,35.5,0.9542528458531262,reduced rapid-equilibrium irreversible turnover
W01,8.0,36.0,0.9561923735084328,reduced rapid-equilibrium irreversible turnover
W01,8.0,36.5,0.9580496714224475,reduced rapid-equilibrium irreversible turnover
W01,8.0,37.0,0.9598282262101426,reduced rapid-equilibrium irreversible turnover
W01,8.0,37.5,0.961531375985725,reduced rapid-equilibrium irreversible turnover
W01,8.0,38.0,0.963162317649631,reduced rapid-equilibrium irreversible turnover
W01,8.0,38.5,0.964724112295984,reduced rapid-equilibrium irreversible turnover
W01,8.0,39.0,0.9662196923627839,reduced rapid-equilibrium irreversible turnover
W01,8.0,39.5,0.9676518639921484,reduced rapid-equilibrium irreversible turnover
W01,8.0,40.0,0.9690233171529443,reduced rapid-equilibrium irreversible turnover
W01,8.0,40.5,0.9703366244101063,reduced rapid-equilibrium irreversible turnover
W01,8.0,41.0,0.9715942528077799,reduced rapid-equilibrium irreversible turnover
W01,8.0,41.5,0.9727985611660543,reduced rapid-equilibrium irreversible turnover
W01,8.0,42.0,0.9739518117538816,reduced rapid-equilibrium irreversible turnover
W01,8.0,42.5,0.9750561675940188,reduced rapid-equilibrium irreversible turnover
W01,8.0,43.0,0.9761137029796478,reduced rapid-equilibrium irreversible turnover
W01,8.0,43.5,0.9771264020410261,reduced rapid-equilibrium irreversible turnover
W01,8.0,44.0,0.9780961661370722,reduced rapid-equilibrium irreversible turnover
W01,8.0,44.5,0.9790248152167395,reduced rapid-equilibrium irreversible turnover
W01,8.0,45.0,0.9799140921134282,reduced rapid-equilibrium irreversible turnover
W01,8.0,45.5,0.9807656672592888,reduced rapid-equilibrium irreversible turnover
W01,8.0,46.0,0.9815811373631566,reduced rapid-equilibrium irreversible turnover
W01,8.0,46.5,0.9823620352145225,reduced rapid-equilibrium irreversible turnover
W01,8.0,47.0,0.9831098248308978,reduced rapid-equilibrium irreversible turnover
W01,8.0,47.5,0.9838259109653925,reduced rapid-equilibrium irreversible turnover
W01,8.0,48.0,0.9845116378840607,reduced rapid-equilibrium irreversible turnover
W01,8.0,48.5,0.9851682918154924,reduced rapid-equilibrium irreversible turnover
W01,8.0,49.0,0.9857971065748551,reduced rapid-equilibrium irreversible turnover
W01,8.0,49.5,0.9863992609969356,reduced rapid-equilibrium irreversible turnover
W01,8.0,50.0,0.9869758865836212,reduced rapid-equilibrium irreversible turnover
W01,8.0,50.5,0.9875280649475116,reduced rapid-equilibrium irreversible turnover
W01,8.0,51.0,0.9880568326926951,reduced rapid-equilibrium irreversible turnover
W01,8.0,51.5,0.9885631826818607,reduced rapid-equilibrium irreversible turnover
W01,8.0,52.0,0.9890480642190602,reduced rapid-equilibrium irreversible turnover
W01,8.0,52.5,0.9895123889737583,reduced rapid-equilibrium irreversible turnover
W01,8.0,53.0,0.9899570274080155,reduced rapid-equilibrium irreversible turnover
W01,8.0,53.5,0.9903828143613412,reduced rapid-equilibrium irreversible turnover
W01,8.0,54.0,0.990790550278309,reduced rapid-equilibrium irreversible turnover
W01,8.0,54.5,0.9911809986317587,reduced rapid-equilibrium irreversible turnover
W01,8.0,55.0,0.9915548937450491,reduced rapid-equilibrium irreversible turnover
W01,8.0,55.5,0.9919129373468184,reduced rapid-equilibrium irreversible turnover
W01,8.0,56.0,0.9922558006358764,reduced rapid-equilibrium irreversible turnover
W01,8.0,56.5,0.9925841283681341,reduced rapid-equilibrium irreversible turnover
W01,8.0,57.0,0.9928985356537291,reduced rapid-equilibrium irreversible turnover
W01,8.0,57.5,0.9931996131662748,reduced rapid-equilibrium irreversible turnover
W01,8.0,58.0,0.9934879264790308,reduced rapid-equilibrium irreversible turnover
W01,8.0,58.5,0.9937640156845551,reduced rapid-equilibrium irreversible turnover
W01,8.0,59.0,0.9940283999665868,reduced rapid-equilibrium irreversible turnover
W01,8.0,59.5,0.9942815750262735,reduced rapid-equilibrium irreversible turnover
W01,8.0,60.0,0.9945240157242599,reduced rapid-equilibrium irreversible turnover
W01,8.0,60.5,0.9947561782491436,reduced rapid-equilibrium irreversible turnover
W01,8.0,61.0,0.9949784975576336,reduced rapid-equilibrium irreversible turnover
W01,8.0,61.5,0.9951913908021017,reduced rapid-equilibrium irreversible turnover
W01,8.0,62.0,0.9953952587974465,reduced rapid-equilibrium irreversible turnover
W01,8.0,62.5,0.9955904831810345,reduced rapid-equilibrium irreversible turnover
W01,8.0,63.0,0.9957774304830305,reduced rapid-equilibrium irreversible turnover
W01,8.0,63.5,0.9959564525808634,reduced rapid-equilibrium irreversible turnover
W01,8.0,64.0,0.9961278844188111,reduced rapid-equilibrium irreversible turnover
W01,8.0,64.5,0.9962920480609235,reduced rapid-equilibrium irreversible turnover
W01,8.0,65.0,0.9964492523420468,reduced rapid-equilibrium irreversible turnover
W01,8.0,65.5,0.9965997912556028,reduced rapid-equilibrium irreversible turnover
W01,8.0,66.0,0.9967439478231664,reduced rapid-equilibrium irreversible turnover
W01,8.0,66.5,0.9968819931937724,reduced rapid-equilibrium irreversible turnover
W01,8.0,67.0,0.9970141853350221,reduced rapid-equilibrium irreversible turnover
W01,8.0,67.5,0.9971407730354304,reduced rapid-equilibrium irreversible turnover
W01,8.0,68.0,0.9972619943280167,reduced rapid-equilibrium irreversible turnover
W01,8.0,68.5,0.9973780753365373,reduced rapid-equilibrium irreversible turnover
W01,8.0,69.0,0.9974892348361811,reduced rapid-equilibrium irreversible turnover
W01,8.0,69.5,0.9975956820508995,reduced rapid-equilibrium irreversible turnover
W01,8.0,70.0,0.9976976159011639,reduced rapid-equilibrium irreversible turnover
W01,8.0,70.5,0.997795227670846,reduced rapid-equilibrium irreversible turnover
W01,8.0,71.0,0.9978887014265448,reduced rapid-equilibrium irreversible turnover
W01,8.0,71.5,0.9979782125868711,reduced rapid-equilibrium irreversible turnover
W01,8.0,72.0,0.9980639281408513,reduced rapid-equilibrium irreversible turnover
W01,8.0,72.5,0.9981460099034721,reduced rapid-equilibrium irreversible turnover
W01,8.0,73.0,0.998224612344158,reduced rapid-equilibrium irreversible turnover
W01,8.0,73.5,0.9982998817050163,reduced rapid-equilibrium irreversible turnover
W01,8.0,74.0,0.9983719600281062,reduced rapid-equilibrium irreversible turnover
W01,8.0,74.5,0.9984409829412249,reduced rapid-equilibrium irreversible turnover
W01,8.0,75.0,0.9985070793237869,reduced rapid-equilibrium irreversible turnover
W01,8.0,75.5,0.9985703732936699,reduced rapid-equilibrium irreversible turnover
W01,8.0,76.0,0.9986309840667279,reduced rapid-equilibrium irreversible turnover
W01,8.0,76.5,0.9986890252868788,reduced rapid-equilibrium irreversible turnover
W01,8.0,77.0,0.9987446053935033,reduced rapid-equilibrium irreversible turnover
W01,8.0,77.5,0.9987978292245971,reduced rapid-equilibrium irreversible turnover
W01,8.0,78.0,0.9988487968487876,reduced rapid-equilibrium irreversible turnover
W01,8.0,78.5,0.9988976028612551,reduced rapid-equilibrium irreversible turnover
W01,8.0,79.0,0.9989443395928107,reduced rapid-equilibrium irreversible turnover
W01,8.0,79.5,0.998989095116328,reduced rapid-equilibrium irreversible turnover
W01,8.0,80.0,0.999031953388659,reduced rapid-equilibrium irreversible turnover
W01,8.0,80.5,0.9990729938714539,reduced rapid-equilibrium irreversible turnover
W01,8.0,81.0,0.9991122944423462,reduced rapid-equilibrium irreversible turnover
W01,8.0,81.5,0.9991499292705858,reduced rapid-equilibrium irreversible turnover
W01,8.0,82.0,0.9991859685714418,reduced rapid-equilibrium irreversible turnover
W01,8.0,82.5,0.999220479480698,reduced rapid-equilibrium irreversible turnover
W01,8.0,83.0,0.999253527421795,reduced rapid-equilibrium irreversible turnover
W01,8.0,83.5,0.9992851747511352,reduced rapid-equilibrium irreversible turnover
W01,8.0,84.0,0.9993154801677191,reduced rapid-equilibrium irreversible turnover
W01,8.0,84.5,0.999344500578594,reduced rapid-equilibrium irreversible turnover
W01,8.0,85.0,0.9993722908009035,reduced rapid-equilibrium irreversible turnover
W01,8.0,85.5,0.9993989032478422,reduced rapid-equilibrium irreversible turnover
W01,8.0,86.0,0.9994243870121201,reduced rapid-equilibrium irreversible turnover
W01,8.0,86.5,0.9994487903522647,reduced rapid-equilibrium irreversible turnover
W01,8.0,87.0,0.9994721592282709,reduced rapid-equilibrium irreversible turnover
W01,8.0,87.5,0.9994945376185056,reduced rapid-equilibrium irreversible turnover
W01,8.0,88.0,0.9995159668499427,reduced rapid-equilibrium irreversible turnover
W01,8.0,88.5,0.9995364875724231,reduced rapid-equilibrium irreversible turnover
W01,8.0,89.0,0.9995561384608614,reduced rapid-equilibrium irreversible turnover
W01,8.0,89.5,0.9995749562716945,reduced rapid-equilibrium irreversible turnover
W01,8.0,90.0,0.9995929757188585,reduced rapid-equilibrium irreversible turnover
W01,8.0,90.5,0.9996102311415382,reduced rapid-equilibrium irreversible turnover
W01,8.0,91.0,0.9996267551314328,reduced rapid-equilibrium irreversible turnover
W01,8.0,91.5,0.9996425790356539,reduced rapid-equilibrium irreversible turnover
W01,8.0,92.0,0.9996577313600289,reduced rapid-equilibrium irreversible turnover
W01,8.0,92.5,0.9996722411468049,reduced rapid-equilibrium irreversible turnover
W01,8.0,93.0,0.9996861358776858,reduced rapid-equilibrium irreversible turnover
W01,8.0,93.5,0.9996994419056769,reduced rapid-equilibrium irreversible turnover
W01,8.0,94.0,0.9997121838990569,reduced rapid-equilibrium irreversible turnover
W01,8.0,94.5,0.9997243852345943,reduced rapid-equilibrium irreversible turnover
W01,8.0,95.0,0.9997360693578119,reduced rapid-equilibrium irreversible turnover
W01,8.0,95.5,0.9997472583556982,reduced rapid-equilibrium irreversible turnover
W01,8.0,96.0,0.9997579734195529,reduced rapid-equilibrium irreversible turnover
W01,8.0,96.5,0.9997682337446048,reduced rapid-equilibrium irreversible turnover
W01,8.0,97.0,0.9997780591126004,reduced rapid-equilibrium irreversible turnover
W01,8.0,97.5,0.9997874680399813,reduced rapid-equilibrium irreversible turnover
W01,8.0,98.0,0.9997964783152872,reduced rapid-equilibrium irreversible turnover
W01,8.0,98.5,0.9998051065661544,reduced rapid-equilibrium irreversible turnover
W01,8.0,99.0,0.9998133688246355,reduced rapid-equilibrium irreversible turnover
W01,8.0,99.5,0.9998212808329011,reduced rapid-equilibrium irreversible turnover
W01,8.0,100.0,0.9998288575304005,reduced rapid-equilibrium irreversible turnover
W01,8.0,100.5,0.9998361131863116,reduced rapid-equilibrium irreversible turnover
W01,8.0,101.0,0.9998430609229929,reduced rapid-equilibrium irreversible turnover
W01,8.0,101.5,0.9998497140977827,reduced rapid-equilibrium irreversible turnover
W01,8.0,102.0,0.9998560852711076,reduced rapid-equilibrium irreversible turnover
W01,8.0,102.5,0.9998621865226247,reduced rapid-equilibrium irreversible turnover
W01,8.0,103.0,0.9998680288082478,reduced rapid-equilibrium irreversible turnover
W01,8.0,103.5,0.9998736231372419,reduced rapid-equilibrium irreversible turnover
W01,8.0,104.0,0.9998789802426264,reduced rapid-equilibrium irreversible turnover
W01,8.0,104.5,0.9998841102944226,reduced rapid-equilibrium irreversible turnover
W01,8.0,105.0,0.9998890230959601,reduced rapid-equilibrium irreversible turnover
W01,8.0,105.5,0.9998937276393494,reduced rapid-equilibrium irreversible turnover
W01,8.0,106.0,0.9998982322170377,reduced rapid-equilibrium irreversible turnover
W01,8.0,106.5,0.9999025457964468,reduced rapid-equilibrium irreversible turnover
W01,8.0,107.0,0.9999066765797778,reduced rapid-equilibrium irreversible turnover
W01,8.0,107.5,0.9999106324740432,reduced rapid-equilibrium irreversible turnover
W01,8.0,108.0,0.9999144210216472,reduced rapid-equilibrium irreversible turnover
W01,8.0,108.5,0.999918048391532,reduced rapid-equilibrium irreversible turnover
W01,8.0,109.0,0.9999215219942535,reduced rapid-equilibrium irreversible turnover
W01,8.0,109.5,0.999924848409421,reduced rapid-equilibrium irreversible turnover
W01,8.0,110.0,0.9999280339691515,reduced rapid-equilibrium irreversible turnover
W01,8.0,110.5,0.9999310847764334,reduced rapid-equilibrium irreversible turnover
W01,8.0,111.0,0.9999340060678427,reduced rapid-equilibrium irreversible turnover
W01,8.0,111.5,0.9999368034117443,reduced rapid-equilibrium irreversible turnover
W01,8.0,112.0,0.9999394822091314,reduced rapid-equilibrium irreversible turnover
W01,8.0,112.5,0.9999420475299088,reduced rapid-equilibrium irreversible turnover
W01,8.0,113.0,0.9999445042540033,reduced rapid-equilibrium irreversible turnover
W01,8.0,113.5,0.9999468568596664,reduced rapid-equilibrium irreversible turnover
W01,8.0,114.0,0.9999491095520737,reduced rapid-equilibrium irreversible turnover
W01,8.0,114.5,0.9999512667508715,reduced rapid-equilibrium irreversible turnover
W01,8.0,115.0,0.9999533325343589,reduced rapid-equilibrium irreversible turnover
W01,8.0,115.5,0.9999553108293862,reduced rapid-equilibrium irreversible turnover
W01,8.0,116.0,0.9999572053701448,reduced rapid-equilibrium irreversible turnover
W01,8.0,116.5,0.9999590193643558,reduced rapid-equilibrium irreversible turnover
W01,8.0,117.0,0.999960756442451,reduced rapid-equilibrium irreversible turnover
W01,8.0,117.5,0.9999624198935964,reduced rapid-equilibrium irreversible turnover
W01,8.0,118.0,0.9999640128867388,reduced rapid-equilibrium irreversible turnover
W01,8.0,118.5,0.9999655384802738,reduced rapid-equilibrium irreversible turnover
W01,8.0,119.0,0.9999669994664935,reduced rapid-equilibrium irreversible turnover
W01,8.0,119.5,0.9999683985623431,reduced rapid-equilibrium irreversible turnover
W01,8.0,120.0,0.9999697383673751,reduced rapid-equilibrium irreversible turnover
W01,24.0,-2.0,1.0,reduced rapid-equilibrium irreversible turnover
W01,24.0,-1.98,0.8217631380465109,reduced rapid-equilibrium irreversible turnover
W01,24.0,-1.96,0.6753881339770057,reduced rapid-equilibrium irreversible turnover
W01,24.0,-1.94,0.5551792972412156,reduced rapid-equilibrium irreversible turnover
W01,24.0,-1.92,0.4564591290694354,reduced rapid-equilibrium irreversible turnover
W01,24.0,-1.9,0.3753862892322657,reduced rapid-equilibrium irreversible turnover
W01,24.0,-1.88,0.3088061196892706,reduced rapid-equilibrium irreversible turnover
W01,24.0,-1.86,0.25412789538449876,reduced rapid-equilibrium irreversible turnover
W01,24.0,-1.84,0.2092240110037552,reduced rapid-equilibrium irreversible turnover
W01,24.0,-1.82,0.17234719508075572,reduced rapid-equilibrium irreversible turnover
W01,24.0,-1.8,0.14206251969443157,reduced rapid-equilibrium irreversible turnover
W01,24.0,-1.78,0.117191566596734,reduced rapid-equilibrium irreversible turnover
W01,24.0,-1.76,0.09676657273163006,reduced rapid-equilibrium irreversible turnover
W01,24.0,-1.74,0.07999277345260965,reduced rapid-equilibrium irreversible turnover
W01,24.0,-1.72,0.06621747723074489,reduced rapid-equilibrium irreversible turnover
W01,24.0,-1.7,0.05490466822491113,reduced rapid-equilibrium irreversible turnover
W01,24.0,-1.68,0.04561414959479248,reduced rapid-equilibrium irreversible turnover
W01,24.0,-1.66,0.03798441435710388,reduced rapid-equilibrium irreversible turnover
W01,24.0,-1.64,0.03171857911563788,reduced rapid-equilibrium irreversible turnover
W01,24.0,-1.62,0.02657283151177616,reduced rapid-equilibrium irreversible turnover
W01,24.0,-1.6,0.022346943505177692,reduced rapid-equilibrium irreversible turnover
W01,24.0,-1.58,0.018876479908905827,reduced rapid-equilibrium irreversible turnover
W01,24.0,-1.56,0.016026400266282406,reduced rapid-equilibrium irreversible turnover
W01,24.0,-1.54,0.013685804018583003,reduced rapid-equilibrium irreversible turnover
W01,24.0,-1.52,0.011763615358022162,reduced rapid-equilibrium irreversible turnover
W01,24.0,-1.5,0.010185039285773674,reduced rapid-equilibrium irreversible turnover
W01,24.0,-1.48,0.008888651220072919,reduced rapid-equilibrium irreversible turnover
W01,24.0,-1.46,0.007824006929103237,reduced rapid-equilibrium irreversible turnover
W01,24.0,-1.44,0.006949679635163809,reduced rapid-equilibrium irreversible turnover
W01,24.0,-1.42,0.006231648064209174,reduced rapid-equilibrium irreversible turnover
W01,24.0,-1.4,0.005641972606277866,reduced rapid-equilibrium irreversible turnover
W01,24.0,-1.38,0.0051577081957449936,reduced rapid-equilibrium irreversible turnover
W01,24.0,-1.36,0.004760011420551673,reduced rapid-equilibrium irreversible turnover
W01,24.0,-1.34,0.00443340737263518,reduced rapid-equilibrium irreversible turnover
W01,24.0,-1.32,0.004165187418193564,reduced rapid-equilibrium irreversible turnover
W01,24.0,-1.3,0.00394491476873102,reduced rapid-equilibrium irreversible turnover
W01,24.0,-1.28,0.0037640182934148914,reduced rapid-equilibrium irreversible turnover
W01,24.0,-1.26,0.0036154590772734946,reduced rapid-equilibrium irreversible turnover
W01,24.0,-1.24,0.003493456469737651,reduced rapid-equilibrium irreversible turnover
W01,24.0,-1.22,0.0033932631825175407,reduced rapid-equilibrium irreversible turnover
W01,24.0,-1.2,0.003310980559953652,reduced rapid-equilibrium irreversible turnover
W01,24.0,-1.18,0.0032434068638266767,reduced rapid-equilibrium irreversible turnover
W01,24.0,-1.16,0.0031879127250480023,reduced rapid-equilibrium irreversible turnover
W01,24.0,-1.14,0.0031423387688965547,reduced rapid-equilibrium irreversible turnover
W01,24.0,-1.12,0.0031049116679641824,reduced rapid-equilibrium irreversible turnover
W01,24.0,-1.1,0.0030741750795798386,reduced rapid-equilibrium irreversible turnover
W01,24.0,-1.08,0.003048932989283429,reduced rapid-equilibrium irreversible turnover
W01,24.0,-1.06,0.0030282032086080537,reduced rapid-equilibrium irreversible turnover
W01,24.0,-1.04,0.00301117910492275,reduced rapid-equilibrium irreversible turnover
W01,24.0,-1.02,0.0029971982416292543,reduced rapid-equilibrium irreversible turnover
W01,24.0,-1.0,0.0029857166178691,reduced rapid-equilibrium irreversible turnover
W01,24.0,-0.98,0.002976287461880442,reduced rapid-equilibrium irreversible turnover
W01,24.0,-0.96,0.0029685438650083663,reduced rapid-equilibrium irreversible turnover
W01,24.0,-0.94,0.0029621845253448072,reduced rapid-equilibrium irreversible turnover
W01,24.0,-0.92,0.0029569619913371752,reduced rapid-equilibrium irreversible turnover
W01,24.0,-0.9,0.002952673036924132,reduced rapid-equilibrium irreversible turnover
W01,24.0,-0.88,0.0029491507784851698,reduced rapid-equilibrium irreversible turnover
W01,24.0,-0.86,0.0029462581645717826,reduced rapid-equilibrium irreversible turnover
W01,24.0,-0.84,0.002943882643249204,reduced rapid-equilibrium irreversible turnover
W01,24.0,-0.82,0.002941931763555137,reduced rapid-equilibrium irreversible turnover
W01,24.0,-0.8,0.002940329623909313,reduced rapid-equilibrium irreversible turnover
W01,24.0,-0.78,0.002939013887035563,reduced rapid-equilibrium irreversible turnover
W01,24.0,-0.76,0.002937933354906532,reduced rapid-equilibrium irreversible turnover
W01,24.0,-0.74,0.0029370459785270607,reduced rapid-equilibrium irreversible turnover
W01,24.0,-0.72,0.0029363172251581147,reduced rapid-equilibrium irreversible turnover
W01,24.0,-0.7,0.002935718741838539,reduced rapid-equilibrium irreversible turnover
W01,24.0,-0.68,0.002935227248640737,reduced rapid-equilibrium irreversible turnover
W01,24.0,-0.66,0.0029348236188192676,reduced rapid-equilibrium irreversible turnover
W01,24.0,-0.64,0.0029344921388847253,reduced rapid-equilibrium irreversible turnover
W01,24.0,-0.62,0.0029342199102320183,reduced rapid-equilibrium irreversible turnover
W01,24.0,-0.6,0.002933996343651756,reduced rapid-equilibrium irreversible turnover
W01,24.0,-0.58,0.0029338127443220385,reduced rapid-equilibrium irreversible turnover
W01,24.0,-0.56,0.0029336619687961897,reduced rapid-equilibrium irreversible turnover
W01,24.0,-0.54,0.002933538145975145,reduced rapid-equilibrium irreversible turnover
W01,24.0,-0.52,0.0029334364546388684,reduced rapid-equilibrium irreversible turnover
W01,24.0,-0.5,0.0029333529384065722,reduced rapid-equilibrium irreversible turnover
W01,24.0,-0.48,0.0029332843500379925,reduced rapid-equilibrium irreversible turnover
W01,24.0,-0.46,0.0029332280224493995,reduced rapid-equilibrium irreversible turnover
W01,24.0,-0.44,0.0029331817696069107,reduced rapid-equilibrium irreversible turnover
W01,24.0,-0.42,0.0029331437859333466,reduced rapid-equilibrium irreversible turnover
W01,24.0,-0.4,0.0029331125903706715,reduced rapid-equilibrium irreversible turnover
W01,24.0,-0.38,0.0029330869690025263,reduced rapid-equilibrium irreversible turnover
W01,24.0,-0.36,0.002933065926069852,reduced rapid-equilibrium irreversible turnover
W01,24.0,-0.34,0.0029330486427826944,reduced rapid-equilibrium irreversible turnover
W01,24.0,-0.32,0.002933034448347201,reduced rapid-equilibrium irreversible turnover
W01,24.0,-0.3,0.0029330227917912306,reduced rapid-equilibrium irreversible turnover
W01,24.0,-0.28,0.0029330132237116078,reduced rapid-equilibrium irreversible turnover
W01,24.0,-0.26,0.0029330053654586536,reduced rapid-equilibrium irreversible turnover
W01,24.0,-0.24,0.0029329989126279108,reduced rapid-equilibrium irreversible turnover
W01,24.0,-0.22,0.00293299361255767,reduced rapid-equilibrium irreversible turnover
W01,24.0,-0.2,0.002932989256522081,reduced rapid-equilibrium irreversible turnover
W01,24.0,-0.18,0.0029329856785816222,reduced rapid-equilibrium irreversible turnover
W01,24.0,-0.16,0.0029329827382879926,reduced rapid-equilibrium irreversible turnover
W01,24.0,-0.14,0.00293298032333755,reduced rapid-equilibrium irreversible turnover
W01,24.0,-0.12,0.002932978340566125,reduced rapid-equilibrium irreversible turnover
W01,24.0,-0.1,0.0029329767122818757,reduced rapid-equilibrium irreversible turnover
W01,24.0,-0.08,0.0029329753789726597,reduced rapid-equilibrium irreversible turnover
W01,24.0,-0.06,0.0029329742819233237,reduced rapid-equilibrium irreversible turnover
W01,24.0,-0.04,0.002932973384977724,reduced rapid-equilibrium irreversible turnover
W01,24.0,-0.02,0.0029329726464234914,reduced rapid-equilibrium irreversible turnover
W01,24.0,0.0,0.0029329720337792557,reduced rapid-equilibrium irreversible turnover
W01,24.0,0.5,0.01722772393392845,reduced rapid-equilibrium irreversible turnover
W01,24.0,1.0,0.031317534819911855,reduced rapid-equilibrium irreversible turnover
W01,24.0,1.5,0.045205342916063505,reduced rapid-equilibrium irreversible turnover
W01,24.0,2.0,0.05889404425501658,reduced rapid-equilibrium irreversible turnover
W01,24.0,2.5,0.07238649357517067,reduced rapid-equilibrium irreversible turnover
W01,24.0,3.0,0.08568550440312477,reduced rapid-equilibrium irreversible turnover
W01,24.0,3.5,0.09879385030049119,reduced rapid-equilibrium irreversible turnover
W01,24.0,4.0,0.11171426439284456,reduced rapid-equilibrium irreversible turnover
W01,24.0,4.5,0.12444944101888637,reduced rapid-equilibrium irreversible turnover
W01,24.0,5.0,0.13700203615068987,reduced rapid-equilibrium irreversible turnover
W01,24.0,5.5,0.14937466679908512,reduced rapid-equilibrium irreversible turnover
W01,24.0,6.0,0.16156991365740167,reduced rapid-equilibrium irreversible turnover
W01,24.0,6.5,0.17359031957400592,reduced rapid-equilibrium irreversible turnover
W01,24.0,7.0,0.18543839111582164,reduced rapid-equilibrium irreversible turnover
W01,24.0,7.5,0.19711659909559043,reduced rapid-equilibrium irreversible turnover
W01,24.0,8.0,0.20862737876214557,reduced rapid-equilibrium irreversible turnover
W01,24.0,8.5,0.21997313066063823,reduced rapid-equilibrium irreversible turnover
W01,24.0,9.0,0.23115622077082873,reduced rapid-equilibrium irreversible turnover
W01,24.0,9.5,0.2421789810904255,reduced rapid-equilibrium irreversible turnover
W01,24.0,10.0,0.253043710395526,reduced rapid-equilibrium irreversible turnover
W01,24.0,10.5,0.26375267419854354,reduced rapid-equilibrium irreversible turnover
W01,24.0,11.0,0.27430810576568104,reduced rapid-equilibrium irreversible turnover
W01,24.0,11.5,0.2847122062355642,reduced rapid-equilibrium irreversible turnover
W01,24.0,12.0,0.2949671451632152,reduced rapid-equilibrium irreversible turnover
W01,24.0,12.5,0.30507506110474447,reduced rapid-equilibrium irreversible turnover
W01,24.0,13.0,0.3150380617961466,reduced rapid-equilibrium irreversible turnover
W01,24.0,13.5,0.32485822493836203,reduced rapid-equilibrium irreversible turnover
W01,24.0,14.0,0.3345375982403695,reduced rapid-equilibrium irreversible turnover
W01,24.0,14.5,0.3440782000651095,reduced rapid-equilibrium irreversible turnover
W01,24.0,15.0,0.35348202015760816,reduced rapid-equilibrium irreversible turnover
W01,24.0,15.5,0.36275101976942964,reduced rapid-equilibrium irreversible turnover
W01,24.0,16.0,0.37188713107973376,reduced rapid-equilibrium irreversible turnover
W01,24.0,16.5,0.38089225970976515,reduced rapid-equilibrium irreversible turnover
W01,24.0,17.0,0.3897682837692406,reduced rapid-equilibrium irreversible turnover
W01,24.0,17.5,0.3985170541954979,reduced rapid-equilibrium irreversible turnover
W01,24.0,18.0,0.4071403948406628,reduced rapid-equilibrium irreversible turnover
W01,24.0,18.5,0.41564010444774846,reduced rapid-equilibrium irreversible turnover
W01,24.0,19.0,0.42401795574210366,reduced rapid-equilibrium irreversible turnover
W01,24.0,19.5,0.43227569528990334,reduced rapid-equilibrium irreversible turnover
W01,24.0,20.0,0.44041504515486607,reduced rapid-equilibrium irreversible turnover
W01,24.0,20.5,0.44843770293095936,reduced rapid-equilibrium irreversible turnover
W01,24.0,21.0,0.45634534171618213,reduced rapid-equilibrium irreversible turnover
W01,24.0,21.5,0.4641396099346441,reduced rapid-equilibrium irreversible turnover
W01,24.0,22.0,0.4718221333172894,reduced rapid-equilibrium irreversible turnover
W01,24.0,22.5,0.47939451408236905,reduced rapid-equilibrium irreversible turnover
W01,24.0,23.0,0.4868583311181929,reduced rapid-equilibrium irreversible turnover
W01,24.0,23.5,0.4942151406799444,reduced rapid-equilibrium irreversible turnover
W01,24.0,24.0,0.5014664772000201,reduced rapid-equilibrium irreversible turnover
W01,24.0,24.5,0.5086138530369041,reduced rapid-equilibrium irreversible turnover
W01,24.0,25.0,0.5156587578571097,reduced rapid-equilibrium irreversible turnover
W01,24.0,25.5,0.5226026612256373,reduced rapid-equilibrium irreversible turnover
W01,24.0,26.0,0.5294470113487285,reduced rapid-equilibrium irreversible turnover
W01,24.0,26.5,0.5361932357179503,reduced rapid-equilibrium irreversible turnover
W01,24.0,27.0,0.5428427402473529,reduced rapid-equilibrium irreversible turnover
W01,24.0,27.5,0.5493969121448663,reduced rapid-equilibrium irreversible turnover
W01,24.0,28.0,0.5558571183673738,reduced rapid-equilibrium irreversible turnover
W01,24.0,28.5,0.5622247062271246,reduced rapid-equilibrium irreversible turnover
W01,24.0,29.0,0.5685010027547707,reduced rapid-equilibrium irreversible turnover
W01,24.0,29.5,0.5746873173045195,reduced rapid-equilibrium irreversible turnover
W01,24.0,30.0,0.5807849401031213,reduced rapid-equilibrium irreversible turnover
W01,24.0,30.5,0.5867951427501078,reduced rapid-equilibrium irreversible turnover
W01,24.0,31.0,0.5927191779228809,reduced rapid-equilibrium irreversible turnover
W01,24.0,31.5,0.5985582814275856,reduced rapid-equilibrium irreversible turnover
W01,24.0,32.0,0.6043136710670793,reduced rapid-equilibrium irreversible turnover
W01,24.0,32.5,0.6099865469875303,reduced rapid-equilibrium irreversible turnover
W01,24.0,33.0,0.6155780916761828,reduced rapid-equilibrium irreversible turnover
W01,24.0,33.5,0.6210894715400761,reduced rapid-equilibrium irreversible turnover
W01,24.0,34.0,0.6265218360436939,reduced rapid-equilibrium irreversible turnover
W01,24.0,34.5,0.6318763178951468,reduced rapid-equilibrium irreversible turnover
W01,24.0,35.0,0.6371540333007053,reduced rapid-equilibrium irreversible turnover
W01,24.0,35.5,0.6423560831939316,reduced rapid-equilibrium irreversible turnover
W01,24.0,36.0,0.6474835525443363,reduced rapid-equilibrium irreversible turnover
W01,24.0,36.5,0.6525375103208689,reduced rapid-equilibrium irreversible turnover
W01,24.0,37.0,0.657519010139697,reduced rapid-equilibrium irreversible turnover
W01,24.0,37.5,0.6624290911933498,reduced rapid-equilibrium irreversible turnover
W01,24.0,38.0,0.6672687775925058,reduced rapid-equilibrium irreversible turnover
W01,24.0,38.5,0.6720390785785798,reduced rapid-equilibrium irreversible turnover
W01,24.0,39.0,0.6767409881554916,reduced rapid-equilibrium irreversible turnover
W01,24.0,39.5,0.6813754873924496,reduced rapid-equilibrium irreversible turnover
W01,24.0,40.0,0.6859435429168211,reduced rapid-equilibrium irreversible turnover
W01,24.0,40.5,0.6904461075894234,reduced rapid-equilibrium irreversible turnover
W01,24.0,41.0,0.6948841192771988,reduced rapid-equilibrium irreversible turnover
W01,24.0,41.5,0.699258504079632,reduced rapid-equilibrium irreversible turnover
W01,24.0,42.0,0.7035701743362819,reduced rapid-equilibrium irreversible turnover
W01,24.0,42.5,0.7078200293978484,reduced rapid-equilibrium irreversible turnover
W01,24.0,43.0,0.712008954922832,reduced rapid-equilibrium irreversible turnover
W01,24.0,43.5,0.7161378244679173,reduced rapid-equilibrium irreversible turnover
W01,24.0,44.0,0.720207499318633,reduced rapid-equilibrium irreversible turnover
W01,24.0,44.5,0.7242188283071325,reduced rapid-equilibrium irreversible turnover
W01,24.0,45.0,0.7281726477243662,reduced rapid-equilibrium irreversible turnover
W01,24.0,45.5,0.7320697816944309,reduced rapid-equilibrium irreversible turnover
W01,24.0,46.0,0.7359110432702142,reduced rapid-equilibrium irreversible turnover
W01,24.0,46.5,0.7396972336227565,reduced rapid-equilibrium irreversible turnover
W01,24.0,47.0,0.7434291423431921,reduced rapid-equilibrium irreversible turnover
W01,24.0,47.5,0.7471075470116058,reduced rapid-equilibrium irreversible turnover
W01,24.0,48.0,0.7507332151322591,reduced rapid-equilibrium irreversible turnover
W01,24.0,48.5,0.7543069028986698,reduced rapid-equilibrium irreversible turnover
W01,24.0,49.0,0.7578293557458073,reduced rapid-equilibrium irreversible turnover
W01,24.0,49.5,0.7613013073147911,reduced rapid-equilibrium irreversible turnover
W01,24.0,50.0,0.7647234821092359,reduced rapid-equilibrium irreversible turnover
W01,24.0,50.5,0.7680965939098225,reduced rapid-equilibrium irreversible turnover
W01,24.0,51.0,0.771421346317793,reduced rapid-equilibrium irreversible turnover
W01,24.0,51.5,0.7746984325789177,reduced rapid-equilibrium irreversible turnover
W01,24.0,52.0,0.77792853533036,reduced rapid-equilibrium irreversible turnover
W01,24.0,52.5,0.7811123287347106,reduced rapid-equilibrium irreversible turnover
W01,24.0,53.0,0.7842504768693953,reduced rapid-equilibrium irreversible turnover
W01,24.0,53.5,0.7873436343796016,reduced rapid-equilibrium irreversible turnover
W01,24.0,54.0,0.7903924457106246,reduced rapid-equilibrium irreversible turnover
W01,24.0,54.5,0.7933975465391753,reduced rapid-equilibrium irreversible turnover
W01,24.0,55.0,0.7963595638984499,reduced rapid-equilibrium irreversible turnover
W01,24.0,55.5,0.7992791156221396,reduced rapid-equilibrium irreversible turnover
W01,24.0,56.0,0.8021568107326211,reduced rapid-equilibrium irreversible turnover
W01,24.0,56.5,0.8049932483317422,reduced rapid-equilibrium irreversible turnover
W01,24.0,57.0,0.8077890204966675,reduced rapid-equilibrium irreversible turnover
W01,24.0,57.5,0.810544710331041,reduced rapid-equilibrium irreversible turnover
W01,24.0,58.0,0.8132608926425366,reduced rapid-equilibrium irreversible turnover
W01,24.0,58.5,0.8159381337022872,reduced rapid-equilibrium irreversible turnover
W01,24.0,59.0,0.8185769913017737,reduced rapid-equilibrium irreversible turnover
W01,24.0,59.5,0.8211780161447311,reduced rapid-equilibrium irreversible turnover
W01,24.0,60.0,0.8237417507373281,reduced rapid-equilibrium irreversible turnover
W01,24.0,60.5,0.8262687298758719,reduced rapid-equilibrium irreversible turnover
W01,24.0,61.0,0.8287594799856453,reduced rapid-equilibrium irreversible turnover
W01,24.0,61.5,0.8312145205187296,reduced rapid-equilibrium irreversible turnover
W01,24.0,62.0,0.833634363668044,reduced rapid-equilibrium irreversible turnover
W01,24.0,62.5,0.8360195141789687,reduced rapid-equilibrium irreversible turnover
W01,24.0,63.0,0.8383704695259075,reduced rapid-equilibrium irreversible turnover
W01,24.0,63.5,0.8406877190843253,reduced rapid-equilibrium irreversible turnover
W01,24.0,64.0,0.8429717466413017,reduced rapid-equilibrium irreversible turnover
W01,24.0,64.5,0.845223028591712,reduced rapid-equilibrium irreversible turnover
W01,24.0,65.0,0.8474420345664595,reduced rapid-equilibrium irreversible turnover
W01,24.0,65.5,0.8496292274567191,reduced rapid-equilibrium irreversible turnover
W01,24.0,66.0,0.8517850622936031,reduced rapid-equilibrium irreversible turnover
W01,24.0,66.5,0.8539099893199991,reduced rapid-equilibrium irreversible turnover
W01,24.0,67.0,0.8560044517593981,reduced rapid-equilibrium irreversible turnover
W01,24.0,67.5,0.8580688865439311,reduced rapid-equilibrium irreversible turnover
W01,24.0,68.0,0.8601037243665008,reduced rapid-equilibrium irreversible turnover
W01,24.0,68.5,0.862109388448349,reduced rapid-equilibrium irreversible turnover
W01,24.0,69.0,0.8640862977183863,reduced rapid-equilibrium irreversible turnover
W01,24.0,69.5,0.8660348645166794,reduced rapid-equilibrium irreversible turnover
W01,24.0,70.0,0.867955495325348,reduced rapid-equilibrium irreversible turnover
W01,24.0,70.5,0.8698485908497373,reduced rapid-equilibrium irreversible turnover
W01,24.0,71.0,0.871714544848161,reduced rapid-equilibrium irreversible turnover
W01,24.0,71.5,0.873553747036615,reduced rapid-equilibrium irreversible turnover
W01,24.0,72.0,0.8753665810208738,reduced rapid-equilibrium irreversible turnover
W01,24.0,72.5,0.8771534249543904,reduced rapid-equilibrium irreversible turnover
W01,24.0,73.0,0.8789146516292913,reduced rapid-equilibrium irreversible turnover
W01,24.0,73.5,0.880650627429601,reduced rapid-equilibrium irreversible turnover
W01,24.0,74.0,0.8823617148682563,reduced rapid-equilibrium irreversible turnover
W01,24.0,74.5,0.8840482708396556,reduced rapid-equilibrium irreversible turnover
W01,24.0,75.0,0.8857106471556265,reduced rapid-equilibrium irreversible turnover
W01,24.0,75.5,0.8873491906416147,reduced rapid-equilibrium irreversible turnover
W01,24.0,76.0,0.8889642421950976,reduced rapid-equilibrium irreversible turnover
W01,24.0,76.5,0.8905561390222551,reduced rapid-equilibrium irreversible turnover
W01,24.0,77.0,0.8921252131848683,reduced rapid-equilibrium irreversible turnover
W01,24.0,77.5,0.8936717919934535,reduced rapid-equilibrium irreversible turnover
W01,24.0,78.0,0.8951961981210318,reduced rapid-equilibrium irreversible turnover
W01,24.0,78.5,0.8966987485996599,reduced rapid-equilibrium irreversible turnover
W01,24.0,79.0,0.8981797571807009,reduced rapid-equilibrium irreversible turnover
W01,24.0,79.5,0.899639532837808,reduced rapid-equilibrium irreversible turnover
W01,24.0,80.0,0.9010783800962052,reduced rapid-equilibrium irreversible turnover
W01,24.0,80.5,0.9024965991730736,reduced rapid-equilibrium irreversible turnover
W01,24.0,81.0,0.9038944855055095,reduced rapid-equilibrium irreversible turnover
W01,24.0,81.5,0.905272330126137,reduced rapid-equilibrium irreversible turnover
W01,24.0,82.0,0.9066304208511684,reduced rapid-equilibrium irreversible turnover
W01,24.0,82.5,0.9079690409849834,reduced rapid-equilibrium irreversible turnover
W01,24.0,83.0,0.9092884698204575,reduced rapid-equilibrium irreversible turnover
W01,24.0,83.5,0.9105889827011638,reduced rapid-equilibrium irreversible turnover
W01,24.0,84.0,0.9118708496979152,reduced rapid-equilibrium irreversible turnover
W01,24.0,84.5,0.9131343388119605,reduced rapid-equilibrium irreversible turnover
W01,24.0,85.0,0.9143797135892319,reduced rapid-equilibrium irreversible turnover
W01,24.0,85.5,0.9156072338358549,reduced rapid-equilibrium irreversible turnover
W01,24.0,86.0,0.9168171556812891,reduced rapid-equilibrium irreversible turnover
W01,24.0,86.5,0.9180097310616052,reduced rapid-equilibrium irreversible turnover
W01,24.0,87.0,0.919185208389435,reduced rapid-equilibrium irreversible turnover
W01,24.0,87.5,0.920343833155579,reduced rapid-equilibrium irreversible turnover
W01,24.0,88.0,0.9214858470421257,reduced rapid-equilibrium irreversible turnover
W01,24.0,88.5,0.922611488304888,reduced rapid-equilibrium irreversible turnover
W01,24.0,89.0,0.9237209917585671,reduced rapid-equilibrium irreversible turnover
W01,24.0,89.5,0.9248145879838496,reduced rapid-equilibrium irreversible turnover
W01,24.0,90.0,0.9258925055294015,reduced rapid-equilibrium irreversible turnover
W01,24.0,90.5,0.9269549692282052,reduced rapid-equilibrium irreversible turnover
W01,24.0,91.0,0.928002200723259,reduced rapid-equilibrium irreversible turnover
W01,24.0,91.5,0.929034418521626,reduced rapid-equilibrium irreversible turnover
W01,24.0,92.0,0.9300518374790709,reduced rapid-equilibrium irreversible turnover
W01,24.0,92.5,0.9310546696551758,reduced rapid-equilibrium irreversible turnover
W01,24.0,93.0,0.932043124435566,reduced rapid-equilibrium irreversible turnover
W01,24.0,93.5,0.933017408013789,reduced rapid-equilibrium irreversible turnover
W01,24.0,94.0,0.9339777236636888,reduced rapid-equilibrium irreversible turnover
W01,24.0,94.5,0.9349242716347121,reduced rapid-equilibrium irreversible turnover
W01,24.0,95.0,0.9358572485770468,reduced rapid-equilibrium irreversible turnover
W01,24.0,95.5,0.9367768495640943,reduced rapid-equilibrium irreversible turnover
W01,24.0,96.0,0.937683266422102,reduced rapid-equilibrium irreversible turnover
W01,24.0,96.5,0.9385766882623489,reduced rapid-equilibrium irreversible turnover
W01,24.0,97.0,0.9394573015279621,reduced rapid-equilibrium irreversible turnover
W01,24.0,97.5,0.9403252897800721,reduced rapid-equilibrium irreversible turnover
W01,24.0,98.0,0.9411808332616913,reduced rapid-equilibrium irreversible turnover
W01,24.0,98.5,0.9420241109577637,reduced rapid-equilibrium irreversible turnover
W01,24.0,99.0,0.9428552987859753,reduced rapid-equilibrium irreversible turnover
W01,24.0,99.5,0.9436745701759892,reduced rapid-equilibrium irreversible turnover
W01,24.0,100.0,0.944482096112438,reduced rapid-equilibrium irreversible turnover
W01,24.0,100.5,0.9452780448395723,reduced rapid-equilibrium irreversible turnover
W01,24.0,101.0,0.9460625816906184,reduced rapid-equilibrium irreversible turnover
W01,24.0,101.5,0.9468358707941582,reduced rapid-equilibrium irreversible turnover
W01,24.0,102.0,0.947598073464109,reduced rapid-equilibrium irreversible turnover
W01,24.0,102.5,0.9483493487307978,reduced rapid-equilibrium irreversible turnover
W01,24.0,103.0,0.9490898533801801,reduced rapid-equilibrium irreversible turnover
W01,24.0,103.5,0.9498197416269841,reduced rapid-equilibrium irreversible turnover
W01,24.0,104.0,0.9505391652084849,reduced rapid-equilibrium irreversible turnover
W01,24.0,104.5,0.9512482745664774,reduced rapid-equilibrium irreversible turnover
W01,24.0,105.0,0.9519472176211352,reduced rapid-equilibrium irreversible turnover
W01,24.0,105.5,0.9526361401978184,reduced rapid-equilibrium irreversible turnover
W01,24.0,106.0,0.9533151860630263,reduced rapid-equilibrium irreversible turnover
W01,24.0,106.5,0.9539844965770317,reduced rapid-equilibrium irreversible turnover
W01,24.0,107.0,0.9546442109947701,reduced rapid-equilibrium irreversible turnover
W01,24.0,107.5,0.9552944672203054,reduced rapid-equilibrium irreversible turnover
W01,24.0,108.0,0.9559354008986309,reduced rapid-equilibrium irreversible turnover
W01,24.0,108.5,0.9565671457551613,reduced rapid-equilibrium irreversible turnover
W01,24.0,109.0,0.9571898336288588,reduced rapid-equilibrium irreversible turnover
W01,24.0,109.5,0.9578035940822789,reduced rapid-equilibrium irreversible turnover
W01,24.0,110.0,0.9584085548958288,reduced rapid-equilibrium irreversible turnover
W01,24.0,110.5,0.9590048425055951,reduced rapid-equilibrium irreversible turnover
W01,24.0,111.0,0.9595925813038442,reduced rapid-equilibrium irreversible turnover
W01,24.0,111.5,0.9601718939239982,reduced rapid-equilibrium irreversible turnover
W01,24.0,112.0,0.9607429012711214,reduced rapid-equilibrium irreversible turnover
W01,24.0,112.5,0.9613057220024945,reduced rapid-equilibrium irreversible turnover
W01,24.0,113.0,0.9618604733716201,reduced rapid-equilibrium irreversible turnover
W01,24.0,113.5,0.9624072713481904,reduced rapid-equilibrium irreversible turnover
W01,24.0,114.0,0.9629462300100987,reduced rapid-equilibrium irreversible turnover
W01,24.0,114.5,0.9634774618262689,reduced rapid-equilibrium irreversible turnover
W01,24.0,115.0,0.9640010776850164,reduced rapid-equilibrium irreversible turnover
W01,24.0,115.5,0.9645171867898977,reduced rapid-equilibrium irreversible turnover
W01,24.0,116.0,0.9650258959245775,reduced rapid-equilibrium irreversible turnover
W01,24.0,116.5,0.9655273117641276,reduced rapid-equilibrium irreversible turnover
W01,24.0,117.0,0.9660215389166791,reduced rapid-equilibrium irreversible turnover
W01,24.0,117.5,0.9665086805136204,reduced rapid-equilibrium irreversible turnover
W01,24.0,118.0,0.9669888382354427,reduced rapid-equilibrium irreversible turnover
W01,24.0,118.5,0.9674621123375838,reduced rapid-equilibrium irreversible turnover
W01,24.0,119.0,0.9679286014558799,reduced rapid-equilibrium irreversible turnover
W01,24.0,119.5,0.9683884027317555,reduced rapid-equilibrium irreversible turnover
W01,24.0,120.0,0.9688416119668777,reduced rapid-equilibrium irreversible turnover
W01,72.0,-2.0,1.0,reduced rapid-equilibrium irreversible turnover
W01,72.0,-1.98,0.8217299416497246,reduced rapid-equilibrium irreversible turnover
W01,72.0,-1.96,0.6752712877279385,reduced rapid-equilibrium irreversible turnover
W01,72.0,-1.94,0.5549474288275535,reduced rapid-equilibrium irreversible turnover
W01,72.0,-1.92,0.45609474098426783,reduced rapid-equilibrium irreversible turnover
W01,72.0,-1.9,0.3748818032419451,reduced rapid-equilibrium irreversible turnover
W01,72.0,-1.88,0.30816089178945233,reduced rapid-equilibrium irreversible turnover
W01,72.0,-1.86,0.2533459806098797,reduced rapid-equilibrium irreversible turnover
W01,72.0,-1.84,0.20831250540546195,reduced rapid-equilibrium irreversible turnover
W01,72.0,-1.82,0.17131502017052466,reduced rapid-equilibrium irreversible turnover
W01,72.0,-1.8,0.14091954393338565,reduced rapid-equilibrium irreversible turnover
W01,72.0,-1.78,0.11594798265911932,reduced rapid-equilibrium irreversible turnover
W01,72.0,-1.76,0.09543246678686566,reduced rapid-equilibrium irreversible turnover
W01,72.0,-1.74,0.07857783818139359,reduced rapid-equilibrium irreversible turnover
W01,72.0,-1.72,0.06473083054910025,reduced rapid-equilibrium irreversible turnover
W01,72.0,-1.7,0.053354749477510205,reduced rapid-equilibrium irreversible turnover
W01,72.0,-1.68,0.04400867105254386,reduced rapid-equilibrium irreversible turnover
W01,72.0,-1.66,0.03633035174020399,reduced rapid-equilibrium irreversible turnover
W01,72.0,-1.64,0.030022188676563005,reduced rapid-equilibrium irreversible turnover
W01,72.0,-1.62,0.024839684517792903,reduced rapid-equilibrium irreversible turnover
W01,72.0,-1.6,0.020581971343400646,reduced rapid-equilibrium irreversible turnover
W01,72.0,-1.58,0.017084024947715666,reduced rapid-equilibrium irreversible turnover
W01,72.0,-1.56,0.014210268944627905,reduced rapid-equilibrium irreversible turnover
W01,72.0,-1.54,0.011849319756851266,reduced rapid-equilibrium irreversible turnover
W01,72.0,-1.52,0.00990966970736092,reduced rapid-equilibrium irreversible turnover
W01,72.0,-1.5,0.008316140125200693,reduced rapid-equilibrium irreversible turnover
W01,72.0,-1.48,0.007006967627872655,reduced rapid-equilibrium irreversible turnover
W01,72.0,-1.46,0.0059314101646769,reduced rapid-equilibrium irreversible turnover
W01,72.0,-1.44,0.005047780338327037,reduced rapid-equilibrium irreversible turnover
W01,72.0,-1.42,0.004321829674024429,reduced rapid-equilibrium irreversible turnover
W01,72.0,-1.4,0.0037254211302970505,reduced rapid-equilibrium irreversible turnover
W01,72.0,-1.38,0.0032354385944825125,reduced rapid-equilibrium irreversible turnover
W01,72.0,-1.36,0.0028328908984664486,reduced rapid-equilibrium irreversible turnover
W01,72.0,-1.34,0.0025021757491285952,reduced rapid-equilibrium irreversible turnover
W01,72.0,-1.32,0.0022304749996501115,reduced rapid-equilibrium irreversible turnover
W01,72.0,-1.3,0.0020072578373556017,reduced rapid-equilibrium irreversible turnover
W01,72.0,-1.28,0.0018238726184422163,reduced rapid-equilibrium irreversible turnover
W01,72.0,-1.26,0.0016732115387383944,reduced rapid-equilibrium irreversible turnover
W01,72.0,-1.24,0.001549435145836569,reduced rapid-equilibrium irreversible turnover
W01,72.0,-1.22,0.0014477460071837841,reduced rapid-equilibrium irreversible turnover
W01,72.0,-1.2,0.0013642027650998484,reduced rapid-equilibrium irreversible turnover
W01,72.0,-1.18,0.0012955673846258302,reduced rapid-equilibrium irreversible turnover
W01,72.0,-1.16,0.0012391796259575009,reduced rapid-equilibrium irreversible turnover
W01,72.0,-1.14,0.0011928539740500446,reduced rapid-equilibrium irreversible turnover
W01,72.0,-1.12,0.00115479488961803,reduced rapid-equilibrium irreversible turnover
W01,72.0,-1.1,0.0011235272538680156,reduced rapid-equilibrium irreversible turnover
W01,72.0,-1.08,0.0010978391628543751,reduced rapid-equilibrium irreversible turnover
W01,72.0,-1.06,0.0010767349770294228,reduced rapid-equilibrium irreversible turnover
W01,72.0,-1.04,0.00105939672693908,reduced rapid-equilibrium irreversible turnover
W01,72.0,-1.02,0.0010451523932846268,reduced rapid-equilibrium irreversible turnover
W01,72.0,-1.0,0.0010334498866121432,reduced rapid-equilibrium irreversible turnover
W01,72.0,-0.98,0.001023835634289135,reduced rapid-equilibrium irreversible turnover
W01,72.0,-0.96,0.0010159369911669886,reduced rapid-equilibrium irreversible turnover
W01,72.0,-0.94,0.0010094478201103253,reduced rapid-equilibrium irreversible turnover
W01,72.0,-0.92,0.0010041166105011822,reduced rapid-equilibrium irreversible turnover
W01,72.0,-0.9,0.0009997367236731463,reduced rapid-equilibrium irreversible turnover
W01,72.0,-0.88,0.0009961384031243435,reduced rapid-equilibrium irreversible turnover
W01,72.0,-0.86,0.0009931821887443034,reduced rapid-equilibrium irreversible turnover
W01,72.0,-0.84,0.00099075349322687,reduced rapid-equilibrium irreversible turnover
W01,72.0,-0.82,0.0009887581822076261,reduced rapid-equilibrium irreversible turnover
W01,72.0,-0.8,0.0009871189260061205,reduced rapid-equilibrium irreversible turnover
W01,72.0,-0.78,0.000985772187562454,reduced rapid-equilibrium irreversible turnover
W01,72.0,-0.76,0.0009846657670417932,reduced rapid-equilibrium irreversible turnover
W01,72.0,-0.74,0.0009837567774673268,reduced rapid-equilibrium irreversible turnover
W01,72.0,-0.72,0.0009830099938895269,reduced rapid-equilibrium irreversible turnover
W01,72.0,-0.7,0.00098239647255959,reduced rapid-equilibrium irreversible turnover
W01,72.0,-0.68,0.0009818924286726126,reduced rapid-equilibrium irreversible turnover
W01,72.0,-0.66,0.00098147832733187,reduced rapid-equilibrium irreversible turnover
W01,72.0,-0.64,0.0009811381188902714,reduced rapid-equilibrium irreversible turnover
W01,72.0,-0.62,0.0009808586205280934,reduced rapid-equilibrium irreversible turnover
W01,72.0,-0.6,0.000980628998678511,reduced rapid-equilibrium irreversible turnover
W01,72.0,-0.58,0.0009804403501167968,reduced rapid-equilibrium irreversible turnover
W01,72.0,-0.56,0.0009802853629962156,reduced rapid-equilibrium irreversible turnover
W01,72.0,-0.54,0.000980158031434066,reduced rapid-equilibrium irreversible turnover
W01,72.0,-0.52,0.000980053421938391,reduced rapid-equilibrium irreversible turnover
W01,72.0,-0.5,0.000979967481428809,reduced rapid-equilibrium irreversible turnover
W01,72.0,-0.48,0.0009798968770993047,reduced rapid-equilibrium irreversible turnover
W01,72.0,-0.46,0.0009798388703442624,reduced rapid-equilibrium irreversible turnover
W01,72.0,-0.44,0.0009797912127366077,reduced rapid-equilibrium irreversible turnover
W01,72.0,-0.42,0.0009797520584839613,reduced rapid-equilibrium irreversible turnover
W01,72.0,-0.4,0.0009797198909787391,reduced rapid-equilibrium irreversible turnover
W01,72.0,-0.38,0.0009796934659861438,reduced rapid-equilibrium irreversible turnover
W01,72.0,-0.36,0.0009796717568757447,reduced rapid-equilibrium irreversible turnover
W01,72.0,-0.34,0.0009796539210719607,reduced rapid-equilibrium irreversible turnover
W01,72.0,-0.32,0.0009796392668908692,reduced rapid-equilibrium irreversible turnover
W01,72.0,-0.3,0.000979627226851222,reduced rapid-equilibrium irreversible turnover
W01,72.0,-0.28,0.0009796173340325886,reduced rapid-equilibrium irreversible turnover
W01,72.0,-0.26,0.0009796092061786124,reduced rapid-equilibrium irreversible turnover
W01,72.0,-0.24,0.0009796025288946334,reduced rapid-equilibrium irreversible turnover
W01,72.0,-0.22,0.0009795970455952205,reduced rapid-equilibrium irreversible turnover
W01,72.0,-0.2,0.0009795925404758902,reduced rapid-equilibrium irreversible turnover
W01,72.0,-0.18,0.0009795888395105854,reduced rapid-equilibrium irreversible turnover
W01,72.0,-0.16,0.000979585798745229,reduced rapid-equilibrium irreversible turnover
W01,72.0,-0.14,0.0009795832987480606,reduced rapid-equilibrium irreversible turnover
W01,72.0,-0.12,0.0009795812445216202,reduced rapid-equilibrium irreversible turnover
W01,72.0,-0.1,0.0009795795559641104,reduced rapid-equilibrium irreversible turnover
W01,72.0,-0.08,0.0009795781684412686,reduced rapid-equilibrium irreversible turnover
W01,72.0,-0.06,0.0009795770289931468,reduced rapid-equilibrium irreversible turnover
W01,72.0,-0.04,0.000979576093021334,reduced rapid-equilibrium irreversible turnover
W01,72.0,-0.02,0.0009795753258860487,reduced rapid-equilibrium irreversible turnover
W01,72.0,0.0,0.0009795746938579938,reduced rapid-equilibrium irreversible turnover
W01,72.0,0.5,0.005776826506390697,reduced rapid-equilibrium irreversible turnover
W01,72.0,1.0,0.010551042057571416,reduced rapid-equilibrium irreversible turnover
W01,72.0,1.5,0.015302332063107918,reduced rapid-equilibrium irreversible turnover
W01,72.0,2.0,0.020030806591042085,reduced rapid-equilibrium irreversible turnover
W01,72.0,2.5,0.02473657520517869,reduced rapid-equilibrium irreversible turnover
W01,72.0,3.0,0.02941974692926089,reduced rapid-equilibrium irreversible turnover
W01,72.0,3.5,0.03408043026693074,reduced rapid-equilibrium irreversible turnover
W01,72.0,4.0,0.038718733208706294,reduced rapid-equilibrium irreversible turnover
W01,72.0,4.5,0.043334763223862156,reduced rapid-equilibrium irreversible turnover
W01,72.0,5.0,0.04792862726784323,reduced rapid-equilibrium irreversible turnover
W01,72.0,5.5,0.052500431781295515,reduced rapid-equilibrium irreversible turnover
W01,72.0,6.0,0.05705028273729554,reduced rapid-equilibrium irreversible turnover
W01,72.0,6.5,0.06157828553788045,reduced rapid-equilibrium irreversible turnover
W01,72.0,7.0,0.06608454508356883,reduced rapid-equilibrium irreversible turnover
W01,72.0,7.5,0.07056916576460621,reduced rapid-equilibrium irreversible turnover
W01,72.0,8.0,0.07503225145695136,reduced rapid-equilibrium irreversible turnover
W01,72.0,8.5,0.07947390572962015,reduced rapid-equilibrium irreversible turnover
W01,72.0,9.0,0.08389423145232631,reduced rapid-equilibrium irreversible turnover
W01,72.0,9.5,0.08829333096999499,reduced rapid-equilibrium irreversible turnover
W01,72.0,10.0,0.0926713061625649,reduced rapid-equilibrium irreversible turnover
W01,72.0,10.5,0.09702825840182648,reduced rapid-equilibrium irreversible turnover
W01,72.0,11.0,0.10136428885651516,reduced rapid-equilibrium irreversible turnover
W01,72.0,11.5,0.10567949802138961,reduced rapid-equilibrium irreversible turnover
W01,72.0,12.0,0.10997398572667853,reduced rapid-equilibrium irreversible turnover
W01,72.0,12.5,0.1142478514216246,reduced rapid-equilibrium irreversible turnover
W01,72.0,13.0,0.11850119405851181,reduced rapid-equilibrium irreversible turnover
W01,72.0,13.5,0.12273411236748438,reduced rapid-equilibrium irreversible turnover
W01,72.0,14.0,0.12694670457261462,reduced rapid-equilibrium irreversible turnover
W01,72.0,14.5,0.1311390680749099,reduced rapid-equilibrium irreversible turnover
W01,72.0,15.0,0.13531129996470848,reduced rapid-equilibrium irreversible turnover
W01,72.0,15.5,0.13946349684835324,reduced rapid-equilibrium irreversible turnover
W01,72.0,16.0,0.1435957550037808,reduced rapid-equilibrium irreversible turnover
W01,72.0,16.5,0.14770817038308573,reduced rapid-equilibrium irreversible turnover
W01,72.0,17.0,0.1518008381210006,reduced rapid-equilibrium irreversible turnover
W01,72.0,17.5,0.15587385304902443,reduced rapid-equilibrium irreversible turnover
W01,72.0,18.0,0.15992730954491782,reduced rapid-equilibrium irreversible turnover
W01,72.0,18.5,0.16396130151319058,reduced rapid-equilibrium irreversible turnover
W01,72.0,19.0,0.1679759223675565,reduced rapid-equilibrium irreversible turnover
W01,72.0,19.5,0.17197126516974237,reduced rapid-equilibrium irreversible turnover
W01,72.0,20.0,0.1759474224926393,reduced rapid-equilibrium irreversible turnover
W01,72.0,20.5,0.17990448646551555,reduced rapid-equilibrium irreversible turnover
W01,72.0,21.0,0.18384254877630352,reduced rapid-equilibrium irreversible turnover
W01,72.0,21.5,0.18776170067388745,reduced rapid-equilibrium irreversible turnover
W01,72.0,22.0,0.1916620329703908,reduced rapid-equilibrium irreversible turnover
W01,72.0,22.5,0.19554363601694347,reduced rapid-equilibrium irreversible turnover
W01,72.0,23.0,0.1994065997475195,reduced rapid-equilibrium irreversible turnover
W01,72.0,23.5,0.20325101368486592,reduced rapid-equilibrium irreversible turnover
W01,72.0,24.0,0.2070769669094097,reduced rapid-equilibrium irreversible turnover
W01,72.0,24.5,0.2108845480752731,reduced rapid-equilibrium irreversible turnover
W01,72.0,25.0,0.21467384541250678,reduced rapid-equilibrium irreversible turnover
W01,72.0,25.5,0.21844494672932238,reduced rapid-equilibrium irreversible turnover
W01,72.0,26.0,0.22219793941432542,reduced rapid-equilibrium irreversible turnover
W01,72.0,26.5,0.22593291033500967,reduced rapid-equilibrium irreversible turnover
W01,72.0,27.0,0.2296499460816448,reduced rapid-equilibrium irreversible turnover
W01,72.0,27.5,0.23334913278894034,reduced rapid-equilibrium irreversible turnover
W01,72.0,28.0,0.23703055617094493,reduced rapid-equilibrium irreversible turnover
W01,72.0,28.5,0.24069430153091215,reduced rapid-equilibrium irreversible turnover
W01,72.0,29.0,0.24434045376340477,reduced rapid-equilibrium irreversible turnover
W01,72.0,29.5,0.2479690973563988,reduced rapid-equilibrium irreversible turnover
W01,72.0,30.0,0.2515803163786629,reduced rapid-equilibrium irreversible turnover
W01,72.0,30.5,0.2551741944530006,reduced rapid-equilibrium irreversible turnover
W01,72.0,31.0,0.2587508148880569,reduced rapid-equilibrium irreversible turnover
W01,72.0,31.5,0.2623102605550238,reduced rapid-equilibrium irreversible turnover
W01,72.0,32.0,0.26585261392749127,reduced rapid-equilibrium irreversible turnover
W01,72.0,32.5,0.26937795708346357,reduced rapid-equilibrium irreversible turnover
W01,72.0,33.0,0.2728863717073766,reduced rapid-equilibrium irreversible turnover
W01,72.0,33.5,0.27637793909211444,reduced rapid-equilibrium irreversible turnover
W01,72.0,34.0,0.27985274012065714,reduced rapid-equilibrium irreversible turnover
W01,72.0,34.5,0.28331085529579686,reduced rapid-equilibrium irreversible turnover
W01,72.0,35.0,0.28675236475531835,reduced rapid-equilibrium irreversible turnover
W01,72.0,35.5,0.29017734823969626,reduced rapid-equilibrium irreversible turnover
W01,72.0,36.0,0.2935858851071042,reduced rapid-equilibrium irreversible turnover
W01,72.0,36.5,0.296978054335385,reduced rapid-equilibrium irreversible turnover
W01,72.0,37.0,0.3003539345240213,reduced rapid-equilibrium irreversible turnover
W01,72.0,37.5,0.30371360389610547,reduced rapid-equilibrium irreversible turnover
W01,72.0,38.0,0.3070571402601356,reduced rapid-equilibrium irreversible turnover
W01,72.0,38.5,0.3103846211021149,reduced rapid-equilibrium irreversible turnover
W01,72.0,39.0,0.31369612352610904,reduced rapid-equilibrium irreversible turnover
W01,72.0,39.5,0.3169917242617271,reduced rapid-equilibrium irreversible turnover
W01,72.0,40.0,0.3202714996710641,reduced rapid-equilibrium irreversible turnover
W01,72.0,40.5,0.32353552575061767,reduced rapid-equilibrium irreversible turnover
W01,72.0,41.0,0.3267838781332048,reduced rapid-equilibrium irreversible turnover
W01,72.0,41.5,0.33001663206993626,reduced rapid-equilibrium irreversible turnover
W01,72.0,42.0,0.3332338623717626,reduced rapid-equilibrium irreversible turnover
W01,72.0,42.5,0.3364356436597566,reduced rapid-equilibrium irreversible turnover
W01,72.0,43.0,0.33962205012150415,reduced rapid-equilibrium irreversible turnover
W01,72.0,43.5,0.34279315558954504,reduced rapid-equilibrium irreversible turnover
W01,72.0,44.0,0.3459490335432502,reduced rapid-equilibrium irreversible turnover
W01,72.0,44.5,0.34908975711069806,reduced rapid-equilibrium irreversible turnover
W01,72.0,45.0,0.352215399070552,reduced rapid-equilibrium irreversible turnover
W01,72.0,45.5,0.3553260318539371,reduced rapid-equilibrium irreversible turnover
W01,72.0,46.0,0.3584217275463169,reduced rapid-equilibrium irreversible turnover
W01,72.0,46.5,0.3615025578893705,reduced rapid-equilibrium irreversible turnover
W01,72.0,47.0,0.3645685941934813,reduced rapid-equilibrium irreversible turnover
W01,72.0,47.5,0.3676199073747037,reduced rapid-equilibrium irreversible turnover
W01,72.0,48.0,0.3706565682705211,reduced rapid-equilibrium irreversible turnover
W01,72.0,48.5,0.3736786472449048,reduced rapid-equilibrium irreversible turnover
W01,72.0,49.0,0.3766862143253523,reduced rapid-equilibrium irreversible turnover
W01,72.0,49.5,0.3796793392046782,reduced rapid-equilibrium irreversible turnover
W01,72.0,50.0,0.3826580912428043,reduced rapid-equilibrium irreversible turnover
W01,72.0,50.5,0.3856225394685505,reduced rapid-equilibrium irreversible turnover
W01,72.0,51.0,0.38857275258142515,reduced rapid-equilibrium irreversible turnover
W01,72.0,51.5,0.3915087989534154,reduced rapid-equilibrium irreversible turnover
W01,72.0,52.0,0.39443074663077815,reduced rapid-equilibrium irreversible turnover
W01,72.0,52.5,0.3973386631693672,reduced rapid-equilibrium irreversible turnover
W01,72.0,53.0,0.400232615891842,reduced rapid-equilibrium irreversible turnover
W01,72.0,53.5,0.40311267197686973,reduced rapid-equilibrium irreversible turnover
W01,72.0,54.0,0.4059788981596231,reduced rapid-equilibrium irreversible turnover
W01,72.0,54.5,0.4088313608559874,reduced rapid-equilibrium irreversible turnover
W01,72.0,55.0,0.4116701261642469,reduced rapid-equilibrium irreversible turnover
W01,72.0,55.5,0.41449525986677194,reduced rapid-equilibrium irreversible turnover
W01,72.0,56.0,0.41730682743170544,reduced rapid-equilibrium irreversible turnover
W01,72.0,56.5,0.42010489401464973,reduced rapid-equilibrium irreversible turnover
W01,72.0,57.0,0.4228895244603531,reduced rapid-equilibrium irreversible turnover
W01,72.0,57.5,0.42566078330439666,reduced rapid-equilibrium irreversible turnover
W01,72.0,58.0,0.42841873457379487,reduced rapid-equilibrium irreversible turnover
W01,72.0,58.5,0.4311634422122458,reduced rapid-equilibrium irreversible turnover
W01,72.0,59.0,0.433894969886517,reduced rapid-equilibrium irreversible turnover
W01,72.0,59.5,0.43661338088914703,reduced rapid-equilibrium irreversible turnover
W01,72.0,60.0,0.43931873820972395,reduced rapid-equilibrium irreversible turnover
W01,72.0,60.5,0.44201110453648107,reduced rapid-equilibrium irreversible turnover
W01,72.0,61.0,0.44469054225789245,reduced rapid-equilibrium irreversible turnover
W01,72.0,61.5,0.4473571134642689,reduced rapid-equilibrium irreversible turnover
W01,72.0,62.0,0.45001087994935324,reduced rapid-equilibrium irreversible turnover
W01,72.0,62.5,0.4526519032119164,reduced rapid-equilibrium irreversible turnover
W01,72.0,63.0,0.4552802444573528,reduced rapid-equilibrium irreversible turnover
W01,72.0,63.5,0.457895964384151,reduced rapid-equilibrium irreversible turnover
W01,72.0,64.0,0.4604991237126241,reduced rapid-equilibrium irreversible turnover
W01,72.0,64.5,0.4630897827839277,reduced rapid-equilibrium irreversible turnover
W01,72.0,65.0,0.46566800162633043,reduced rapid-equilibrium irreversible turnover
W01,72.0,65.5,0.4682338399808523,reduced rapid-equilibrium irreversible turnover
W01,72.0,66.0,0.4707873573027854,reduced rapid-equilibrium irreversible turnover
W01,72.0,66.5,0.47332861276321414,reduced rapid-equilibrium irreversible turnover
W01,72.0,67.0,0.475857665250535,reduced rapid-equilibrium irreversible turnover
W01,72.0,67.5,0.4783745733719775,reduced rapid-equilibrium irreversible turnover
W01,72.0,68.0,0.48087939545512387,reduced rapid-equilibrium irreversible turnover
W01,72.0,68.5,0.48337218953805894,reduced rapid-equilibrium irreversible turnover
W01,72.0,69.0,0.4858530131735835,reduced rapid-equilibrium irreversible turnover
W01,72.0,69.5,0.48832192399825464,reduced rapid-equilibrium irreversible turnover
W01,72.0,70.0,0.4907789792189999,reduced rapid-equilibrium irreversible turnover
W01,72.0,70.5,0.4932242357689956,reduced rapid-equilibrium irreversible turnover
W01,72.0,71.0,0.4956577503091155,reduced rapid-equilibrium irreversible turnover
W01,72.0,71.5,0.4980795792293789,reduced rapid-equilibrium irreversible turnover
W01,72.0,72.0,0.500489778650399,reduced rapid-equilibrium irreversible turnover
W01,72.0,72.5,0.5028884044248313,reduced rapid-equilibrium irreversible turnover
W01,72.0,73.0,0.5052755121388217,reduced rapid-equilibrium irreversible turnover
W01,72.0,73.5,0.5076511571134549,reduced rapid-equilibrium irreversible turnover
W01,72.0,74.0,0.5100153943480905,reduced rapid-equilibrium irreversible turnover
W01,72.0,74.5,0.5123682784478153,reduced rapid-equilibrium irreversible turnover
W01,72.0,75.0,0.51470986409051,reduced rapid-equilibrium irreversible turnover
W01,72.0,75.5,0.517040205533606,reduced rapid-equilibrium irreversible turnover
W01,72.0,76.0,0.5193593567750907,reduced rapid-equilibrium irreversible turnover
W01,72.0,76.5,0.5216673715548933,reduced rapid-equilibrium irreversible turnover
W01,72.0,77.0,0.523964303356269,reduced rapid-equilibrium irreversible turnover
W01,72.0,77.5,0.5262502054071848,reduced rapid-equilibrium irreversible turnover
W01,72.0,78.0,0.5285251306817044,reduced rapid-equilibrium irreversible turnover
W01,72.0,78.5,0.5307891319013729,reduced rapid-equilibrium irreversible turnover
W01,72.0,79.0,0.5330422615366027,reduced rapid-equilibrium irreversible turnover
W01,72.0,79.5,0.5352845718080578,reduced rapid-equilibrium irreversible turnover
W01,72.0,80.0,0.5375161145272072,reduced rapid-equilibrium irreversible turnover
W01,72.0,80.5,0.5397369413344343,reduced rapid-equilibrium irreversible turnover
W01,72.0,81.0,0.541947103821351,reduced rapid-equilibrium irreversible turnover
W01,72.0,81.5,0.5441466532011207,reduced rapid-equilibrium irreversible turnover
W01,72.0,82.0,0.5463356404420817,reduced rapid-equilibrium irreversible turnover
W01,72.0,82.5,0.5485141162690553,reduced rapid-equilibrium irreversible turnover
W01,72.0,83.0,0.5506821311646535,reduced rapid-equilibrium irreversible turnover
W01,72.0,83.5,0.5528397353705871,reduced rapid-equilibrium irreversible turnover
W01,72.0,84.0,0.5549869788889736,reduced rapid-equilibrium irreversible turnover
W01,72.0,84.5,0.5571239114836458,reduced rapid-equilibrium irreversible turnover
W01,72.0,85.0,0.5592505826814583,reduced rapid-equilibrium irreversible turnover
W01,72.0,85.5,0.5613670417735971,reduced rapid-equilibrium irreversible turnover
W01,72.0,86.0,0.5634733375575727,reduced rapid-equilibrium irreversible turnover
W01,72.0,86.5,0.5655695189345966,reduced rapid-equilibrium irreversible turnover
W01,72.0,87.0,0.567655634538691,reduced rapid-equilibrium irreversible turnover
W01,72.0,87.5,0.56973173270853,reduced rapid-equilibrium irreversible turnover
W01,72.0,88.0,0.5717978615516335,reduced rapid-equilibrium irreversible turnover
W01,72.0,88.5,0.5738540689455974,reduced rapid-equilibrium irreversible turnover
W01,72.0,89.0,0.575900402539325,reduced rapid-equilibrium irreversible turnover
W01,72.0,89.5,0.5779369097542565,reduced rapid-equilibrium irreversible turnover
W01,72.0,90.0,0.5799636377856013,reduced rapid-equilibrium irreversible turnover
W01,72.0,90.5,0.5819806336035678,reduced rapid-equilibrium irreversible turnover
W01,72.0,91.0,0.5839879439545945,reduced rapid-equilibrium irreversible turnover
W01,72.0,91.5,0.5859856153503724,reduced rapid-equilibrium irreversible turnover
W01,72.0,92.0,0.5879736938067889,reduced rapid-equilibrium irreversible turnover
W01,72.0,92.5,0.5899522255954849,reduced rapid-equilibrium irreversible turnover
W01,72.0,93.0,0.5919212565611665,reduced rapid-equilibrium irreversible turnover
W01,72.0,93.5,0.5938808323291858,reduced rapid-equilibrium irreversible turnover
W01,72.0,94.0,0.5958309983067045,reduced rapid-equilibrium irreversible turnover
W01,72.0,94.5,0.5977717996838561,reduced rapid-equilibrium irreversible turnover
W01,72.0,95.0,0.5997032814349084,reduced rapid-equilibrium irreversible turnover
W01,72.0,95.5,0.6016254883194265,reduced rapid-equilibrium irreversible turnover
W01,72.0,96.0,0.6035384648834353,reduced rapid-equilibrium irreversible turnover
W01,72.0,96.5,0.6054422554605822,reduced rapid-equilibrium irreversible turnover
W01,72.0,97.0,0.6073369041732992,reduced rapid-equilibrium irreversible turnover
W01,72.0,97.5,0.6092224548562326,reduced rapid-equilibrium irreversible turnover
W01,72.0,98.0,0.6110989510645461,reduced rapid-equilibrium irreversible turnover
W01,72.0,98.5,0.6129664364172601,reduced rapid-equilibrium irreversible turnover
W01,72.0,99.0,0.6148249541861726,reduced rapid-equilibrium irreversible turnover
W01,72.0,99.5,0.6166745474361068,reduced rapid-equilibrium irreversible turnover
W01,72.0,100.0,0.6185152590260135,reduced rapid-equilibrium irreversible turnover
W01,72.0,100.5,0.6203471316100716,reduced rapid-equilibrium irreversible turnover
W01,72.0,101.0,0.6221702076387906,reduced rapid-equilibrium irreversible turnover
W01,72.0,101.5,0.6239845293601122,reduced rapid-equilibrium irreversible turnover
W01,72.0,102.0,0.6257901388205113,reduced rapid-equilibrium irreversible turnover
W01,72.0,102.5,0.627587077866098,reduced rapid-equilibrium irreversible turnover
W01,72.0,103.0,0.6293753881437198,reduced rapid-equilibrium irreversible turnover
W01,72.0,103.5,0.6311551109561286,reduced rapid-equilibrium irreversible turnover
W01,72.0,104.0,0.6329262875276719,reduced rapid-equilibrium irreversible turnover
W01,72.0,104.5,0.634688958983404,reduced rapid-equilibrium irreversible turnover
W01,72.0,105.0,0.6364431661669028,reduced rapid-equilibrium irreversible turnover
W01,72.0,105.5,0.6381889497264541,reduced rapid-equilibrium irreversible turnover
W01,72.0,106.0,0.6399263501160942,reduced rapid-equilibrium irreversible turnover
W01,72.0,106.5,0.6416554075966531,reduced rapid-equilibrium irreversible turnover
W01,72.0,107.0,0.6433761622367963,reduced rapid-equilibrium irreversible turnover
W01,72.0,107.5,0.6450886539140682,reduced rapid-equilibrium irreversible turnover
W01,72.0,108.0,0.6467929223159341,reduced rapid-equilibrium irreversible turnover
W01,72.0,108.5,0.6484890069408233,reduced rapid-equilibrium irreversible turnover
W01,72.0,109.0,0.6501769470991715,reduced rapid-equilibrium irreversible turnover
W01,72.0,109.5,0.6518567816564759,reduced rapid-equilibrium irreversible turnover
W01,72.0,110.0,0.6535285496750597,reduced rapid-equilibrium irreversible turnover
W01,72.0,110.5,0.6551922899274685,reduced rapid-equilibrium irreversible turnover
W01,72.0,111.0,0.6568480409655371,reduced rapid-equilibrium irreversible turnover
W01,72.0,111.5,0.6584958411569329,reduced rapid-equilibrium irreversible turnover
W01,72.0,112.0,0.6601357286861501,reduced rapid-equilibrium irreversible turnover
W01,72.0,112.5,0.661767741555503,reduced rapid-equilibrium irreversible turnover
W01,72.0,113.0,0.6633919175861204,reduced rapid-equilibrium irreversible turnover
W01,72.0,113.5,0.665008294418939,reduced rapid-equilibrium irreversible turnover
W01,72.0,114.0,0.6666169095156981,reduced rapid-equilibrium irreversible turnover
W01,72.0,114.5,0.6682178001599323,reduced rapid-equilibrium irreversible turnover
W01,72.0,115.0,0.6698110034579663,reduced rapid-equilibrium irreversible turnover
W01,72.0,115.5,0.6713965563288177,reduced rapid-equilibrium irreversible turnover
W01,72.0,116.0,0.6729744953357628,reduced rapid-equilibrium irreversible turnover
W01,72.0,116.5,0.674544857165109,reduced rapid-equilibrium irreversible turnover
W01,72.0,117.0,0.676107678202855,reduced rapid-equilibrium irreversible turnover
W01,72.0,117.5,0.6776629946602651,reduced rapid-equilibrium irreversible turnover
W01,72.0,118.0,0.6792108425747408,reduced rapid-equilibrium irreversible turnover
W01,72.0,118.5,0.68075125781069,reduced rapid-equilibrium irreversible turnover
W01,72.0,119.0,0.6822842760603982,reduced rapid-equilibrium irreversible turnover
W01,72.0,119.5,0.6838099328448989,reduced rapid-equilibrium irreversible turnover
W01,72.0,120.0,0.6853282635148434,reduced rapid-equilibrium irreversible turnover
