pdb,chain,resid,base,atom,face,role,x_A,y_A,z_A
6HMI,A,1,A,N7,Hoogsteen,acceptor,-8.433,-31.805,-9.129
6HMI,A,1,A,N6,Watson-Crick,donor,-5.637,-32.437,-7.945
6HMI,A,1,A,N6,Hoogsteen,donor,-5.637,-32.437,-7.945
6HMI,A,1,A,N1,Watson-Crick,acceptor,-5.179,-30.219,-8.311
6HMI,A,1,A,N3,Sugar,acceptor,-6.675,-28.696,-9.39
6HMI,A,2,U,O2,Watson-Crick,acceptor,-8.962,-28.63,-2.368
6HMI,A,2,U,O2,Sugar,acceptor,-8.962,-28.63,-2.368
6HMI,A,2,U,N3,Watson-Crick,donor,-6.945,-28.292,-3.379
6HMI,A,2,U,O4,Watson-Crick,acceptor,-4.919,-27.965,-4.352
6HMI,A,2,U,O4,Hoogsteen,acceptor,-4.919,-27.965,-4.352
6HMI,A,3,A,N7,Hoogsteen,acceptor,-6.855,-25.449,-1.96
6HMI,A,3,A,N6,Watson-Crick,donor,-3.819,-26.078,-1.734
6HMI,A,3,A,N6,Hoogsteen,donor,-3.819,-26.078,-1.734
6HMI,A,3,A,N1,Watson-Crick,acceptor,-4.324,-26.851,0.367
6HMI,A,3,A,N3,Sugar,acceptor,-6.518,-26.88,1.31
6HMI,A,4,C,O2,Watson-Crick,acceptor,-3.342,-25.147,4.318
6HMI,A,4,C,O2,Sugar,acceptor,-3.342,-25.147,4.318
6HMI,A,4,C,N3,Watson-Crick,acceptor,-3.14,-24.303,2.246
6HMI,A,4,C,N4,Watson-Crick,donor,-2.96,-23.426,0.132
6HMI,A,4,C,N4,Hoogsteen,donor,-2.96,-23.426,0.132
6HMI,A,5,PSU,N1,Sugar,donor,-2.223,-21.106,3.459
6HMI,A,5,PSU,N3,Watson-Crick,donor,-0.051,-21.933,3.427
6HMI,A,5,PSU,O2,Watson-Crick,acceptor,-1.054,-21.226,1.503
6HMI,A,5,PSU,O2,Sugar,acceptor,-1.054,-21.226,1.503
6HMI,A,5,PSU,O4,Watson-Crick,acceptor,0.968,-22.648,5.314
6HMI,A,5,PSU,O4,Hoogsteen,acceptor,0.968,-22.648,5.314
6HMI,A,6,PSU,N1,Sugar,donor,0.523,-18.413,4.061
6HMI,A,6,PSU,N3,Watson-Crick,donor,2.438,-18.916,2.85
6HMI,A,6,PSU,O2,Watson-Crick,acceptor,0.502,-18.374,1.778
6HMI,A,6,PSU,O2,Sugar,acceptor,0.502,-18.374,1.778
6HMI,A,6,PSU,O4,Watson-Crick,acceptor,4.374,-19.455,3.881
6HMI,A,6,PSU,O4,Hoogsteen,acceptor,4.374,-19.455,3.881
6HMI,A,7,A,N7,Hoogsteen,acceptor,3.011,-15.404,3.003
6HMI,A,7,A,N6,Watson-Crick,donor,1.882,-15.306,0.118
6HMI,A,7,A,N6,Hoogsteen,donor,1.882,-15.306,0.118
6HMI,A,7,A,N1,Watson-Crick,acceptor,4.066,-15.478,-0.554
6HMI,A,7,A,N3,Sugar,acceptor,5.927,-15.64,0.932
6HMI,A,8,C,O2,Watson-Crick,acceptor,5.822,-11.789,-2.112
6HMI,A,8,C,O2,Sugar,acceptor,5.822,-11.789,-2.112
6HMI,A,8,C,N3,Watson-Crick,acceptor,3.919,-11.928,-0.926
6HMI,A,8,C,N4,Watson-Crick,donor,1.993,-12.074,0.301
6HMI,A,8,C,N4,Hoogsteen,donor,1.993,-12.074,0.301
6HMI,A,9,C,O2,Watson-Crick,acceptor,2.483,-8.287,-3.39
6HMI,A,9,C,O2,Sugar,acceptor,2.483,-8.287,-3.39
6HMI,A,9,C,N3,Watson-Crick,acceptor,1.893,-8.571,-1.24
6HMI,A,9,C,N4,Watson-Crick,donor,1.32,-8.848,0.962
6HMI,A,9,C,N4,Hoogsteen,donor,1.32,-8.848,0.962
6HMI,A,10,U,O2,Watson-Crick,acceptor,-0.762,-5.312,-1.794
6HMI,A,10,U,O2,Sugar,acceptor,-0.762,-5.312,-1.794
6HMI,A,10,U,N3,Watson-Crick,donor,0.266,-5.603,0.221
6HMI,A,10,U,O4,Watson-Crick,acceptor,1.259,-5.925,2.239
6HMI,A,10,U,O4,Hoogsteen,acceptor,1.259,-5.925,2.239
6HMI,A,11,G,N7,Hoogsteen,acceptor,-1.417,3.177,-3.554
6HMI,A,11,G,O6,Watson-Crick,acceptor,-0.801,6.204,-3.732
6HMI,A,11,G,O6,Hoogsteen,acceptor,-0.801,6.204,-3.732
6HMI,A,11,G,N1,Watson-Crick,donor,-1.226,6.241,-1.51
6HMI,A,11,G,N2,Watson-Crick,donor,-1.638,6.444,0.753
6HMI,A,11,G,N2,Sugar,donor,-1.638,6.444,0.753
6HMI,A,11,G,N3,Sugar,acceptor,-1.839,4.348,-0.186
6HMI,B,12,G,N7,Hoogsteen,acceptor,-5.257,-5.391,2.503
6HMI,B,12,G,O6,Watson-Crick,acceptor,-2.391,-5.783,1.401
6HMI,B,12,G,O6,Hoogsteen,acceptor,-2.391,-5.783,1.401
6HMI,B,12,G,N1,Watson-Crick,donor,-3.227,-5.011,-0.55
6HMI,B,12,G,N2,Watson-Crick,donor,-3.917,-4.263,-2.618
6HMI,B,12,G,N2,Sugar,donor,-3.917,-4.263,-2.618
6HMI,B,12,G,N3,Sugar,acceptor,-5.486,-4.341,-0.926
6HMI,B,13,G,N7,Hoogsteen,acceptor,-4.436,-8.331,-0.445
6HMI,B,13,G,O6,Watson-Crick,acceptor,-1.505,-9.005,0.269
6HMI,B,13,G,O6,Hoogsteen,acceptor,-1.505,-9.005,0.269
6HMI,B,13,G,N1,Watson-Crick,donor,-1.038,-8.471,-1.879
6HMI,B,13,G,N2,Watson-Crick,donor,-0.402,-7.959,-4.034
6HMI,B,13,G,N2,Sugar,donor,-0.402,-7.959,-4.034
6HMI,B,13,G,N3,Sugar,acceptor,-2.641,-7.755,-3.501
6HMI,B,14,A,N7,Hoogsteen,acceptor,-4.541,-5.449,-8.301
6HMI,B,14,A,N6,Watson-Crick,donor,-2.189,-3.513,-8.874
6HMI,B,14,A,N6,Hoogsteen,donor,-2.189,-3.513,-8.874
6HMI,B,14,A,N1,Watson-Crick,acceptor,-1.215,-5.293,-9.938
6HMI,B,14,A,N3,Sugar,acceptor,-2.201,-7.462,-10.127
6HMI,B,15,G,N7,Hoogsteen,acceptor,-0.397,-11.785,-5.271
6HMI,B,15,G,O6,Watson-Crick,acceptor,0.989,-11.955,-2.506
6HMI,B,15,G,O6,Hoogsteen,acceptor,0.989,-11.955,-2.506
6HMI,B,15,G,N1,Watson-Crick,donor,2.897,-11.507,-3.64
6HMI,B,15,G,N2,Watson-Crick,donor,4.923,-11.036,-4.643
6HMI,B,15,G,N2,Sugar,donor,4.923,-11.036,-4.643
6HMI,B,15,G,N3,Sugar,acceptor,3.055,-11.112,-5.989
6HMI,B,16,U,O2,Watson-Crick,acceptor,5.7,-14.479,-3.747
6HMI,B,16,U,O2,Sugar,acceptor,5.7,-14.479,-3.747
6HMI,B,16,U,N3,Watson-Crick,donor,3.497,-14.853,-3.315
6HMI,B,16,U,O4,Watson-Crick,acceptor,1.314,-15.235,-2.826
6HMI,B,16,U,O4,Hoogsteen,acceptor,1.314,-15.235,-2.826
6HMI,B,17,A,N7,Hoogsteen,acceptor,3.817,-18.325,-3.321
6HMI,B,17,A,N6,Watson-Crick,donor,1.933,-18.524,-0.864
6HMI,B,17,A,N6,Hoogsteen,donor,1.933,-18.524,-0.864
6HMI,B,17,A,N1,Watson-Crick,acceptor,3.85,-18.82,0.36
6HMI,B,17,A,N3,Sugar,acceptor,6.054,-18.832,-0.563
6HMI,B,18,A,N7,Hoogsteen,acceptor,4.072,-21.968,-1.486
6HMI,B,18,A,N6,Watson-Crick,donor,1.292,-21.623,-0.164
6HMI,B,18,A,N6,Hoogsteen,donor,1.292,-21.623,-0.164
6HMI,B,18,A,N1,Watson-Crick,acceptor,2.359,-22.128,1.806
6HMI,B,18,A,N3,Sugar,acceptor,4.696,-22.607,1.986
6HMI,B,19,G,N7,Hoogsteen,acceptor,2.677,-25.412,0.135
6HMI,B,19,G,O6,Watson-Crick,acceptor,-0.238,-24.368,0.164
6HMI,B,19,G,O6,Hoogsteen,acceptor,-0.238,-24.368,0.164
6HMI,B,19,G,N1,Watson-Crick,donor,-0.287,-25.089,2.306
6HMI,B,19,G,N2,Watson-Crick,donor,-0.494,-25.754,4.504
6HMI,B,19,G,N2,Sugar,donor,-0.494,-25.754,4.504
6HMI,B,19,G,N3,Sugar,acceptor,1.537,-26.104,3.468
6HMI,B,20,U,O2,Watson-Crick,acceptor,-2.32,-28.18,2.979
6HMI,B,20,U,O2,Sugar,acceptor,-2.32,-28.18,2.979
6HMI,B,20,U,N3,Watson-Crick,donor,-1.654,-27.662,0.866
6HMI,B,20,U,O4,Watson-Crick,acceptor,-1.038,-27.112,-1.247
6HMI,B,20,U,O4,Hoogsteen,acceptor,-1.038,-27.112,-1.247
6HMI,B,21,C,O2,Watson-Crick,acceptor,-6.253,-29.814,-0.334
6HMI,B,21,C,O2,Sugar,acceptor,-6.253,-29.814,-0.334
6HMI,B,21,C,N3,Watson-Crick,acceptor,-4.508,-29.593,-1.731
6HMI,B,21,C,N4,Watson-Crick,donor,-2.713,-29.373,-3.139
6HMI,B,21,C,N4,Hoogsteen,donor,-2.713,-29.373,-3.139
6HMI,B,22,U,O2,Watson-Crick,acceptor,-7.877,-30.666,-5.095
6HMI,B,22,U,O2,Sugar,acceptor,-7.877,-30.666,-5.095
6HMI,B,22,U,N3,Watson-Crick,donor,-5.691,-31.21,-5.42
6HMI,B,22,U,O4,Watson-Crick,acceptor,-3.531,-31.768,-5.836
6HMI,B,22,U,O4,Hoogsteen,acceptor,-3.531,-31.768,-5.836
6HMO,A,1,A,N7,Hoogsteen,acceptor,-9.768,-21.963,-12.121
6HMO,A,1,A,N6,Watson-Crick,donor,-7.229,-21.496,-13.796
6HMO,A,1,A,N6,Hoogsteen,donor,-7.229,-21.496,-13.796
6HMO,A,1,A,N1,Watson-Crick,acceptor,-7.155,-19.422,-12.811
6HMO,A,1,A,N3,Sugar,acceptor,-8.761,-18.641,-11.219
6HMO,A,2,U,O2,Watson-Crick,acceptor,-6.429,-23.552,-11.134
6HMO,A,2,U,O2,Sugar,acceptor,-6.429,-23.552,-11.134
6HMO,A,2,U,N3,Watson-Crick,donor,-5.192,-21.649,-10.974
6HMO,A,2,U,O4,Watson-Crick,acceptor,-3.926,-19.77,-10.861
6HMO,A,2,U,O4,Hoogsteen,acceptor,-3.926,-19.77,-10.861
6HMO,A,3,A,N7,Hoogsteen,acceptor,-2.82,-21.506,-6.495
6HMO,A,3,A,N6,Watson-Crick,donor,-0.882,-19.139,-6.952
6HMO,A,3,A,N6,Hoogsteen,donor,-0.882,-19.139,-6.952
6HMO,A,3,A,N1,Watson-Crick,acceptor,0.563,-20.707,-7.804
6HMO,A,3,A,N3,Sugar,acceptor,0.072,-23.046,-7.946
6HMO,A,4,C,O2,Watson-Crick,acceptor,4.097,-21.747,-6.055
6HMO,A,4,C,O2,Sugar,acceptor,4.097,-21.747,-6.055
6HMO,A,4,C,N3,Watson-Crick,acceptor,2.458,-20.602,-5.03
6HMO,A,4,C,N4,Watson-Crick,donor,0.77,-19.46,-3.987
6HMO,A,4,C,N4,Hoogsteen,donor,0.77,-19.46,-3.987
6HMO,A,5,PSU,N1,Sugar,donor,4.094,-20.793,-1.788
6HMO,A,5,PSU,N3,Watson-Crick,donor,5.2,-18.81,-2.3
6HMO,A,5,PSU,O2,Watson-Crick,acceptor,3.021,-18.785,-1.623
6HMO,A,5,PSU,O2,Sugar,acceptor,3.021,-18.785,-1.623
6HMO,A,5,PSU,O4,Watson-Crick,acceptor,7.347,-18.807,-2.995
6HMO,A,5,PSU,O4,Hoogsteen,acceptor,7.347,-18.807,-2.995
6HMO,A,6,PSU,N1,Sugar,donor,5.963,-19.143,1.198
6HMO,A,6,PSU,N3,Watson-Crick,donor,5.936,-16.816,1.194
6HMO,A,6,PSU,O2,Watson-Crick,acceptor,4.011,-17.999,1.493
6HMO,A,6,PSU,O2,Sugar,acceptor,4.011,-17.999,1.493
6HMO,A,6,PSU,O4,Watson-Crick,acceptor,7.835,-15.624,0.895
6HMO,A,6,PSU,O4,Hoogsteen,acceptor,7.835,-15.624,0.895
6HMO,A,7,A,N7,Hoogsteen,acceptor,6.165,-17.035,4.984
6HMO,A,7,A,N6,Watson-Crick,donor,3.12,-16.438,4.87
6HMO,A,7,A,N6,Hoogsteen,donor,3.12,-16.438,4.87
6HMO,A,7,A,N1,Watson-Crick,acceptor,3.72,-14.241,5.141
6HMO,A,7,A,N3,Sugar,acceptor,5.971,-13.47,5.314
6HMO,A,8,C,O2,Watson-Crick,acceptor,3.731,-12.395,9.489
6HMO,A,8,C,O2,Sugar,acceptor,3.731,-12.395,9.489
6HMO,A,8,C,N3,Watson-Crick,acceptor,3.437,-14.489,8.716
6HMO,A,8,C,N4,Watson-Crick,donor,3.154,-16.612,7.941
6HMO,A,8,C,N4,Hoogsteen,donor,3.154,-16.612,7.941
6HMO,A,9,C,O2,Watson-Crick,acceptor,0.987,-15.534,15.308
6HMO,A,9,C,O2,Sugar,acceptor,0.987,-15.534,15.308
6HMO,A,9,C,N3,Watson-Crick,acceptor,2.109,-17.238,14.403
6HMO,A,9,C,N4,Watson-Crick,donor,3.293,-18.964,13.474
6HMO,A,9,C,N4,Hoogsteen,donor,3.293,-18.964,13.474
6HMO,A,10,U,O2,Watson-Crick,acceptor,0.482,-19.731,17.836
6HMO,A,10,U,O2,Sugar,acceptor,0.482,-19.731,17.836
6HMO,A,10,U,N3,Watson-Crick,donor,2.495,-20.157,16.86
6HMO,A,10,U,O4,Watson-Crick,acceptor,4.461,-20.639,15.842
6HMO,A,10,U,O4,Hoogsteen,acceptor,4.461,-20.639,15.842
6HMO,A,11,G,N7,Hoogsteen,acceptor,-0.272,-22.183,23.914
6HMO,A,11,G,O6,Watson-Crick,acceptor,-2.315,-24.155,22.673
6HMO,A,11,G,O6,Hoogsteen,acceptor,-2.315,-24.155,22.673
6HMO,A,11,G,N1,Watson-Crick,donor,-3.91,-22.845,23.698
6HMO,A,11,G,N2,Watson-Crick,donor,-5.605,-21.701,24.701
6HMO,A,11,G,N2,Sugar,donor,-5.605,-21.701,24.701
6HMO,A,11,G,N3,Sugar,acceptor,-3.431,-20.964,25.082
6HMO,B,12,G,N7,Hoogsteen,acceptor,0.517,-25.732,16.399
6HMO,B,12,G,O6,Watson-Crick,acceptor,1.68,-22.898,16.796
6HMO,B,12,G,O6,Hoogsteen,acceptor,1.68,-22.898,16.796
6HMO,B,12,G,N1,Watson-Crick,donor,-0.337,-22.388,17.692
6HMO,B,12,G,N2,Watson-Crick,donor,-2.329,-21.716,18.647
6HMO,B,12,G,N2,Sugar,donor,-2.329,-21.716,18.647
6HMO,B,12,G,N3,Sugar,acceptor,-2.182,-23.897,17.909
6HMO,B,13,G,N7,Hoogsteen,acceptor,-1.32,-22.59,14.129
6HMO,B,13,G,O6,Watson-Crick,acceptor,1.107,-20.707,13.851
6HMO,B,13,G,O6,Hoogsteen,acceptor,1.107,-20.707,13.851
6HMO,B,13,G,N1,Watson-Crick,donor,-0.251,-19.111,14.707
6HMO,B,13,G,N2,Watson-Crick,donor,-1.51,-17.375,15.565
6HMO,B,13,G,N2,Sugar,donor,-1.51,-17.375,15.565
6HMO,B,13,G,N3,Sugar,acceptor,-2.536,-19.433,15.342
6HMO,B,14,A,N7,Hoogsteen,acceptor,-2.686,-17.824,11.976
6HMO,B,14,A,N6,Watson-Crick,donor,0.053,-16.382,12.004
6HMO,B,14,A,N6,Hoogsteen,donor,0.053,-16.382,12.004
6HMO,B,14,A,N1,Watson-Crick,acceptor,-1.106,-14.537,12.72
6HMO,B,14,A,N3,Sugar,acceptor,-3.466,-14.509,13.098
6HMO,B,15,G,N7,Hoogsteen,acceptor,-2.696,-15.411,8.911
6HMO,B,15,G,O6,Watson-Crick,acceptor,0.329,-15.888,8.465
6HMO,B,15,G,O6,Hoogsteen,acceptor,0.329,-15.888,8.465
6HMO,B,15,G,N1,Watson-Crick,donor,0.588,-13.77,9.208
6HMO,B,15,G,N2,Watson-Crick,donor,1.02,-11.616,9.898
6HMO,B,15,G,N2,Sugar,donor,1.02,-11.616,9.898
6HMO,B,15,G,N3,Sugar,acceptor,-1.182,-12.295,9.851
6HMO,B,16,U,O2,Watson-Crick,acceptor,1.886,-11.199,6.517
6HMO,B,16,U,O2,Sugar,acceptor,1.886,-11.199,6.517
6HMO,B,16,U,N3,Watson-Crick,donor,1.116,-13.247,5.886
6HMO,B,16,U,O4,Watson-Crick,acceptor,0.404,-15.304,5.244
6HMO,B,16,U,O4,Hoogsteen,acceptor,0.404,-15.304,5.244
6HMO,B,17,A,N7,Hoogsteen,acceptor,1.456,-12.538,2.339
6HMO,B,17,A,N6,Watson-Crick,donor,2.631,-15.364,1.833
6HMO,B,17,A,N6,Hoogsteen,donor,2.631,-15.364,1.833
6HMO,B,17,A,N1,Watson-Crick,acceptor,4.671,-14.317,1.808
6HMO,B,17,A,N3,Sugar,acceptor,4.988,-11.968,2.107
6HMO,B,18,A,N7,Hoogsteen,acceptor,3.219,-12.818,-1.347
6HMO,B,18,A,N6,Watson-Crick,donor,2.832,-15.886,-1.504
6HMO,B,18,A,N6,Hoogsteen,donor,2.832,-15.886,-1.504
6HMO,B,18,A,N1,Watson-Crick,acceptor,5.083,-15.967,-1.965
6HMO,B,18,A,N3,Sugar,acceptor,6.502,-14.049,-2.094
6HMO,B,19,G,N7,Hoogsteen,acceptor,3.897,-14.479,-5.127
6HMO,B,19,G,O6,Watson-Crick,acceptor,2.192,-17.032,-4.699
6HMO,B,19,G,O6,Hoogsteen,acceptor,2.192,-17.032,-4.699
6HMO,B,19,G,N1,Watson-Crick,donor,4.033,-18.157,-5.377
6HMO,B,19,G,N2,Watson-Crick,donor,5.819,-19.451,-6.043
6HMO,B,19,G,N2,Sugar,donor,5.819,-19.451,-6.043
6HMO,B,19,G,N3,Sugar,acceptor,6.123,-17.164,-5.969
6HMO,B,20,U,O2,Watson-Crick,acceptor,4.169,-20.163,-9.106
6HMO,B,20,U,O2,Sugar,acceptor,4.169,-20.163,-9.106
6HMO,B,20,U,N3,Watson-Crick,donor,2.622,-18.636,-8.43
6HMO,B,20,U,O4,Watson-Crick,acceptor,1.049,-17.148,-7.749
6HMO,B,20,U,O4,Hoogsteen,acceptor,1.049,-17.148,-7.749
6HMO,B,21,C,O2,Watson-Crick,acceptor,0.386,-22.388,-11.865
6HMO,B,21,C,O2,Sugar,acceptor,0.386,-22.388,-11.865
6HMO,B,21,C,N3,Watson-Crick,acceptor,-0.303,-20.422,-11.017
6HMO,B,21,C,N4,Watson-Crick,donor,-0.987,-18.409,-10.162
6HMO,B,21,C,N4,Hoogsteen,donor,-0.987,-18.409,-10.162
6HMO,B,22,U,O2,Watson-Crick,acceptor,-4.438,-16.905,-14.304
6HMO,B,22,U,O2,Sugar,acceptor,-4.438,-16.905,-14.304
6HMO,B,22,U,N3,Watson-Crick,donor,-4.397,-19.167,-14.033
6HMO,B,22,U,O4,Watson-Crick,acceptor,-4.406,-21.421,-13.77
6HMO,B,22,U,O4,Hoogsteen,acceptor,-4.406,-21.421,-13.77
