0,0,0,0,1.6544955072e-09,7.06282107485e-08,0,0,0,4.17952118872e-10,0,2.74799448448e-08,8.16067943907e-09,0,0,0,0,0,0,4.69007813668e-07,0,0,0,1.21886347565e-05,0,0.00751073872819
0,0,0,0,0,0,8.90472772729e-09,0,0,0,3.0424051228e-08,0,0,0,1.17951337054e-09,2.77050199052e-10,1.65018149253e-10,2.41976068672e-08,4.47833604157e-07,0,0.0518777757115,2.52452657789e-05,5.76711878225e-06,0,0,0
0,0,0,0,0,0,0,0,0,2.36475021112e-08,0,3.02949217958e-06,2.18634098359e-09,0,0,0,0,0,0,0.0559281572578,0,0,0,0.826794151037,0,2.8325357283e-06
0,0,0,0,0,0,0,0,0,0,3.614217465e-06,0,0,0,1.20564121327e-08,4.74516629058e-08,2.32397504907e-06,0,0.0561612449904,0,0,0,0.94348736544,0,0,0
1.6544955072e-09,0,0,0,0,0,0,0,0,0,5.97518522916e-10,0,0,0,4.40276022479e-08,2.32117461736e-06,1.66454652816e-07,0.0555114630092,4.64449492551e-06,0,3.49040443701e-07,0.943467190898,5.13882454782e-08,0,0,0
7.06282107485e-08,0,0,0,0,0,0,0,0,0,7.86965211752e-10,0,0,0,2.31881670734e-06,3.12323055517e-07,0.0508753113488,0.00011230633143,2.05029255501e-06,0,0.943472874249,8.46614809473e-08,4.2517530071e-10,0,0,0
0,8.90472772729e-09,0,0,0,0,0,0,0,0,0,2.4402600396e-08,4.85606207918e-08,0,0,0,0,0,0,0.942442112486,0,0,0,6.45288616265e-08,0,1.37366418948e-10
0,0,0,0,0,0,0,0,0,0,0,0,0,0,0.00129707416894,0.0522387191728,0.0122215277042,0,0.93030931655,0,0,0,7.01055072539e-08,0,0,0
0,0,0,0,0,0,0,0,0,0,0,0,0,0,0.0523986719167,0.0161064416559,0.905041399159,0,0.00337872844092,0,0,0,3.37337320014e-07,0,0,0
4.17952118872e-10,0,2.36475021112e-08,0,0,0,0,0,0,0,0,0,0,0,0.0148733477293,0.89336774969,0.00865189582998,0.00673555111198,1.36840528879e-07,0,5.50009447311e-08,3.39422199812e-07,1.17229187847e-09,0,0,0
0,3.0424051228e-08,0,3.614217465e-06,5.97518522916e-10,7.86965211752e-10,0,0,0,0,0,0,0,0,0,0,0,0,0,5.89017518919e-08,0,0,0,3.90987328543e-10,2.78828975684e-08,1.20162037072e-09
2.74799448448e-08,0,3.02949217958e-06,0,0,0,2.4402600396e-08,0,0,0,0,0,0,0,0,0.00142085960088,2.89665715262e-05,5.06333118099e-05,6.83594758395e-08,0,9.28246202601e-09,1.35066480573e-08,2.23719809158e-09,0,0,0
8.16067943907e-09,0,2.18634098359e-09,0,0,0,4.85606207918e-08,0,0,0,0,0,0,0,0,0,4.82663767598e-05,1.68290137206e-06,4.59321471943e-09,0,1.53363363315e-08,2.5847882736e-09,8.36498769674e-11,0,0,0
0,0,0,0,0,0,0,0,0,0,0,0,0,0,0,0,0,0,7.83314318216e-07,0,0,0,1.77574157435e-07,0,0,0
0,1.17951337054e-09,0,1.20564121327e-08,4.40276022479e-08,2.31881670734e-06,0,0.00129707416894,0.0523986719167,0.0148733477293,0,0,0,0,0,0,0,0,0,1.79096033637e-09,0,0,0,1.57128583497e-09,1.42357175393e-07,4.85447385034e-07
0,2.77050199052e-10,0,4.74516629058e-08,2.32117461736e-06,3.12323055517e-07,0,0.0522387191728,0.0161064416559,0.89336774969,0,0.00142085960088,0,0,0,0,0,0,0,4.38668667419e-10,0,0,0,1.37058867333e-07,5.9825647858e-07,4.35508382502e-06
0,1.65018149253e-10,0,2.32397504907e-06,1.66454652816e-07,0.0508753113488,0,0.0122215277042,0.905041399159,0.00865189582998,0,2.89665715262e-05,4.82663767598e-05,0,0,0,0,0,0,0,0,0,0,4.47369520987e-07,8.59623549683e-06,1.41880613699e-09
0,2.41976068672e-08,0,0,0.0555114630092,0.00011230633143,0,0,0,0.00673555111198,0,5.06333118099e-05,1.68290137206e-06,0,0,0,0,0,0,0,0,0,0,8.52183700899e-06,0,5.0993927883e-06
0,4.47833604157e-07,0,0.0561612449904,4.64449492551e-06,2.05029255501e-06,0,0.93030931655,0.00337872844092,1.36840528879e-07,0,6.83594758395e-08,4.59321471943e-09,7.83314318216e-07,0,0,0,0,0,0,0,0,0,6.02128294584e-09,6.13121944202e-06,2.80030802327e-09
4.69007813668e-07,0,0.0559281572578,0,0,0,0.942442112486,0,0,0,5.89017518919e-08,0,0,0,1.79096033637e-09,4.38668667419e-10,0,0,0,0,0,0,0,0,0,0
0,0.0518777757115,0,0,3.49040443701e-07,0.943472874249,0,0,0,5.50009447311e-08,0,9.28246202601e-09,1.53363363315e-08,0,0,0,0,0,0,0,0,0,0,0,0,5.61580953684e-08
0,2.52452657789e-05,0,0,0.943467190898,8.46614809473e-08,0,0,0,3.39422199812e-07,0,1.35066480573e-08,2.5847882736e-09,0,0,0,0,0,0,0,0,0,0,0,0,5.40639812692e-07
0,5.76711878225e-06,0,0.94348736544,5.13882454782e-08,4.2517530071e-10,0,7.01055072539e-08,3.37337320014e-07,1.17229187847e-09,0,2.23719809158e-09,8.36498769674e-11,1.77574157435e-07,0,0,0,0,0,0,0,0,0,0,0,0
1.21886347565e-05,0,0.826794151037,0,0,0,6.45288616265e-08,0,0,0,3.90987328543e-10,0,0,0,1.57128583497e-09,1.37058867333e-07,4.47369520987e-07,8.52183700899e-06,6.02128294584e-09,0,0,0,0,0,0,0
0,0,0,0,0,0,0,0,0,0,2.78828975684e-08,0,0,0,1.42357175393e-07,5.9825647858e-07,8.59623549683e-06,0,6.13121944202e-06,0,0,0,0,0,0,0
0.00751073872819,0,2.8325357283e-06,0,0,0,1.37366418948e-10,0,0,0,1.20162037072e-09,0,0,0,4.85447385034e-07,4.35508382502e-06,1.41880613699e-09,5.0993927883e-06,2.80030802327e-09,0,5.61580953684e-08,5.40639812692e-07,0,0,0,0
