0,0,0,0,5.43256761891e-08,2.15570156027e-06,0,0,0,2.85101014757e-07,0,1.3558344578e-05,2.8407593838e-06,0,0,0,0,0,0,1.10584037934e-06,0,0,0,8.3868919535e-06,0,0.00825996853504
0,0,0,0,0,0,3.14879354709e-07,0,0,0,1.54156292677e-05,0,0,0,1.20287612222e-07,1.52220410854e-09,1.02561073669e-09,0,1.12960128671e-06,0,0.000685813555149,5.41468743357e-07,1.47642186604e-06,0,0,0
0,0,0,0,0,0,0,0,0,1.25357292565e-05,0,0.000974840241845,8.91967717756e-07,0,0,0,0,0,0,0.000748192950762,0,0,0,0.863170621259,0,6.43382293642e-06
0,0,0,0,0,0,0,0,0,0,0.0011576519712,0,0,0,1.32445921573e-06,2.34304193968e-07,4.89255259532e-06,0,0.000751835745237,0,0,0,0.993198557931,0,0,0
5.43256761891e-08,0,0,0,0,0,0,0,0,0,4.84651261196e-07,0,0,0,2.24795833807e-07,4.87142360799e-06,3.69930839745e-07,0,9.00035725833e-07,0,8.28920791505e-07,0.99328532955,1.7578564039e-07,0,0,0
2.15570156027e-06,0,0,0,0,0,0,0,0,0,2.26712843729e-07,0,0,0,4.90124311139e-06,1.52990891195e-07,7.44956417519e-06,0,8.26908927755e-06,0,0.993288504972,2.32810967996e-07,2.56436013126e-09,0,0,0
0,3.14879354709e-07,0,0,0,0,0,0,0,0,0,1.54339864399e-07,1.40181079024e-07,0,0,0,0,0,0,0.991894072662,0,0,0,2.30278404596e-07,0,1.76259703833e-09
0,0,0,0,0,0,0,0,0,0,0,0,0,0,9.30938168619e-06,0.00081749399396,0.0137458220959,0,0.979685903786,0,0,0,2.59919463339e-07,0,0,0
0,0,0,0,0,0,0,0,0,0,0,0,0,0,0.000987753937571,0.0186196021834,0.944905725784,0,0.000121439363762,0,0,0,3.60424920671e-07,0,0,0
2.85101014757e-07,0,1.25357292565e-05,0,0,0,0,0,0,0,0,0,0,0,0.0171758669085,0.932004051273,0.0100333649172,0,0.000176680681639,0,6.59686152606e-08,3.59123323804e-07,6.05894426923e-10,0,0,0
0,1.54156292677e-05,0,0.0011576519712,4.84651261196e-07,2.26712843729e-07,0,0,0,0,0,0,0,0,0,0,0,0.00738918973374,0,7.03172656336e-08,0,0,0,9.51928586892e-10,6.83954439578e-08,1.21520987228e-08
1.3558344578e-05,0,0.000974840241845,0,0,0,1.54339864399e-07,0,0,0,0,0,0,0,0,6.99869130909e-05,0.00678054463107,0,4.21811303874e-08,0,1.02796817596e-08,5.3170048421e-09,7.32578245969e-09,0,0,0
2.8407593838e-06,0,8.91967717756e-07,0,0,0,1.40181079024e-07,0,0,0,0,0,0,0,0,0,3.52015105715e-06,0,1.17363004971e-08,0,6.0368755209e-09,9.0234741372e-09,2.79881085985e-10,0,0,0
0,0,0,0,0,0,0,0,0,0,0,0,0,0,0,0,0,0,1.25613543185e-07,0,0,0,3.86027911051e-07,0,0,0
0,1.20287612222e-07,0,1.32445921573e-06,2.24795833807e-07,4.90124311139e-06,0,9.30938168619e-06,0.000987753937571,0.0171758669085,0,0,0,0,0,0,0,0,0,8.02988007821e-09,0,0,0,5.85532447111e-09,3.06051040925e-06,0.00419498228511
0,1.52220410854e-09,0,2.34304193968e-07,4.87142360799e-06,1.52990891195e-07,0,0.00081749399396,0.0186196021834,0.932004051273,0,6.99869130909e-05,0,0,0,0,0,0,0,1.81366441224e-09,0,0,0,1.72499657769e-06,0.00519979835875,1.10522955515e-06
0,1.02561073669e-09,0,4.89255259532e-06,3.69930839745e-07,7.44956417519e-06,0,0.0137458220959,0.944905725784,0.0100333649172,0,0.00678054463107,3.52015105715e-06,0,0,0,0,0,0,0,0,0,0,0.00524191636113,1.87991241478e-06,3.03732262701e-09
0,0,0,0,0,0,0,0,0,0,0.00738918973374,0,0,0,0,0,0,0,0,0,0,0,0.0052568127993,0,0,0
0,1.12960128671e-06,0,0.000751835745237,9.00035725833e-07,8.26908927755e-06,0,0.979685903786,0.000121439363762,0.000176680681639,0,4.21811303874e-08,1.17363004971e-08,1.25613543185e-07,0,0,0,0,0,0,0,0,0,1.67181007086e-08,3.41950697018e-06,9.60951773324e-09
1.10584037934e-06,0,0.000748192950762,0,0,0,0.991894072662,0,0,0,7.03172656336e-08,0,0,0,8.02988007821e-09,1.81366441224e-09,0,0,0,0,0,0,0,0,0,0
0,0.000685813555149,0,0,8.28920791505e-07,0.993288504972,0,0,0,6.59686152606e-08,0,1.02796817596e-08,6.0368755209e-09,0,0,0,0,0,0,0,0,0,0,0,0,8.74591156128e-09
0,5.41468743357e-07,0,0,0.99328532955,2.32810967996e-07,0,0,0,3.59123323804e-07,0,5.3170048421e-09,9.0234741372e-09,0,0,0,0,0,0,0,0,0,0,0,0,1.51573523161e-08
0,1.47642186604e-06,0,0.993198557931,1.7578564039e-07,2.56436013126e-09,0,2.59919463339e-07,3.60424920671e-07,6.05894426923e-10,0,7.32578245969e-09,2.79881085985e-10,3.86027911051e-07,0,0,0,0.0052568127993,0,0,0,0,0,0,0,0
8.3868919535e-06,0,0.863170621259,0,0,0,2.30278404596e-07,0,0,0,9.51928586892e-10,0,0,0,5.85532447111e-09,1.72499657769e-06,0.00524191636113,0,1.67181007086e-08,0,0,0,0,0,0,0
0,0,0,0,0,0,0,0,0,0,6.83954439578e-08,0,0,0,3.06051040925e-06,0.00519979835875,1.87991241478e-06,0,3.41950697018e-06,0,0,0,0,0,0,0
0.00825996853504,0,6.43382293642e-06,0,0,0,1.76259703833e-09,0,0,0,1.21520987228e-08,0,0,0,0.00419498228511,1.10522955515e-06,3.03732262701e-09,0,9.60951773324e-09,0,8.74591156128e-09,1.51573523161e-08,0,0,0,0
