pdb,model,station,A_resid,B_resid,face,axis_A,phosphate_chord_A,vdw_sphere_diameter_A,water_probe_clearance_A,edge_to_backbone_depth_A,DH_potential_mV
6HMI,1,1,3,20,major-facing,0.0,14.972056238205896,0.18325949799481744,-1.3083702510025912,3.834878506245333,-61.24030462692986
6HMI,1,1,3,20,minor-facing,0.0,16.237370507566798,1.5774777159914017,-0.611261142004299,1.7773995390121402,-55.25933536431458
6HMI,1,2,4,19,major-facing,2.367037310896893,18.333777706735727,3.929609923537006,0.5648049617685031,4.835346792771651,-66.86770808014845
6HMI,1,2,4,19,minor-facing,2.367037310896893,16.834146726222865,3.665741252580285,0.4328706262901425,1.480591334051735,-49.28175632450996
6HMI,1,3,5,18,major-facing,5.733821906089843,17.489966866749633,0.0,-1.512124307907474,0.48271493840271473,-81.91330375659457
6HMI,1,3,5,18,minor-facing,5.733821906089843,16.64883596531601,0.0,-1.8022921365067819,0.649316970162936,-85.83304174429242
6HMI,1,4,6,17,major-facing,9.464003381676573,17.20970566279389,0.0,-1.424840698227041,0.4189243291959039,-83.13395578449159
6HMI,1,4,6,17,minor-facing,9.464003381676573,17.489966866749633,0.0,-1.5057569019146193,1.09314349317258,-87.24648374079351
6HMI,1,5,7,16,major-facing,13.265119109056297,16.84691250645055,4.5810858374789785,0.8905429187394893,6.517324149132042,-70.5459941287616
6HMI,1,5,7,16,minor-facing,13.265119109056297,15.682536944002397,3.9300194780341093,0.5650097390170548,2.1149188346470997,-54.937258039656875
6HMI,1,6,8,15,major-facing,16.81884719416199,16.9025131267513,2.1408280849404853,-0.3295859575297573,2.518131324096413,-70.1009800987997
6HMI,1,6,8,15,minor-facing,16.81884719416199,15.118072959210114,2.5135018618966423,-0.14324906905167878,2.110307994418547,-56.4266683318581
6HMI,1,7,9,13,major-facing,19.0773236078447,17.38004956839882,2.8990743311201324,0.049537165560066265,2.8792355731735206,-47.601164028941746
6HMI,1,7,9,13,minor-facing,19.0773236078447,15.958858668463732,2.0464034100362407,-0.37679829498187956,2.116658840567954,-62.85552020014727
6HMI,2,1,3,20,major-facing,0.0,14.986666273724785,0.12310493940928824,-1.3384475302953558,3.817155891690288,-61.99009038621583
6HMI,2,1,3,20,minor-facing,0.0,16.398383883785623,1.8272405407447025,-0.48637972962764864,1.7314182142600174,-54.5750778706729
6HMI,2,2,4,19,major-facing,2.4404402137267023,18.212481352083795,4.044129329438603,0.6220646647193018,4.77516306144148,-66.96784922764644
6HMI,2,2,4,19,minor-facing,2.4404402137267023,16.858208831308264,3.7051809585161046,0.4525904792580524,1.5062343293614404,-49.35340653816472
6HMI,2,3,5,18,major-facing,5.794513125630352,17.498888021814412,0.0,-1.5091961061606955,0.5071285959693804,-82.19462133400216
6HMI,2,3,5,18,minor-facing,5.794513125630352,16.727824783874325,0.0,-1.8142781632503906,0.6557406955047801,-85.64098421764784
6HMI,2,4,6,17,major-facing,9.500775241761598,17.21892670871213,0.0,-1.4328656113083185,0.4112390304134689,-83.44967800445939
6HMI,2,4,6,17,minor-facing,9.500775241761598,15.02845381268479,0.0,-1.5189855153244236,8.687227296100355,-87.57320877650669
6HMI,2,5,7,16,major-facing,13.260102417057526,15.02845381268479,4.582280629193441,0.8911403145967207,8.935856049011797,-71.47779557088094
6HMI,2,5,7,16,minor-facing,13.260102417057526,15.695435451111257,3.847288609882088,0.5236443049410442,2.1300077744274386,-54.976799604371564
6HMI,2,6,8,15,major-facing,16.74810136825165,16.513677331230618,1.9140529515526086,-0.4429735242236956,5.363787914379605,-71.34482200638199
6HMI,2,6,8,15,minor-facing,16.74810136825165,15.188104720471216,2.428983054413741,-0.18550847279312932,2.1431366960992646,-56.71758689726194
6HMI,2,7,9,13,major-facing,18.953415234978564,16.966592291912953,2.6058231988842713,-0.09708840055786427,2.9357679888073633,-48.71026549857738
6HMI,2,7,9,13,minor-facing,18.953415234978564,16.055917600685426,1.8890004276161192,-0.4554997861919403,2.1650446682025017,-63.17692312446543
6HMI,3,1,3,20,major-facing,0.0,14.96224922931041,0.02599231269326774,-1.387003843653366,3.9304050951154323,-61.29926575900183
6HMI,3,1,3,20,minor-facing,0.0,16.369306155118487,1.722442504376804,-0.538778747811598,1.7398274863873215,-54.821379039982524
6HMI,3,2,4,19,major-facing,2.372046298868206,18.33983710396578,4.013695849829758,0.606847924914879,4.787077512068662,-67.06198529787696
6HMI,3,2,4,19,minor-facing,2.372046298868206,16.92642800475044,3.7298800587043,0.4649400293521502,1.485997258715516,-49.17554598438283
6HMI,3,3,5,18,major-facing,5.724554985322701,17.54194567315724,0.0,-1.5222518357862214,0.5099849323376899,-81.99885811421899
6HMI,3,3,5,18,minor-facing,5.724554985322701,14.56225552584489,0.0,-1.8206011277028495,8.288322648938289,-85.74354365902535
6HMI,3,4,6,17,major-facing,9.435955789824126,17.198958602194494,0.0,-1.4315239267292494,0.43097270898249884,-83.45068440605817
6HMI,3,4,6,17,minor-facing,9.435955789824126,16.50427493105953,0.0,-1.529276203150046,6.0878796792874414,-87.50479069821431
6HMI,3,5,7,16,major-facing,13.223750653298648,16.50427493105953,4.581325771347055,0.8906628856735277,6.538538361007902,-71.56975738795177
6HMI,3,5,7,16,minor-facing,13.223750653298648,15.736230711323472,3.977139901179546,0.588569950589773,2.098403959576781,-54.6954790994111
6HMI,3,6,8,15,major-facing,16.761999903719342,16.877842753148283,2.1388173177086798,-0.33059134114566,2.4910152402359205,-71.50436289279739
6HMI,3,6,8,15,minor-facing,16.761999903719342,15.136660430887654,2.399360294511084,-0.20031985274445785,2.081774362903703,-56.75582528457452
6HMI,3,7,9,13,major-facing,18.976507578146382,17.08902884894282,3.0990071561408334,0.1495035780704168,2.883206911633269,-48.21782681670466
6HMI,3,7,9,13,minor-facing,18.976507578146382,15.90840199391504,2.0616178348848675,-0.36919108255756616,2.107617934797354,-63.174420851862344
6HMI,4,1,3,20,major-facing,0.0,14.891419307775871,0.06077537575304204,-1.369612312123479,3.918133111539937,-61.67806647028486
6HMI,4,1,3,20,minor-facing,0.0,16.357840535963177,1.7744268531103038,-0.512786573444848,1.7329654616983639,-54.70821359511429
6HMI,4,2,4,19,major-facing,2.4399716716436832,18.25880918899149,3.971525434100891,0.5857627170504456,4.81662172472258,-66.5483076918191
6HMI,4,2,4,19,minor-facing,2.4399716716436832,16.90395261469932,3.8287176045259614,0.5143588022629808,1.4768268179465671,-49.027679401408726
6HMI,4,3,5,18,major-facing,5.840338517308417,17.555090258953385,0.0,-1.4773838980254792,0.5193803467223757,-81.71167912676067
6HMI,4,3,5,18,minor-facing,5.840338517308417,14.72881509151364,0.0,-1.800889179485577,8.261558163123459,-85.61109397650738
6HMI,4,4,6,17,major-facing,9.578554993166279,17.22877944022733,0.0,-1.410947954132656,0.4272565032509019,-83.04587004188963
6HMI,4,4,6,17,minor-facing,9.578554993166279,15.064971622940417,0.0,-1.5092630441228876,8.709786869155074,-87.08505562606982
6HMI,4,5,7,16,major-facing,13.367246311168799,16.559771163877837,4.587845294800566,0.893922647400283,6.55705479302019,-71.06254832617526
6HMI,4,5,7,16,minor-facing,13.367246311168799,15.77764050801006,3.9706291608801094,0.5853145804400548,2.063665982610404,-54.4615188591615
6HMI,4,6,8,15,major-facing,16.927119223471905,16.891237195658583,1.690345654392797,-0.5548271728036014,2.548262699149803,-71.27440392133202
6HMI,4,6,8,15,minor-facing,16.927119223471905,15.17785258196956,2.3228722906419645,-0.23856385467901764,2.0461060630581662,-56.72079689397843
6HMI,4,7,9,13,major-facing,18.999501215538636,16.960276501283815,2.519339602511835,-0.14033019874408237,2.9410301657367404,-48.824939331388954
6HMI,4,7,9,13,minor-facing,18.999501215538636,15.856362287738003,1.847737065872407,-0.4761314670637964,2.0440040895570704,-64.0949511118296
6HMI,5,1,3,20,major-facing,0.0,14.895110237927076,0.0,-1.5227871266426434,4.113846552327244,-61.767785116072524
6HMI,5,1,3,20,minor-facing,0.0,16.45806127707635,1.6695112212668604,-0.5652443893665697,1.6703480489335696,-54.78486513722925
6HMI,5,2,4,19,major-facing,2.360435725693284,18.275074719409496,3.8458174936944607,0.5229087468472304,4.834281392215982,-67.15928912856681
6HMI,5,2,4,19,minor-facing,2.360435725693284,16.972554580851995,3.7828587724277,0.49142938621385013,1.4672764556362115,-48.85084214809539
6HMI,5,3,5,18,major-facing,5.743693094629689,17.52115241643654,0.0,-1.4403970306316118,0.570169881796704,-82.02764938346729
6HMI,5,3,5,18,minor-facing,5.743693094629689,12.947762818340472,0.0,-1.8009120963179654,9.867527297291918,-85.98429885971632
6HMI,5,4,6,17,major-facing,9.487229168341035,17.192909148832257,0.09252578783428289,-1.3537371060828585,0.49274650405917725,-83.44416798453803
6HMI,5,4,6,17,minor-facing,9.487229168341035,14.819145488185208,0.0,-1.4829183145192284,8.311102148728352,-87.20577163419756
6HMI,5,5,7,16,major-facing,13.331045136640597,14.819145488185208,4.572105690167518,0.8860528450837593,8.520284358525096,-71.04330010331289
6HMI,5,5,7,16,minor-facing,13.331045136640597,15.738039712746948,3.906322622686314,0.553161311343157,2.061972315845,-54.67111183649272
6HMI,5,6,8,15,major-facing,16.9827075486349,17.05781782643958,0.0,-1.4512684615079463,2.476981423997721,-71.52018139118591
6HMI,5,6,8,15,minor-facing,16.9827075486349,15.20879518568121,2.4220860292235407,-0.18895698538822958,1.9344361538470491,-56.502635719347694
6HMI,5,7,9,13,major-facing,18.599245902967027,16.86955938962248,1.5154049677341814,-0.6422975161329092,2.9388335502543623,-50.517644463305565
6HMI,5,7,9,13,minor-facing,18.599245902967027,15.65772576078659,1.0884841103234195,-0.8557579448382902,1.8392628469512513,-67.73530307801369
6HMI,6,1,3,20,major-facing,0.0,17.449202331338817,0.09094236512526122,-1.3545288174373693,2.6692040073016208,-59.725287168251704
6HMI,6,1,3,20,minor-facing,0.0,17.74132991069159,2.4521453001969644,-0.1739273499015177,1.4507379061128696,-49.67125060289942
6HMI,6,2,4,19,major-facing,2.4482231771157323,18.58781062954968,3.7772980801965392,0.4886490400982697,4.850224067871608,-65.63505512399179
6HMI,6,2,4,19,minor-facing,2.4482231771157323,17.19116729602734,3.6898185965786667,0.44490929828933345,1.5912755340420475,-47.706319727061185
6HMI,6,3,5,18,major-facing,5.808900092642116,17.429389088548113,0.05162951236539559,-1.3741852438173021,0.5698507281970102,-81.29870305118926
6HMI,6,3,5,18,minor-facing,5.808900092642116,12.546930222169884,0.0,-1.8139138387042928,9.945697107861532,-85.90922803214357
6HMI,6,4,6,17,major-facing,9.568451163144879,17.147057036121385,0.0405370139640131,-1.3797314930179934,0.44135496459252777,-83.96254598480692
6HMI,6,4,6,17,minor-facing,9.568451163144879,14.665966521167299,0.0,-1.4969198301564486,8.372957297513388,-88.45261059174665
6HMI,6,5,7,16,major-facing,13.364840073579167,14.665966521167299,4.644733302311321,0.9223666511556607,8.647060112027773,-72.40145843714691
6HMI,6,5,7,16,minor-facing,13.364840073579167,15.545231358844422,3.6787227016742823,0.43936135083714123,2.0951433384301534,-55.378623773192
6HMI,6,6,8,15,major-facing,16.973195564021953,17.007216174318476,0.0,-1.4356085439833726,2.5243237045590994,-72.14769697871662
6HMI,6,6,8,15,minor-facing,16.973195564021953,15.17627029279592,2.402109751894247,-0.19894512405287634,1.9220111724456097,-56.54806903990026
6HMI,6,7,9,13,major-facing,18.57954549014306,16.850593491031702,1.8808087882403393,-0.4595956058798303,2.9892357741394173,-51.27255341455363
6HMI,6,7,9,13,minor-facing,18.57954549014306,15.73121384382019,1.282071638523091,-0.7589641807384544,1.8313311162772352,-66.53279793239747
6HMI,7,1,3,20,major-facing,0.0,17.527173017917065,0.07903721921951146,-1.3604813903902442,2.582963973794444,-59.23119465100053
6HMI,7,1,3,20,minor-facing,0.0,17.745828185801866,2.545261516379012,-0.12736924181049392,1.4764143593007595,-49.240516021572624
6HMI,7,2,4,19,major-facing,2.4924154915942016,18.569794263803782,3.8717879292897086,0.5358939646448544,4.81121706121022,-65.13671809404246
6HMI,7,2,4,19,minor-facing,2.4924154915942016,17.08677020387411,3.6979978779418627,0.44899893897093146,1.6055848281830234,-47.795998594764434
6HMI,7,3,5,18,major-facing,5.919598543262325,17.433561483529406,0.023736235266624384,-1.3881318823666877,0.5791291835780105,-81.14741308753044
6HMI,7,3,5,18,minor-facing,5.919598543262325,12.640295289272322,0.0,-1.8051822944639546,9.922508626128973,-85.48623503115729
6HMI,7,4,6,17,major-facing,9.686735017058428,17.152232886711865,0.045856985183750254,-1.3770715074081248,0.4497778524653093,-83.48177309577468
6HMI,7,4,6,17,minor-facing,9.686735017058428,14.631930050406885,0.0,-1.4963029107266679,8.37008499777238,-88.09916955702256
6HMI,7,5,7,16,major-facing,13.487368986523746,14.631930050406885,4.611068732691681,0.9055343663458406,8.618921516058617,-72.03968440440549
6HMI,7,5,7,16,minor-facing,13.487368986523746,15.586500376928747,3.770045092458471,0.4850225462292357,2.1063911802074613,-55.32551658203069
6HMI,7,6,8,15,major-facing,17.113234903399725,16.985568138864238,0.0,-1.4268546290374837,2.4347086775959585,-72.09988044205224
6HMI,7,6,8,15,minor-facing,17.113234903399725,15.159449000540882,2.386707771184095,-0.20664611440795233,1.9729122855887247,-56.70896205730834
6HMI,7,7,9,13,major-facing,18.743392436803667,16.76500468237334,1.7760907952389728,-0.5119546023805135,2.9754397418552903,-50.993308239280516
6HMI,7,7,9,13,minor-facing,18.743392436803667,15.660326337595906,1.161831034173836,-0.8190844829130819,1.8830896637769479,-67.12898165162967
6HMI,8,1,3,20,major-facing,0.0,17.46866526097515,0.11466872125301508,-1.3426656393734924,2.5699606484853366,-59.84507159874938
6HMI,8,1,3,20,minor-facing,0.0,17.71645238189633,2.599127967442412,-0.10043601627879384,1.4566953715937552,-49.26281246374762
6HMI,8,2,4,19,major-facing,2.5623405935653185,18.51546151193645,3.9988328933890864,0.5994164466945433,4.8362415165408,-65.1389286236638
6HMI,8,2,4,19,minor-facing,2.5623405935653185,17.067193178727425,3.5635773383329847,0.38178866916649246,1.6531815416955313,-48.22403855322091
6HMI,8,3,5,18,major-facing,5.9129759757381075,17.43732743283787,0.0,-1.4117814659116108,0.5597166626461042,-81.2425663953698
6HMI,8,3,5,18,minor-facing,5.9129759757381075,12.342435173011847,0.0,-1.808780351880216,9.883456699955774,-86.19407490872695
6HMI,8,4,6,17,major-facing,9.672009027700314,17.13662236264778,0.023360107777948613,-1.3883199461110256,0.4429454290603798,-83.70498272947411
6HMI,8,4,6,17,minor-facing,9.672009027700314,14.45544949145477,0.0,-1.4907965171628694,8.351212400579477,-88.54323842533837
6HMI,8,5,7,16,major-facing,13.4975815497887,14.45544949145477,4.607625285409108,0.9038126427045543,8.572479515813031,-72.38465404551427
6HMI,8,5,7,16,minor-facing,13.4975815497887,15.590428762545306,3.7088925074349572,0.4544462537174787,2.14801437542358,-55.3206118415833
6HMI,8,6,8,15,major-facing,17.08726280945099,17.108470884330952,0.0,-1.5869044219371191,2.517730278814472,-72.14556314031661
6HMI,8,6,8,15,minor-facing,17.08726280945099,15.227305539720414,2.4111926982092835,-0.19440365089535816,1.9271838932037184,-56.4181071245755
6HMI,8,7,9,13,major-facing,18.626709913897617,16.671727265043657,1.4134721728490507,-0.6932639135754746,3.071308317114356,-51.88933911823311
6HMI,8,7,9,13,minor-facing,18.626709913897617,15.741690538185535,1.2242885366812044,-0.7878557316593977,1.8363759123446945,-66.84395097074388
6HMI,9,1,3,20,major-facing,0.0,17.467868902645222,0.0,-1.4233484161114291,2.6207021581578256,-60.08378423000839
6HMI,9,1,3,20,minor-facing,0.0,17.787333414539685,2.6712122972440544,-0.06439385137797271,1.4724802786207032,-49.071388430581216
6HMI,9,2,4,19,major-facing,2.493191150674274,18.198043411312106,4.03570272958927,0.6178513647946349,4.874334461510016,-65.57455215174457
6HMI,9,2,4,19,minor-facing,2.493191150674274,17.198305643289398,3.7169796065157947,0.45848980325789745,1.609668762022864,-47.792447768309486
6HMI,9,3,5,18,major-facing,5.863686328726468,17.447459671826156,0.02021947990647721,-1.3898902600467613,0.6048043027367238,-80.97150450492468
6HMI,9,3,5,18,minor-facing,5.863686328726468,12.569075463215265,0.0,-1.8260330289280093,9.872699548881405,-85.79835239382105
6HMI,9,4,6,17,major-facing,9.629077566444321,17.13710337250727,0.07121142781877587,-1.364394286090612,0.4657854092805642,-83.72326552241087
6HMI,9,4,6,17,minor-facing,9.629077566444321,14.560058585046972,0.0,-1.5131921038959666,8.346414188661358,-88.18298651465311
6HMI,9,5,7,16,major-facing,13.448434827683112,14.560058585046972,4.615276331660221,0.9076381658301105,8.59704785238197,-72.17771098619595
6HMI,9,5,7,16,minor-facing,13.448434827683112,15.635257241248064,3.833384006782621,0.5166920033913105,2.116554541302484,-55.17672361098527
6HMI,9,6,8,15,major-facing,17.070454690857392,17.057893451420078,0.0,-1.425422833983824,2.3767089621893285,-72.29982084404658
6HMI,9,6,8,15,minor-facing,17.070454690857392,15.187784499392926,2.4717392981882322,-0.1641303509058838,1.9566444574961472,-56.55681740653752
6HMI,9,7,9,13,major-facing,18.759564062010135,16.712338136837708,1.561166582967799,-0.6194167085161004,3.059476275473031,-51.282604314436725
6HMI,9,7,9,13,minor-facing,18.759564062010135,15.743468137611863,1.2831991967068537,-0.7584004016465731,1.8837520836921318,-66.94313596425876
6HMI,10,1,3,20,major-facing,0.0,16.394810703390267,0.10987599033905626,-1.3450620048304718,4.547728799701467,-60.21011420099653
6HMI,10,1,3,20,minor-facing,0.0,17.759964020233824,2.485112570734819,-0.15744371463259044,1.5571092771144375,-49.571276795216384
6HMI,10,2,4,19,major-facing,2.446627274932187,18.30346642032596,3.8689119125790246,0.5344559562895124,4.839437859278822,-65.62455458082428
6HMI,10,2,4,19,minor-facing,2.446627274932187,17.181933447665312,3.701983330587064,0.4509916652935322,1.6353560785898522,-47.759941559395244
6HMI,10,3,5,18,major-facing,5.827901424514242,17.4737978127252,0.009037048457754437,-1.3954814757711227,0.5648465251886026,-80.96292329792355
6HMI,10,3,5,18,minor-facing,5.827901424514242,12.571616522945646,0.0,-1.8208639210531903,9.847891120962265,-85.88820980324202
6HMI,10,4,6,17,major-facing,9.567009082412758,17.144566632026603,0.03330638314419554,-1.3833468084279021,0.43766566226664794,-83.56489557155504
6HMI,10,4,6,17,minor-facing,9.567009082412758,14.603211872735395,0.0,-1.5080318587323802,8.305838752790944,-88.12050807313572
6HMI,10,5,7,16,major-facing,13.381916053918935,14.603211872735395,4.612553638129057,0.9062768190645287,8.54153263363364,-72.21421167939599
6HMI,10,5,7,16,minor-facing,13.381916053918935,15.610513572589467,3.7912995055392087,0.49564975276960443,2.1128437029348315,-55.35062312545124
6HMI,10,6,8,15,major-facing,17.022459061361335,17.0459696702769,0.0,-1.4784564788534573,2.426376785117431,-72.2761473914933
6HMI,10,6,8,15,minor-facing,17.022459061361335,15.16922216199631,2.5293848934697754,-0.13530755326511223,1.9296746815706136,-56.52810530319503
6HMI,10,7,9,13,major-facing,18.65870641732261,16.72441789719451,1.4737652741498803,-0.6631173629250597,3.0446413326924606,-51.416888697298525
6HMI,10,7,9,13,minor-facing,18.65870641732261,15.686869700485179,1.1670179742257338,-0.816491012887133,1.8830674172094755,-67.4898754919651
6HMI,11,1,3,20,major-facing,0.0,16.24888897740396,0.13899207741313546,-1.3305039612934322,4.559482430195013,-60.72604113215188
6HMI,11,1,3,20,minor-facing,0.0,17.69224137863827,2.5462555130193034,-0.1268722434903482,1.546574146626433,-49.73599455281898
6HMI,11,2,4,19,major-facing,2.4886410300860677,18.21699198550628,3.8671281794511323,0.5335640897255662,4.843295082015119,-65.901761404344
6HMI,11,2,4,19,minor-facing,2.4886410300860677,17.151531651721374,3.6200104833203093,0.41000524166015473,1.6474472862206007,-48.193937317132416
6HMI,11,3,5,18,major-facing,5.84371264419401,17.445761720257448,0.0,-1.430611179914389,0.5517059324180598,-81.43784288150047
6HMI,11,3,5,18,minor-facing,5.84371264419401,12.304888012493247,0.0,-1.8218469776996453,9.88585746085202,-86.56457551949498
6HMI,11,4,6,17,major-facing,9.592599894055958,17.151291788084066,0.0,-1.401053995373787,0.445948755824686,-84.31263304920535
6HMI,11,4,6,17,minor-facing,9.592599894055958,14.357229990496078,0.0,-1.5270945580117188,8.368155238747898,-88.72199988331673
6HMI,11,5,7,16,major-facing,13.390245412177446,14.357229990496078,4.609662654799861,0.9048313273999304,8.62387764390299,-72.82045826875004
6HMI,11,5,7,16,minor-facing,13.390245412177446,15.576300395151602,3.7224196048238514,0.4612098024119258,2.093037694758497,-55.40357315130908
6HMI,11,6,8,15,major-facing,16.983662480248302,17.08488416700564,0.0,-1.5149920331036781,2.4577097769689527,-72.35810882096827
6HMI,11,6,8,15,minor-facing,16.983662480248302,15.240229197751587,2.4549254319626166,-0.17253728401869162,1.9453159692668802,-56.21909882401366
6HMI,11,7,9,13,major-facing,18.587401594056452,16.6289933850489,1.5552116216079788,-0.6223941891960105,3.0376660180318744,-51.779168509977055
6HMI,11,7,9,13,minor-facing,18.587401594056452,15.767619636457496,1.222047096960178,-0.7889764515199109,1.882169817253807,-66.66756788123219
6HMI,12,1,3,20,major-facing,0.0,16.31670214841222,0.08632551345854456,-1.3568372432707276,4.602886850834529,-60.29412495713051
6HMI,12,1,3,20,minor-facing,0.0,17.599518430911683,2.286130038092542,-0.2569349809537289,1.5791775144601683,-50.63321327678175
6HMI,12,2,4,19,major-facing,2.3772326404268833,18.284475628248135,3.7010572984224943,0.45052864921124725,4.858590607995682,-66.00512446935616
6HMI,12,2,4,19,minor-facing,2.3772326404268833,17.294007199027064,3.6685629952129806,0.4342814976064904,1.5949153906233595,-47.83939070666615
6HMI,12,3,5,18,major-facing,5.7000104504391995,17.498057635063383,0.0,-1.4136387997159687,0.5866325109282002,-81.30568139335293
6HMI,12,3,5,18,minor-facing,5.7000104504391995,12.642397122381498,0.0,-1.8295418058198212,9.888670908511667,-85.7459856515881
6HMI,12,4,6,17,major-facing,9.471680824647514,17.16831747726026,0.04867379640460401,-1.375663101797698,0.4426762553022634,-83.67429847090455
6HMI,12,4,6,17,minor-facing,9.471680824647514,14.654288996740853,0.0,-1.5193178718961666,8.281096181013224,-88.17626568205405
6HMI,12,5,7,16,major-facing,13.29997788382288,14.654288996740853,4.576811386875564,0.888405693437782,8.57047147611453,-71.90503753972779
6HMI,12,5,7,16,minor-facing,13.29997788382288,15.594709519577464,3.8112410723738113,0.5056205361869057,2.106341032303716,-55.18345200244571
6HMI,12,6,8,15,major-facing,16.938454714622008,17.13502699151653,0.0,-1.5551141798389427,2.443998233095061,-71.94554816879493
6HMI,12,6,8,15,minor-facing,16.938454714622008,15.20318308776159,2.5083584314156844,-0.14582078429215772,1.932945019538217,-56.25374514970127
6HMI,12,7,9,13,major-facing,18.56542877043439,16.788783458011483,1.3018690634176573,-0.7490654682911713,3.0983899465400153,-51.44162072557637
6HMI,12,7,9,13,minor-facing,18.56542877043439,15.73558317953294,1.2414827077579145,-0.7792586461210427,1.832495281470894,-66.71196494599869
6HMI,13,1,3,20,major-facing,0.0,16.27112331709154,0.14845343084531581,-1.325773284577342,4.536958341715976,-60.230135996208396
6HMI,13,1,3,20,minor-facing,0.0,17.552585963327452,2.405524848648794,-0.19723757567560285,1.5700733532278361,-50.27000671478738
6HMI,13,2,4,19,major-facing,2.4494495997912438,18.383851337519026,3.8285470701123865,0.5142735350561933,4.8373279837354985,-65.4609590429567
6HMI,13,2,4,19,minor-facing,2.4494495997912438,17.218854956122954,3.7179993444159245,0.45899967220796234,1.603175339525266,-47.859078191700796
6HMI,13,3,5,18,major-facing,5.813868308765597,17.460401026322394,0.0,-1.4152864162094168,0.564373435276602,-80.93519615314007
6HMI,13,3,5,18,minor-facing,5.813868308765597,12.503972248849564,0.0,-1.8120679830814155,9.786718072469894,-86.27580049734831
6HMI,13,4,6,17,major-facing,9.58381274152666,17.128884989981103,0.04872243865760817,-1.3756387806711958,0.45483148977994253,-83.69773653212327
6HMI,13,4,6,17,minor-facing,9.58381274152666,14.474509836260433,0.0,-1.5020254225095304,8.311378488905579,-88.11336809235578
6HMI,13,5,7,16,major-facing,13.373273510494636,14.474509836260433,4.594569084296312,0.8972845421481561,8.552048042408023,-72.2436280190923
6HMI,13,5,7,16,minor-facing,13.373273510494636,15.56445980431059,3.7550449537506094,0.4775224768753048,2.1383907804301616,-55.51782979615556
6HMI,13,6,8,15,major-facing,16.99316072153893,17.022944809873525,0.0,-1.4136575425473057,2.375728023013716,-72.5246483723907
6HMI,13,6,8,15,minor-facing,16.99316072153893,15.138473998392309,2.391860403463015,-0.20406979826849247,2.020123330861006,-56.9077645299363
6HMI,13,7,9,13,major-facing,18.642198978173845,16.62287078094515,1.838919094890175,-0.4805404525549124,2.979698367071795,-51.16733748373922
6HMI,13,7,9,13,minor-facing,18.642198978173845,15.828325495768652,1.2845726627540617,-0.7577136686229691,1.9192107242758476,-66.65023534118335
6HMI,14,1,3,20,major-facing,0.0,17.48541077584396,0.0,-1.450055656553578,2.612950758740668,-60.01505045074025
6HMI,14,1,3,20,minor-facing,0.0,17.819898232032635,2.655428355670056,-0.07228582216497181,1.470172007558558,-49.0276711641928
6HMI,14,2,4,19,major-facing,2.5117835880773947,18.24807767958039,4.028950260422513,0.6144751302112565,4.860104553860944,-65.62648848939153
6HMI,14,2,4,19,minor-facing,2.5117835880773947,17.131329574787824,3.655648493823976,0.42782424691198817,1.602943712364524,-47.91020783896582
6HMI,14,3,5,18,major-facing,5.906167727174964,17.440290221209047,0.056430063030138644,-1.3717849684849306,0.597315489512221,-81.34364983545639
6HMI,14,3,5,18,minor-facing,5.906167727174964,12.631175440155996,0.0,-1.815108886937372,9.913916470404716,-85.96489596559958
6HMI,14,4,6,17,major-facing,9.657966077842374,17.14904218899703,0.056645256967246205,-1.3716773715163768,0.43818915013988036,-84.03745486034889
6HMI,14,4,6,17,minor-facing,9.657966077842374,14.598633840192035,0.0,-1.4883492023767169,8.421487245692186,-88.211170876255
6HMI,14,5,7,16,major-facing,13.463190486763047,14.598633840192035,4.559509019526692,0.8797545097633459,8.638946904293965,-72.33453859047829
6HMI,14,5,7,16,minor-facing,13.463190486763047,15.535061248672307,3.636423503429507,0.41821175171475367,2.1038930810291925,-55.685512095411326
6HMI,14,6,8,15,major-facing,17.09898845949257,17.074186393500568,0.0,-1.4429750189102133,2.4317871083226077,-72.23009764234408
6HMI,14,6,8,15,minor-facing,17.09898845949257,15.163311181928568,2.4440924178429975,-0.17795379107850118,1.9358297107719553,-56.54514362773612
6HMI,14,7,9,13,major-facing,18.769495713815697,16.67997946641422,1.4228516114223457,-0.688574194288827,3.0955256330311673,-51.370407750089264
6HMI,14,7,9,13,minor-facing,18.769495713815697,15.66240332771443,1.2166604730606791,-0.7916697634696603,1.8342410669582998,-66.7073122512869
6HMI,15,1,3,20,major-facing,0.0,16.287309507711825,0.18031203906950655,-1.3098439804652466,4.627891013674715,-60.00960399564232
6HMI,15,1,3,20,minor-facing,0.0,17.763770883458275,2.472824272332262,-0.1635878638338688,1.5346293364698123,-49.73638618157914
6HMI,15,2,4,19,major-facing,2.4105436773658373,18.32200725903142,3.8217327596019848,0.5108663798009925,4.851941334173487,-65.71299961656892
6HMI,15,2,4,19,minor-facing,2.4105436773658373,17.208564844286116,3.6484924688502605,0.4242462344251303,1.6201468356084956,-47.872833297964405
6HMI,15,3,5,18,major-facing,5.746772025983224,17.48670240497047,0.0,-1.4161280094544553,0.5514947386875311,-80.91498205510952
6HMI,15,3,5,18,minor-facing,5.746772025983224,12.62956159175765,0.0,-1.8352545508773612,9.91358999827214,-85.88036492636405
6HMI,15,4,6,17,major-facing,9.477967360927522,15.62379086521578,0.05026737166314099,-1.3748663141684294,0.5470908681053841,-83.90623846912376
6HMI,15,4,6,17,minor-facing,9.477967360927522,14.666672458332188,0.0,-1.5280256879401417,8.350150314952511,-88.49258197221405
6HMI,15,5,7,16,major-facing,13.281646888701784,14.666672458332188,4.57609396883781,0.8880469844189052,8.565626169170578,-72.3552265656981
6HMI,15,5,7,16,minor-facing,13.281646888701784,15.5535246809204,3.777919492722876,0.48895974636143813,2.200125563002651,-55.77658709032904
6HMI,15,6,8,15,major-facing,16.933004210877005,17.0876341545575,0.0,-1.416617299087327,2.3619840862578814,-72.16190536841336
6HMI,15,6,8,15,minor-facing,16.933004210877005,15.093936332183196,2.4703867614206847,-0.16480661928965756,1.9988217714236638,-56.77361205662321
6HMI,15,7,9,13,major-facing,18.629279507385025,16.84943473829315,1.627278058287763,-0.5863609708561184,3.0561438531265317,-51.10356410994676
6HMI,15,7,9,13,minor-facing,18.629279507385025,15.749563866977395,1.2697368843706216,-0.7651315578146891,1.8781764571609774,-66.62512587269414
6HMI,16,1,3,20,major-facing,0.0,16.311616872646315,0.3493403199595746,-1.2253298400202126,4.506825037665445,-60.36519140119898
6HMI,16,1,3,20,minor-facing,0.0,17.691375525944842,2.620695499862786,-0.089652250068607,1.519291748811948,-49.19077628628206
6HMI,16,2,4,19,major-facing,2.482410769857749,18.307642666383895,4.0186626262176315,0.6093313131088158,4.832341313828981,-65.71559210270777
6HMI,16,2,4,19,minor-facing,2.482410769857749,17.200613099538053,3.7328343630036813,0.46641718150184075,1.6165904135686693,-47.72195295530304
6HMI,16,3,5,18,major-facing,5.809421232570318,17.517904126921117,0.0,-1.4828699901008093,0.5161071731292171,-81.01858829988933
6HMI,16,3,5,18,minor-facing,5.809421232570318,14.263094685235739,0.0,-1.8275748942874537,8.257669926938684,-85.94145975876926
6HMI,16,4,6,17,major-facing,9.54255637954891,17.223115397627687,0.0,-1.4663449399139017,0.41194475764131067,-83.5332456578238
6HMI,16,4,6,17,minor-facing,9.54255637954891,14.82413828861563,0.0,-1.5665807166589705,8.658158177103635,-88.32953696061267
6HMI,16,5,7,16,major-facing,13.286692689817487,14.82413828861563,4.580967453606641,0.8904837268033208,8.937254993908176,-72.6317360835357
6HMI,16,5,7,16,minor-facing,13.286692689817487,15.631997217246424,3.703758382677211,0.45187919133860555,2.176750552656415,-55.42566765976525
6HMI,16,6,8,15,major-facing,16.793775427896854,16.34877099356401,1.8839135545144274,-0.4580432227427862,5.439645951345107,-72.02871160261742
6HMI,16,6,8,15,minor-facing,16.793775427896854,15.248242816796958,2.5558897106338354,-0.1220551446830822,2.0736899220547453,-56.33423509737215
6HMI,16,7,9,13,major-facing,19.003109097812107,16.912291417782512,2.4931687783038083,-0.15341561084809574,3.009135183203176,-49.51000317127427
6HMI,16,7,9,13,minor-facing,19.003109097812107,16.090424668106184,2.0078572663880903,-0.3960713668059548,2.1400283332515566,-62.67407664034036
6HMI,17,1,3,20,major-facing,0.0,16.380316999374585,0.27442853440368786,-1.262785732798156,4.383485869459892,-60.33580127504
6HMI,17,1,3,20,minor-facing,0.0,17.539573569502767,2.502188723640398,-0.14890563817980085,1.574966455255967,-49.843136970147675
6HMI,17,2,4,19,major-facing,2.483389878300092,18.308792587169698,3.9981344935043017,0.599067246752151,4.866967158724381,-65.68579734597247
6HMI,17,2,4,19,minor-facing,2.483389878300092,17.206274466019657,3.775583167635127,0.4877915838175635,1.6033381809440233,-47.796316261093
6HMI,17,3,5,18,major-facing,5.795443873235134,17.52477038365981,0.0,-1.5138653775496935,0.462969948397261,-80.80944152686794
6HMI,17,3,5,18,minor-facing,5.795443873235134,14.163145625178045,0.0,-1.8363190141830992,8.226786607020896,-85.55667855984869
6HMI,17,4,6,17,major-facing,9.532546699286282,17.19032038677581,0.0,-1.439233572019131,0.39347819485075486,-83.48485926921866
6HMI,17,4,6,17,minor-facing,9.532546699286282,14.68787564626008,0.0,-1.562525571158296,8.654230698546675,-88.15574775665637
6HMI,17,5,7,16,major-facing,13.285553718291503,16.174812827355993,4.611283155509893,0.9056415777549467,6.5220594325114,-72.65108130343862
6HMI,17,5,7,16,minor-facing,13.285553718291503,15.574508948920347,3.7701681366489637,0.4850840683244819,2.157375787885184,-55.53181453483356
6HMI,17,6,8,15,major-facing,16.776221205252103,16.174812827355993,2.06953760140362,-0.3652311992981898,5.409041322409053,-72.33890650728225
6HMI,17,6,8,15,minor-facing,16.776221205252103,15.131156895624342,2.453095338804015,-0.17345233059799248,2.0974637514758547,-56.772408311846824
6HMI,17,7,9,13,major-facing,19.04057198727425,16.782609719587715,2.9356319975335903,0.06781599876679523,2.935777538024247,-49.06344707222778
6HMI,17,7,9,13,minor-facing,19.04057198727425,16.102566534562122,2.1703323235394776,-0.3148338382302611,2.2110075618583394,-62.45968650143815
6HMI,18,1,3,20,major-facing,0.0,16.167436747982038,0.20985793950721332,-1.2950710302463933,4.633168016085135,-60.61112341634299
6HMI,18,1,3,20,minor-facing,0.0,17.705071420358628,2.500896833753186,-0.14955158312340688,1.5436887165016275,-49.691473162984856
6HMI,18,2,4,19,major-facing,2.4083123539784124,18.21220406760258,3.776704106127008,0.48835205306350415,4.893104304229456,-66.47041456997296
6HMI,18,2,4,19,minor-facing,2.4083123539784124,17.20556825565491,3.751458539157252,0.47572926957862616,1.5215858657793402,-47.606239525253955
6HMI,18,3,5,18,major-facing,5.765143780491343,17.45141361036406,0.0,-1.4894161849830316,0.5453969718044835,-81.58984104359332
6HMI,18,3,5,18,minor-facing,5.765143780491343,14.335501002755365,0.0,-1.8382135404273663,8.254916494352003,-85.93983574112562
6HMI,18,4,6,17,major-facing,9.465651987837239,17.171956120372542,0.0,-1.451550625947565,0.4271735826552408,-84.16934946974499
6HMI,18,4,6,17,minor-facing,9.465651987837239,17.45141361036406,0.0,-1.5574082764790844,1.0492369986155032,-88.40872311231047
6HMI,18,5,7,16,major-facing,13.243651088480958,16.390197985381384,4.59264642782127,0.8963232139106352,6.563729549553981,-72.39463777842793
6HMI,18,5,7,16,minor-facing,13.243651088480958,15.550582593587933,3.79495982115781,0.49747991057890517,2.142833737535782,-55.61549052379773
6HMI,18,6,8,15,major-facing,16.755590615397082,16.390197985381384,1.922448653055262,-0.4387756734723689,5.4572533740079034,-71.8872618949167
6HMI,18,6,8,15,minor-facing,16.755590615397082,15.120754247060562,2.4619910965369978,-0.16900445173150103,2.093744713279353,-56.66338604253348
6HMI,18,7,9,13,major-facing,19.00210954402655,17.031116258190476,2.82609405977778,0.01304702988889006,2.9970137649250708,-48.89348465261245
6HMI,18,7,9,13,minor-facing,19.00210954402655,15.956283119824615,2.217853571174554,-0.2910732144127228,2.11367360727499,-62.72816210635242
6HMI,19,1,3,20,major-facing,0.0,16.293045510278304,0.16055258048178134,-1.3197237097591092,4.50715565912915,-61.21625769582309
6HMI,19,1,3,20,minor-facing,0.0,17.630611248620966,2.406338074639662,-0.19683096268016897,1.591563396639654,-50.25794789313805
6HMI,19,2,4,19,major-facing,2.403928363480488,18.040082760342315,3.8568994218976664,0.5284497109488333,4.881046844253534,-66.01263643980057
6HMI,19,2,4,19,minor-facing,2.403928363480488,17.159301296964276,3.5691290764622186,0.38456453823110937,1.6276272753224448,-48.25301677161008
6HMI,19,3,5,18,major-facing,5.73567808122911,17.487519921361063,0.0,-1.4095230179749378,0.5900347025792939,-81.20747829411901
6HMI,19,3,5,18,minor-facing,5.73567808122911,12.778456479559651,0.0,-1.8324129255921329,9.921328271060768,-85.72883852242929
6HMI,19,4,6,17,major-facing,9.4628543489417,17.16133357288996,0.0184616925889598,-1.39076915370552,0.45856163915866743,-83.84337974912468
6HMI,19,4,6,17,minor-facing,9.4628543489417,14.823721159007276,0.0,-1.5148397457349263,8.322891099621051,-88.09827304426157
6HMI,19,5,7,16,major-facing,13.253382790728127,14.823721159007276,4.5975381861694125,0.8987690930847063,8.575459969852389,-72.0388171160662
6HMI,19,5,7,16,minor-facing,13.253382790728127,15.635193155186796,3.7836132698025344,0.4918066349012673,2.1514941789080777,-55.280689919404224
6HMI,19,6,8,15,major-facing,16.89306731731944,16.987031995024914,0.06852492051588488,-1.3657375397420575,2.383550527687337,-72.14823723993607
6HMI,19,6,8,15,minor-facing,16.89306731731944,15.221852252600534,2.5584914131501075,-0.12075429342494615,1.9656949344220749,-56.435440174277474
6HMI,19,7,9,13,major-facing,18.63228153547542,16.939996044863765,1.5640352529762072,-0.6179823735118963,3.014375989757381,-50.88728712988722
6HMI,19,7,9,13,minor-facing,18.63228153547542,15.776574850074397,1.4312123766666764,-0.6843938116666617,1.9034024680414956,-66.39511692385017
6HMI,20,1,3,20,major-facing,0.0,13.720204116557452,3.2540711128944246,0.2270355564472124,4.217059286683689,-67.28638058233476
6HMI,20,1,3,20,minor-facing,0.0,16.94301475534977,1.894505319228561,-0.4527473403857194,1.4766772281734144,-53.444285625149156
6HMI,20,2,4,19,major-facing,2.517508195287882,17.67208785061912,3.7414833328833357,0.4707416664416679,4.991023779025795,-67.4243299522067
6HMI,20,2,4,19,minor-facing,2.517508195287882,17.244795794673827,3.8481602483147648,0.5240801241573825,1.2809402172556095,-47.80750812579028
6HMI,20,3,5,18,major-facing,5.920057757204544,17.542120766885628,0.0,-1.4718758984056377,0.5328077183826563,-81.77657357722333
6HMI,20,3,5,18,minor-facing,5.920057757204544,12.709446486767234,0.0,-1.8070582630342835,9.871758266958073,-85.8115539458439
6HMI,20,4,6,17,major-facing,9.678202304119372,17.2052095889588,0.0,-1.4013704535749871,0.44264206243693016,-83.10237569448958
6HMI,20,4,6,17,minor-facing,9.678202304119372,14.542189174948867,0.0,-1.495055417695516,8.341937836892672,-87.26027772677698
6HMI,20,5,7,16,major-facing,13.50834013393585,14.542189174948867,4.5983832108609555,0.8991916054304778,8.57320446111078,-70.99900239010873
6HMI,20,5,7,16,minor-facing,13.50834013393585,15.775708985652594,3.9299001494723886,0.5649500747361944,2.069316692643277,-54.46648528612572
6HMI,20,6,8,15,major-facing,17.138001788449618,17.09363703253348,0.0,-1.489780292761557,2.467106102201836,-71.22200054351373
6HMI,20,6,8,15,minor-facing,17.138001788449618,15.22269683728872,2.414795803503685,-0.19260209824815733,1.9844233876016488,-56.37630313855229
6HMI,20,7,9,13,major-facing,18.739812519587225,16.632767478684958,1.5412337251183188,-0.6293831374408405,3.0164220589347113,-50.661619919934566
6HMI,20,7,9,13,minor-facing,18.739812519587225,15.719186874644631,1.1837703527334171,-0.8081148236332913,1.8543721849390504,-66.88264849493916
6HMO,1,1,3,20,major-facing,0.0,15.985725570020275,2.559687704814676,-0.12015614759266202,2.986912002364515,-61.837975484313745
6HMO,1,1,3,20,minor-facing,0.0,16.18242256276853,2.3635689536497204,-0.2182155231751397,1.739251695060761,-51.919217827417235
6HMO,1,2,4,19,major-facing,2.633488403455835,17.295939668026136,4.88654348041599,1.0432717402079952,4.67190625614826,-64.17911358008895
6HMO,1,2,4,19,minor-facing,2.633488403455835,16.138949934862552,2.867938115942635,0.03396905797131766,2.0055980029158316,-52.24044509014689
6HMO,1,3,5,18,major-facing,5.9751218566081326,17.389551661845683,0.0,-1.4893036385475515,0.5630673778029229,-81.21684394180103
6HMO,1,3,5,18,minor-facing,5.9751218566081326,16.264891822572938,0.0,-1.7853803966129387,0.8368775080301143,-83.44407662104022
6HMO,1,4,6,17,major-facing,9.776307132088903,17.34882765491663,0.0,-1.4811592659058952,0.41766107141707914,-80.33493951146006
6HMO,1,4,6,17,minor-facing,9.776307132088903,17.389551661845683,0.0,-1.455203277424372,0.9454532731199446,-83.51333878250723
6HMO,1,5,7,16,major-facing,13.74050179357271,18.709980358086963,4.605720484280422,0.902860242140211,6.1432637207332155,-65.6230333490914
6HMO,1,5,7,16,minor-facing,13.74050179357271,16.26333775705344,4.313087887045448,0.7565439435227241,1.7501694349735377,-49.819310928061824
6HMO,1,6,8,15,major-facing,17.54335851872767,17.18314560841524,4.394199347798228,0.7970996738991141,1.4008735249972797,-68.31880816420419
6HMO,1,6,8,15,minor-facing,17.54335851872767,16.67607405836278,4.004931261430208,0.6024656307151042,1.279880433268243,-46.9965608347961
6HMO,1,7,9,13,major-facing,22.355835784353687,15.726882526425893,2.5365092598597596,-0.1317453700701201,1.2993617263421107,-41.71019716987036
6HMO,1,7,9,13,minor-facing,22.355835784353687,17.05994504680481,0.49048747000059656,-1.1547562649997016,1.976476651716307,-48.58302039774535
6HMO,2,1,3,20,major-facing,0.0,17.90846118459093,4.830920324917891,1.0154601624589454,0.6724093853502806,-44.08693144671073
6HMO,2,1,3,20,minor-facing,0.0,16.632338681015366,2.225663440361837,-0.28716827981908133,1.7804790400584358,-52.1004537895212
6HMO,2,2,4,19,major-facing,2.478541175370316,19.08258507121087,4.804340520904177,1.0021702604520888,1.687795046808931,-60.58006575397584
6HMO,2,2,4,19,minor-facing,2.478541175370316,16.224327443687766,2.926802007497019,0.06340100374850954,1.9781227617006896,-51.391103322921566
6HMO,2,3,5,18,major-facing,5.844426720344016,17.40321866782119,0.0,-1.4797967983829656,0.5586642548846406,-79.11045450980701
6HMO,2,3,5,18,minor-facing,5.844426720344016,16.421382158636952,0.0,-1.7977298224930123,0.7619445717139346,-83.6539836623194
6HMO,2,4,6,17,major-facing,9.623810063115295,17.348077645664375,0.0,-1.4844135229004742,0.42360022136974745,-78.71710759449297
6HMO,2,4,6,17,minor-facing,9.623810063115295,17.40321866782119,0.0,-1.4719162455131085,0.9538490399338875,-83.48686075080393
6HMO,2,5,7,16,major-facing,13.599987273639318,18.873003470566097,4.57235036729058,0.8861751836452902,6.130941376112797,-65.3581518375034
6HMO,2,5,7,16,minor-facing,13.599987273639318,16.232736984254995,4.358504322538545,0.7792521612692727,1.7838084224448,-49.73393946627383
6HMO,2,6,8,15,major-facing,17.353813087308485,17.200115115893848,4.549486370865477,0.8747431854327385,1.40102851021835,-67.20623188802979
6HMO,2,6,8,15,minor-facing,17.353813087308485,16.581170163773123,3.9744017073435205,0.5872008536717603,1.301162382053152,-47.20343336694263
6HMO,2,7,9,13,major-facing,22.169085544841334,15.919950847914073,1.8773801683343874,-0.4613099158328062,1.0444573176120837,-41.490209957256546
6HMO,2,7,9,13,minor-facing,22.169085544841334,16.978976088092,0.366353262124262,-1.216823368937869,2.210825104385747,-48.635296021458934
6HMO,3,1,3,20,major-facing,0.0,17.26963609923498,1.1238070353837988,-0.8380964823081005,1.9950296669216692,-59.72499927255826
6HMO,3,1,3,20,minor-facing,0.0,16.748043766362688,2.7880840276227343,-0.005957986188632747,1.5236847936758398,-49.46124169211412
6HMO,3,2,4,19,major-facing,2.6296385506069075,17.498047919696642,4.883223823697244,1.041611911848622,4.730403690326377,-64.3031539398042
6HMO,3,2,4,19,minor-facing,2.6296385506069075,16.481548288919946,3.200696568827967,0.20034828441398367,1.7731740879984832,-50.349812915064106
6HMO,3,3,5,18,major-facing,6.026425628584894,17.427977650892256,0.0,-1.466120477334264,0.5419714971846659,-80.63432360051115
6HMO,3,3,5,18,minor-facing,6.026425628584894,16.628086450340582,0.0,-1.822957168055195,0.7066385101684394,-83.49597860097867
6HMO,3,4,6,17,major-facing,9.79771125179452,17.35622219839329,0.0,-1.4722173991092284,0.4427503245043981,-80.83984406905675
6HMO,3,4,6,17,minor-facing,9.79771125179452,17.427977650892256,0.0,-1.4711672306655807,0.9488187044537777,-83.26276750154373
6HMO,3,5,7,16,major-facing,13.724757461784904,18.34028737506586,4.611428133298897,0.9057140666494488,6.265806972264928,-66.06427545363626
6HMO,3,5,7,16,minor-facing,13.724757461784904,16.25975783952516,4.1549033747065955,0.6774516873532979,1.8709646641266848,-50.22689947606842
6HMO,3,6,8,15,major-facing,17.43070213973651,17.15910548367834,4.890405128571103,1.0452025642855518,1.5079854675030147,-68.1872801098455
6HMO,3,6,8,15,minor-facing,17.43070213973651,16.74150477107718,3.961324989420151,0.5806624947100756,1.3109956260425344,-47.47378847043025
6HMO,3,7,9,13,major-facing,22.529128785878857,15.941781613107112,2.154633060661052,-0.3226834696694738,1.0914672141826711,-41.79342889108519
6HMO,3,7,9,13,minor-facing,22.529128785878857,17.346537204871755,0.5428732695863281,-1.1285633652068359,1.9074684344187143,-46.679154847340605
6HMO,4,1,3,20,major-facing,0.0,16.47575907204278,3.0456743343629324,0.12283716718146631,3.9103439177103247,-55.60507021092671
6HMO,4,1,3,20,minor-facing,0.0,16.615554459602002,2.0400029350555697,-0.37999853247221504,1.6416178594349866,-50.26717174663009
6HMO,4,2,4,19,major-facing,2.541504421658351,18.959847836942153,4.872971549286282,1.036485774643141,4.671121516946561,-63.05071288649168
6HMO,4,2,4,19,minor-facing,2.541504421658351,16.062497844357832,3.1027028695981875,0.15135143479909385,1.848770435835416,-50.655483283549316
6HMO,4,3,5,18,major-facing,6.036006727833009,17.291757227072093,0.0,-1.4319105741197342,0.5286289893301241,-80.86533267602833
6HMO,4,3,5,18,minor-facing,6.036006727833009,16.289921792323007,0.0,-1.7449737689677876,0.6920006268538939,-83.0012067376776
6HMO,4,4,6,17,major-facing,9.89319195143312,17.359570904835177,0.0,-1.4783512866397746,0.4773077501360431,-80.2379207394683
6HMO,4,4,6,17,minor-facing,9.89319195143312,17.291757227072093,0.0,-1.416112633740053,0.9454947238775058,-83.16146617795695
6HMO,4,5,7,16,major-facing,13.82516202244778,18.678676639419614,4.572229346688397,0.8861146733441987,6.115303341136876,-64.96586526809968
6HMO,4,5,7,16,minor-facing,13.82516202244778,16.22680997608587,4.201144519516923,0.7005722597584616,1.803110206240467,-49.862205568636746
6HMO,4,6,8,15,major-facing,17.55122677302752,17.186361424106035,4.258574749505804,0.7292873747529023,1.4092068110750398,-68.27714634156375
6HMO,4,6,8,15,minor-facing,17.55122677302752,16.724788817799762,4.052526896491926,0.6262634482459633,1.354766183985067,-47.25736460529157
6HMO,4,7,9,13,major-facing,22.23358067376228,15.905571256638348,1.8685885526125907,-0.46570572369370455,1.1309612250735586,-41.289690685158334
6HMO,4,7,9,13,minor-facing,22.23358067376228,17.05131813086601,0.2400137464407015,-1.2799931267796492,2.1485377868168953,-48.75434518298931
6HMO,5,1,3,20,major-facing,0.0,17.254291437204834,1.153705565929005,-0.8231472170354974,1.9081118181162564,-59.4999148358686
6HMO,5,1,3,20,minor-facing,0.0,16.644721625788762,2.656949569025596,-0.07152521548720192,1.5771302265339893,-50.077967680181864
6HMO,5,2,4,19,major-facing,2.6147506347374514,17.33218901350894,4.830087886123749,1.0150439430618747,4.671204686733206,-64.0506108362078
6HMO,5,2,4,19,minor-facing,2.6147506347374514,16.37953006041382,3.0423864142200636,0.1211932071100319,1.8309876055198036,-50.98999173047884
6HMO,5,3,5,18,major-facing,6.023100938027277,17.453105110552674,0.0,-1.4601983682204192,0.5522483624096945,-80.36970762908128
6HMO,5,3,5,18,minor-facing,6.023100938027277,16.566252533388475,0.0,-1.7946867833737352,0.73226119738904,-83.0285333170479
6HMO,5,4,6,17,major-facing,9.824518361429043,14.982087805109142,0.0,-1.421994407997698,8.492062438640712,-80.32938840913127
6HMO,5,4,6,17,minor-facing,9.824518361429043,17.453105110552674,0.0,-1.4781819673947822,0.9474513542184659,-82.73089510330422
6HMO,5,5,7,16,major-facing,13.819233683024894,18.662682041978854,4.617289414790843,0.9086447073954216,6.211133312650898,-65.24038223155438
6HMO,5,5,7,16,minor-facing,13.819233683024894,16.22115748027865,4.409412130732193,0.8047060653660965,1.7711940049663775,-49.85237397193789
6HMO,5,6,8,15,major-facing,17.567974955990174,17.127587570933624,4.403400216896328,0.8017001084481641,1.3304200909023685,-68.6977770866047
6HMO,5,6,8,15,minor-facing,17.567974955990174,16.570889505394693,3.9398362720865676,0.5699181360432839,1.3690561312323744,-47.66750964789989
6HMO,5,7,9,13,major-facing,22.366029901891714,15.730658504970478,2.1111122913100213,-0.34444385434498925,1.1593032401949999,-41.419494180157976
6HMO,5,7,9,13,minor-facing,22.366029901891714,17.080892745989598,0.1345331219309993,-1.3327334390345003,2.0940011311893856,-48.817714769535705
6HMO,6,1,3,20,major-facing,0.0,18.066709274242502,4.874893868327968,1.037446934163984,0.4701207055708865,-44.36397260905079
6HMO,6,1,3,20,minor-facing,0.0,17.07399970715708,2.577464106444556,-0.111267946777722,1.6917380270118316,-50.23227057735778
6HMO,6,2,4,19,major-facing,2.5118241760884437,19.117024193111227,4.7070443104201205,0.9535221552100603,1.6494960026942969,-60.34585170627653
6HMO,6,2,4,19,minor-facing,2.5118241760884437,16.443869647987363,3.042267090612359,0.12113354530617948,1.9501453682795724,-50.332976717045156
6HMO,6,3,5,18,major-facing,5.906452264140135,17.37773325264259,0.0,-1.4271006717090204,0.5485461443227552,-78.28127335076623
6HMO,6,3,5,18,minor-facing,5.906452264140135,17.478248138758076,0.0,-1.8087420193628676,0.5155561746781252,-83.21140954245357
6HMO,6,4,6,17,major-facing,9.718151706909957,17.3362671299216,0.0,-1.4604473908739246,0.4452275073313366,-78.61298571394641
6HMO,6,4,6,17,minor-facing,9.718151706909957,17.37773325264259,0.0,-1.4721592854598538,0.9398955637828492,-83.16310760918293
6HMO,6,5,7,16,major-facing,13.672859482728327,18.68349070703866,4.551426058735023,0.8757130293675117,6.150260525413273,-65.40248512205945
6HMO,6,5,7,16,minor-facing,13.672859482728327,16.156828092172052,4.327827607446588,0.7639138037232942,1.7871243811952084,-49.818019006628134
6HMO,6,6,8,15,major-facing,17.491630322112087,17.223350225783598,4.357027170409463,0.7785135852047316,1.4107507933904735,-67.35124740903828
6HMO,6,6,8,15,minor-facing,17.491630322112087,16.584889086153094,3.921114827349323,0.5605574136746616,1.2415419561464975,-46.97044306208362
6HMO,6,7,9,13,major-facing,22.282351383919753,15.89416726349638,1.8270957618905466,-0.48645211905472663,1.1746803020812409,-41.41476952196653
6HMO,6,7,9,13,minor-facing,22.282351383919753,17.15311951220535,0.3140885625541836,-1.242955718722908,2.1267677679564834,-48.08263068267827
6HMO,7,1,3,20,major-facing,0.0,17.96847055260965,4.855839109598646,1.0279195547993232,0.5457155505153148,-44.26935232047349
6HMO,7,1,3,20,minor-facing,0.0,16.81093177072586,2.4230621695431176,-0.18846891522844111,1.7029906355521895,-51.352709825317284
6HMO,7,2,4,19,major-facing,2.500788508359277,19.101601948527772,4.789377874425958,0.9946889372129792,1.6941805136677077,-60.14573837517426
6HMO,7,2,4,19,minor-facing,2.500788508359277,16.137957274698678,2.8663083885424574,0.03315419427122879,2.0142881878256444,-51.60044948216932
6HMO,7,3,5,18,major-facing,5.878245310475472,17.407953038769378,0.011714290998269483,-1.3941428545008652,0.5885799814323275,-78.4789446240747
6HMO,7,3,5,18,minor-facing,5.878245310475472,16.47478925510126,0.0,-1.8000186154063038,0.7027679238769091,-83.47271494017134
6HMO,7,4,6,17,major-facing,9.669887316150263,17.415831475987588,0.0,-1.4657220863972147,0.45099877350536316,-78.49792402519643
6HMO,7,4,6,17,minor-facing,9.669887316150263,16.184455566993904,0.0,-1.464596713052774,0.03718833708360736,-82.76548575736179
6HMO,7,5,7,16,major-facing,13.647439860527857,18.820428262927493,4.57813431996234,0.8890671599811699,6.198584056693003,-64.85936669514946
6HMO,7,5,7,16,minor-facing,13.647439860527857,16.246775064608975,4.351579300357303,0.7757896501786514,1.7531230709243288,-49.284016927077175
6HMO,7,6,8,15,major-facing,17.392031297663525,17.109293673322696,4.404034409378369,0.8020172046891845,1.4625982372443767,-67.59686272856541
6HMO,7,6,8,15,minor-facing,17.392031297663525,16.757035209129327,3.9306701959725303,0.5653350979862652,1.2548860313104067,-46.62600405987533
6HMO,7,7,9,13,major-facing,22.230809057253765,15.715210402664036,2.652880459725407,-0.07355977013729631,1.047943605383213,-41.181818525692464
6HMO,7,7,9,13,minor-facing,22.230809057253765,16.997240334830828,0.5991862445908414,-1.1004068777045792,2.0846427534150154,-48.51547230311166
6HMO,8,1,3,20,major-facing,0.0,18.061587028829997,4.859447924582007,1.0297239622910035,0.6671558021464505,-44.27069631797364
6HMO,8,1,3,20,minor-facing,0.0,16.880168867638734,2.4238790614218018,-0.18806046928909903,1.7701586633701705,-50.98690249184569
6HMO,8,2,4,19,major-facing,2.4658841071611843,18.990209424858904,4.7530466077973434,0.9765233038986718,1.667541973916408,-60.38292666303345
6HMO,8,2,4,19,minor-facing,2.4658841071611843,16.333265778771864,2.8935223931410134,0.04676119657050681,2.0096233288879315,-50.97401127313074
6HMO,8,3,5,18,major-facing,5.779894435823046,17.39695114093271,0.0,-1.4302632440440446,0.546546100393841,-78.37816042192834
6HMO,8,3,5,18,minor-facing,5.779894435823046,16.545783450776817,0.0,-1.798133436343935,0.7594870908151722,-83.9017915780262
6HMO,8,4,6,17,major-facing,9.593619177279486,17.366397582688244,0.0,-1.484323935079122,0.39513097651359536,-78.94515534569625
6HMO,8,4,6,17,minor-facing,9.593619177279486,17.39695114093271,0.0,-1.4843708622468208,0.8781038921722994,-83.7498654589932
6HMO,8,5,7,16,major-facing,13.584760154127196,18.580756577706946,4.593131558458252,0.896565779229126,6.182781543710878,-66.2040525666943
6HMO,8,5,7,16,minor-facing,13.584760154127196,16.21905703177592,4.328334363246762,0.7641671816233813,1.6996415001172198,-49.517500216775005
6HMO,8,6,8,15,major-facing,17.347911927327708,17.109599469303774,4.368544858134765,0.7842724290673826,1.4140888929463327,-68.41566105636966
6HMO,8,6,8,15,minor-facing,17.347911927327708,16.677435834084328,3.994953497893315,0.5974767489466577,1.269521042079381,-46.780217534947894
6HMO,8,7,9,13,major-facing,22.196400277495474,15.81003345980014,2.114049716909397,-0.3429751415453015,1.05483554932388,-41.501323631345144
6HMO,8,7,9,13,minor-facing,22.196400277495474,17.026059467768814,0.5166014028215722,-1.1416992985892138,2.1349754623491406,-48.41386900646194
6HMO,9,1,3,20,major-facing,0.0,17.970803821754885,4.857392121802366,1.0286960609011833,0.5602187377192539,-44.320370395578635
6HMO,9,1,3,20,minor-facing,0.0,16.84709034225198,2.544706994144922,-0.12764650292753887,1.7332702566730256,-50.78540086757906
6HMO,9,2,4,19,major-facing,2.5902301999795525,19.05760785093449,4.795854434609313,0.9979272173046567,1.715633643853986,-59.8464956478866
6HMO,9,2,4,19,minor-facing,2.5902301999795525,16.278412269014446,3.1281856225726172,0.1640928112863087,1.9387545359905565,-50.73239598220782
6HMO,9,3,5,18,major-facing,6.058617180656478,17.365443674147805,0.0,-1.4081015367096785,0.5459998716163609,-78.71928350204573
6HMO,9,3,5,18,minor-facing,6.058617180656478,17.403467298213883,0.0,-1.772883774504228,0.5264570385906844,-83.01532624875456
6HMO,9,4,6,17,major-facing,9.873420666269922,17.326096848396062,0.0,-1.4825756127359921,0.4252993209380228,-78.71658135046401
6HMO,9,4,6,17,minor-facing,9.873420666269922,17.365443674147805,0.0,-1.4448435914804985,0.9072114611173405,-82.84060098632773
6HMO,9,5,7,16,major-facing,13.81394396704295,18.817066322888913,4.608216032652468,0.904108016326234,6.176532251951772,-65.2909549985766
6HMO,9,5,7,16,minor-facing,13.81394396704295,16.19038964941857,4.215259186427527,0.7076295932137637,1.7873887846418934,-49.77391795225822
6HMO,9,6,8,15,major-facing,17.56588334668127,17.515856844585137,4.067288797410884,0.6336443987054419,1.5064182408751998,-66.7605118410181
6HMO,9,6,8,15,minor-facing,17.56588334668127,16.67297528937172,4.059400569996839,0.6297002849984197,1.3254437134986827,-46.873943285548755
6HMO,9,7,9,13,major-facing,22.153112471764917,16.078730640196696,0.9462964693844929,-0.9268517653077535,1.300230414487003,-42.04212425508509
6HMO,9,7,9,13,minor-facing,22.153112471764917,17.021570902827975,0.33998289075600896,-1.2300085546219954,2.1008616561318045,-48.66476989683659
6HMO,10,1,3,20,major-facing,0.0,16.007484155856595,2.6303403102273593,-0.08482984488632028,3.0489604884265917,-61.879288092555015
6HMO,10,1,3,20,minor-facing,0.0,16.422641261380583,2.4395141465185506,-0.18024292674072462,1.6844731537133153,-51.023295932069516
6HMO,10,2,4,19,major-facing,2.586994776920715,17.213921633375705,4.872390367387617,1.0361951836938088,4.686624945936937,-64.87708987256764
6HMO,10,2,4,19,minor-facing,2.586994776920715,16.238835364643613,3.226368297146769,0.21318414857338452,1.8432905843537937,-51.06676062097035
6HMO,10,3,5,18,major-facing,6.022961773427778,17.342339086755285,0.0,-1.4963748910164263,0.5299907838503808,-81.2905165986934
6HMO,10,3,5,18,minor-facing,6.022961773427778,16.445945214550605,0.0,-1.7951656661258781,0.7688090592060413,-83.66802763926964
6HMO,10,4,6,17,major-facing,9.80270694472521,17.35013524442965,0.0,-1.4656423222855446,0.4438085153812633,-80.79171228177265
6HMO,10,4,6,17,minor-facing,9.80270694472521,17.342339086755285,0.0,-1.4771529426576724,0.9512478025818225,-83.58343882896642
6HMO,10,5,7,16,major-facing,13.770457467453047,18.4746541510254,4.607967487442274,0.9039837437211369,6.229681003560051,-65.67590899933965
6HMO,10,5,7,16,minor-facing,13.770457467453047,16.266051795073075,4.337781244898496,0.768890622449248,1.760154821720899,-49.60223619464321
6HMO,10,6,8,15,major-facing,17.519137124179384,17.114664530746726,4.488361318761051,0.8441806593805254,1.3757014163455985,-68.33479759785712
6HMO,10,6,8,15,minor-facing,17.519137124179384,16.791348307982894,3.8854282425517987,0.5427141212758995,1.259265528532042,-47.07697059745271
6HMO,10,7,9,13,major-facing,22.447523469466056,15.74835648567812,2.5814304049989327,-0.10928479750053355,1.2087188047409898,-41.359355257573874
6HMO,10,7,9,13,minor-facing,22.447523469466056,17.19666264133829,0.5144772198961465,-1.1427613900519267,2.032911161060643,-47.63017284183822
6HMO,11,1,3,20,major-facing,0.0,17.92350417747601,4.809857403940946,1.004928701970473,0.7057564851952671,-44.23897059622151
6HMO,11,1,3,20,minor-facing,0.0,16.660131271991826,2.19084900131288,-0.3045754993435599,1.8258798138319479,-52.02151405902143
6HMO,11,2,4,19,major-facing,2.4367457949803106,19.060003174186512,4.802208422296514,1.0011042111482569,1.727929123307549,-60.949692296764255
6HMO,11,2,4,19,minor-facing,2.4367457949803106,16.13844583595335,2.8722953907585933,0.03614769537929674,1.93459896453072,-51.5034151337324
6HMO,11,3,5,18,major-facing,5.798726412713634,17.348498839957305,0.0,-1.462140958835816,0.5509472379121424,-79.48805658999937
6HMO,11,3,5,18,minor-facing,5.798726412713634,16.434249267916076,0.0,-1.797691029497145,0.7599159528820909,-83.86852473158315
6HMO,11,4,6,17,major-facing,9.593001185992408,17.376308180968707,0.0,-1.4955957799302275,0.43333320941698433,-79.20664162320209
6HMO,11,4,6,17,minor-facing,9.593001185992408,17.348498839957305,0.0,-1.4408097884691868,0.9130073559540317,-83.76316223717167
6HMO,11,5,7,16,major-facing,13.537828277061429,18.668470156925014,4.531445737216561,0.8657228686082807,6.185561417515175,-65.64768259217502
6HMO,11,5,7,16,minor-facing,13.537828277061429,16.268873531993542,4.294205324142554,0.7471026620712773,1.7181453501671662,-49.40070464225169
6HMO,11,6,8,15,major-facing,17.25559246951752,17.065406528998952,4.70810500067442,0.9540525003372102,1.4585000745818453,-67.97012308170017
6HMO,11,6,8,15,minor-facing,17.25559246951752,16.81200086247916,3.9657204407913107,0.5828602203956554,1.2133771637186994,-46.75005365700451
6HMO,11,7,9,13,major-facing,22.414385463481686,15.763895267350645,3.161440509070862,0.18072025453543117,0.9141809606528689,-41.33510286605809
6HMO,11,7,9,13,minor-facing,22.414385463481686,17.129214488703212,0.8083432114066142,-0.9958283942966928,1.9507222089489216,-47.12390874346993
6HMO,12,1,3,20,major-facing,0.0,17.95855506436974,4.822770189737856,1.011385094868928,0.7233391782228835,-44.12765212162123
6HMO,12,1,3,20,minor-facing,0.0,16.689951168292854,2.485177114786221,-0.15741144260688933,1.7962404457524075,-51.256214655971256
6HMO,12,2,4,19,major-facing,2.5639456369901312,19.243707906741882,4.803323922050383,1.0016619610251918,1.6917112629454687,-60.044679728585834
6HMO,12,2,4,19,minor-facing,2.5639456369901312,16.11786055901961,3.063339639510954,0.1316698197554771,1.9827659827030208,-51.2804298693254
6HMO,12,3,5,18,major-facing,5.991318195776204,17.310246503155295,0.0,-1.4488642740341537,0.5395887083198356,-79.46369739242608
6HMO,12,3,5,18,minor-facing,5.991318195776204,16.418915006784097,0.0,-1.7755545478400998,0.7624266680131713,-83.60951743268316
6HMO,12,4,6,17,major-facing,9.814931632330717,17.270786664191068,0.0,-1.4909076933200363,0.3922354080778271,-79.94722287319424
6HMO,12,4,6,17,minor-facing,9.814931632330717,17.310246503155295,0.0,-1.4562848591252604,0.9198373931542378,-83.68177511982017
6HMO,12,5,7,16,major-facing,13.744811635319458,17.98750994440309,4.4970267217328885,0.8485133608664444,6.242295880915071,-66.48684378092834
6HMO,12,5,7,16,minor-facing,13.744811635319458,16.25348759497481,4.124515001452302,0.6622575007261511,1.7741390734661606,-49.6623976746543
6HMO,12,6,8,15,major-facing,17.38846776241154,16.863734372908038,5.04994709944957,1.124973549724785,1.3109895518288561,-69.72004605992683
6HMO,12,6,8,15,minor-facing,17.38846776241154,16.83256156976709,3.964459646627677,0.5822298233138385,1.3483826672413637,-47.08821792753785
6HMO,12,7,9,13,major-facing,22.584575100164248,15.791251090398125,2.8794281576118057,0.03971407880590294,0.8686089176611091,-41.346645141678756
6HMO,12,7,9,13,minor-facing,22.584575100164248,17.38058756198996,0.7468276282111601,-1.0265861858944199,1.9776138213411094,-46.19684241650565
6HMO,13,1,3,20,major-facing,0.0,17.918502225353546,4.883100439360202,1.0415502196801012,0.491590759016574,-44.729263631127566
6HMO,13,1,3,20,minor-facing,0.0,16.958493624140086,2.499300821977856,-0.15034958901107198,1.6666523145073697,-50.682101191055
6HMO,13,2,4,19,major-facing,2.5319139975030773,18.999902815540924,4.793769024197658,0.9968845120988292,1.7500160499551034,-60.56408366667729
6HMO,13,2,4,19,minor-facing,2.5319139975030773,16.32150902949847,2.9998245474151637,0.09991227370758193,1.927848678075555,-50.704719326440156
6HMO,13,3,5,18,major-facing,5.901766266189078,17.394253246402965,0.0,-1.4475312996553316,0.5259561405031902,-78.9928991369081
6HMO,13,3,5,18,minor-facing,5.901766266189078,16.57515598719964,0.0,-1.7887303719291407,0.704809873626745,-83.11116907796247
6HMO,13,4,6,17,major-facing,9.697633620989738,17.415355437084827,0.0,-1.471535197476066,0.4090656923715561,-78.8614247272083
6HMO,13,4,6,17,minor-facing,9.697633620989738,17.394253246402965,0.0,-1.476677698793759,0.9216988012737759,-83.35708233223345
6HMO,13,5,7,16,major-facing,13.65577515733585,18.583774051575208,4.570606735760075,0.8853033678800375,6.180831218593339,-65.69851442300144
6HMO,13,5,7,16,minor-facing,13.65577515733585,16.23596532393439,4.217133119900478,0.7085665599502389,1.745977504369006,-49.573506962253646
6HMO,13,6,8,15,major-facing,17.408869828310856,17.10307329107842,4.302751364694942,0.7513756823474709,1.4203372295478967,-68.09355344541157
6HMO,13,6,8,15,minor-facing,17.408869828310856,16.716737600381244,3.891856840773197,0.5459284203865986,1.2655622124523256,-46.79030959178635
6HMO,13,7,9,13,major-facing,22.247978501731502,15.668068004703068,2.6783282324645046,-0.06083588376774762,1.1354611776037522,-41.82917011351617
6HMO,13,7,9,13,minor-facing,22.247978501731502,17.026951958586128,0.493349370079212,-1.153325314960394,2.0256756558539095,-48.292923211517525
6HMO,14,1,3,20,major-facing,0.0,17.7403748269308,0.6405303062628875,-1.0797348468685561,2.3608934618211976,-56.926368915616486
6HMO,14,1,3,20,minor-facing,0.0,17.6275281874686,2.6747777703588533,-0.06261111482057324,1.5364183804786378,-47.66143275910004
6HMO,14,2,4,19,major-facing,2.4066944827806926,18.253977456981808,4.105884852898603,0.6529424264493016,4.761992710891695,-63.49394686392948
6HMO,14,2,4,19,minor-facing,2.4066944827806926,16.795835793434037,3.559320181635734,0.3796600908178671,1.7108592050672515,-47.68268548306279
6HMO,14,3,5,18,major-facing,5.802141456986336,17.313318139513292,0.0,-1.4089432490910494,0.5098951963548897,-80.07233894776789
6HMO,14,3,5,18,minor-facing,5.802141456986336,17.597177671433567,0.0,-1.8145686831891847,0.47330882118989037,-81.5259517645658
6HMO,14,4,6,17,major-facing,9.667740760285398,17.261259426820512,0.0,-1.4664013051525613,0.4064043294164622,-81.01144603426147
6HMO,14,4,6,17,minor-facing,9.667740760285398,17.313318139513292,0.0,-1.4906453943194544,0.9036618047259556,-82.93858339376666
6HMO,14,5,7,16,major-facing,13.647525663648132,18.432527824473777,4.5796427017291705,0.8898213508645854,6.1658869374670235,-66.00303330780429
6HMO,14,5,7,16,minor-facing,13.647525663648132,16.20540274106139,4.3061193864210505,0.7530596932105253,1.765285852604169,-49.638692472259365
6HMO,14,6,8,15,major-facing,17.385207728892905,17.29322563896048,4.292462493328303,0.7462312466641516,1.3896294330917152,-67.97719247002725
6HMO,14,6,8,15,minor-facing,17.385207728892905,16.733308698521043,3.9795954705039605,0.5897977352519803,1.3107890605278092,-46.72058904853903
6HMO,14,7,9,13,major-facing,22.14972265886801,15.820309320616964,2.010274483673958,-0.39486275816302085,1.2757110089771873,-41.66599096365976
6HMO,14,7,9,13,minor-facing,22.14972265886801,17.276404892222224,0.4312531431035138,-1.184373428448243,2.033475042509461,-47.66643481941175
6HMO,15,1,3,20,major-facing,0.0,17.928518622574483,4.867330845510498,1.033665422755249,0.483745822053054,-44.830391114094326
6HMO,15,1,3,20,minor-facing,0.0,16.965022752710944,2.521796405323386,-0.13910179733830685,1.6882922365628092,-50.71701859621185
6HMO,15,2,4,19,major-facing,2.5409733178790677,19.067549213257585,4.810640318619536,1.0053201593097683,1.7423490089385378,-60.91892849490671
6HMO,15,2,4,19,minor-facing,2.5409733178790677,16.370868058841594,3.111277930752546,0.1556389653762731,1.9023946638164664,-50.542259095762894
6HMO,15,3,5,18,major-facing,5.944336574166803,17.382086209658496,0.0,-1.4214400885939569,0.5742249372050948,-78.7958189566004
6HMO,15,3,5,18,minor-facing,5.944336574166803,17.48386879383393,0.0,-1.8098640906984886,0.5419689414215538,-83.58721062900932
6HMO,15,4,6,17,major-facing,9.730143366262737,17.305180293773308,0.0,-1.4653091099860711,0.457866578329533,-79.40445535975654
6HMO,15,4,6,17,minor-facing,9.730143366262737,17.382086209658496,0.0,-1.4801779252421527,0.9522245039733959,-83.09646171056536
6HMO,15,5,7,16,major-facing,13.634507113977252,18.420200161778915,4.564918974668521,0.8824594873342604,6.153625311230703,-66.02598644298246
6HMO,15,5,7,16,minor-facing,13.634507113977252,16.137929390104542,4.226921650298385,0.7134608251491925,1.8118151295374634,-50.022488665201124
6HMO,15,6,8,15,major-facing,17.389952386852087,17.09417587952107,4.32694423020572,0.7634721151028603,1.3475533205052843,-68.85159566388731
6HMO,15,6,8,15,minor-facing,17.389952386852087,16.571801622032527,3.983917283962471,0.5919586419812355,1.3284506108537986,-47.267954821633744
6HMO,15,7,9,13,major-facing,22.14330843160157,15.9542194418906,2.2861085030161914,-0.2569457484919042,0.9139809025824114,-41.20101978078307
6HMO,15,7,9,13,minor-facing,22.14330843160157,17.06283525677957,0.301913355470389,-1.2490433222648054,2.1543601383447157,-48.66469811842232
6HMO,16,1,3,20,major-facing,0.0,17.944497485301724,4.745178785022862,0.9725893925114311,0.6690673792662569,-43.6857378025135
6HMO,16,1,3,20,minor-facing,0.0,16.764942409683368,2.2159951128512145,-0.29200244357439264,1.811035440036882,-51.73559118005104
6HMO,16,2,4,19,major-facing,2.454967087044533,19.27895821874201,4.784486104148843,0.9922430520744214,1.6127913390257318,-59.95638892421761
6HMO,16,2,4,19,minor-facing,2.454967087044533,16.28651706166791,2.9433593981283077,0.07167969906415395,1.9893054947820057,-50.87394221735908
6HMO,16,3,5,18,major-facing,5.837168786490136,17.32852625008832,0.0,-1.405369688229337,0.5702610607525957,-78.76115394823167
6HMO,16,3,5,18,minor-facing,5.837168786490136,16.451206825032624,0.0,-1.7708044933555438,0.7254848827916534,-83.58570068018503
6HMO,16,4,6,17,major-facing,9.683850701594046,17.282502307247064,0.0,-1.4745064453245227,0.3909324529379163,-78.86572861736352
6HMO,16,4,6,17,minor-facing,9.683850701594046,17.32852625008832,0.0,-1.448434520779061,0.930536256453753,-83.29705787712973
6HMO,16,5,7,16,major-facing,13.720455150079857,18.592234507987467,4.569456539890512,0.8847282699452559,6.147398700805999,-65.28311497812976
6HMO,16,5,7,16,minor-facing,13.720455150079857,16.1927024612941,4.3626673190944665,0.7813336595472333,1.7783875956229631,-49.53870976465902
6HMO,16,6,8,15,major-facing,17.48166056734192,17.09738041338497,4.341911531081731,0.7709557655408656,1.4103442804333661,-68.01188775514625
6HMO,16,6,8,15,minor-facing,17.48166056734192,16.72039712447046,3.949140014149432,0.5745700070747162,1.2405828629961362,-46.331033357310375
6HMO,16,7,9,13,major-facing,22.419954482114303,15.797823837478374,3.3878022304601125,0.29390111523005635,0.9393650728723392,-41.00626346283026
6HMO,16,7,9,13,minor-facing,22.419954482114303,17.09224669257965,0.7153632886418113,-1.0423183556790943,2.0116330779846914,-47.729084414695016
6HMO,17,1,3,20,major-facing,0.0,17.96674945559157,4.884625873938832,1.0423129369694162,0.5809104571394441,-44.55665535249224
6HMO,17,1,3,20,minor-facing,0.0,16.731181697656623,2.52137421798948,-0.1393128910052599,1.6817219327240613,-50.93423763034809
6HMO,17,2,4,19,major-facing,2.573912683196257,19.079236410296925,4.813922699500306,1.0069613497501533,1.7064853060644563,-60.60191646653151
6HMO,17,2,4,19,minor-facing,2.573912683196257,16.19548075853261,2.994283579707521,0.09714178985376054,2.0231786958001097,-51.1814076755373
6HMO,17,3,5,18,major-facing,5.965543716855059,17.35191240180747,0.0,-1.4269168752069081,0.5760005904661415,-79.14747802321993
6HMO,17,3,5,18,minor-facing,5.965543716855059,16.40436649188258,0.0,-1.7798300210842575,0.6881914059199934,-84.07384419433669
6HMO,17,4,6,17,major-facing,9.777144548975656,17.351659459544496,0.0,-1.4798956883421062,0.42165212742629427,-79.01144823624173
6HMO,17,4,6,17,minor-facing,9.777144548975656,17.35191240180747,0.0,-1.4672234152815007,0.921443756222726,-83.51315738903216
6HMO,17,5,7,16,major-facing,13.70651136884783,18.56920908385707,4.668988632409885,0.9344943162049426,6.246376376437204,-65.7791242861016
6HMO,17,5,7,16,minor-facing,13.70651136884783,16.17987744082136,4.287381203854531,0.7436906019272658,1.776208456840837,-49.653780010824015
6HMO,17,6,8,15,major-facing,17.480550885452658,17.15200297341392,4.430298040800173,0.8151490204000864,1.4331985808463732,-67.89181512320268
6HMO,17,6,8,15,minor-facing,17.480550885452658,16.680203535928452,3.970334300649968,0.585167150324984,1.2879241495386704,-46.61974940872645
6HMO,17,7,9,13,major-facing,22.361591849727443,15.720676003276706,2.5794718967474304,-0.11026405162628472,1.2190599084649099,-42.16880201673025
6HMO,17,7,9,13,minor-facing,22.361591849727443,17.174323683918384,0.5193449525612137,-1.140327523719393,1.928398839694411,-47.60231825660524
6HMO,18,1,3,20,major-facing,0.0,15.869185895943117,2.784944633109516,-0.007527683445242017,3.133476738103903,-62.68074674691239
6HMO,18,1,3,20,minor-facing,0.0,16.470640151493807,2.3896131090126445,-0.20519344549367768,1.6760741305439202,-51.06059333032313
6HMO,18,2,4,19,major-facing,2.57652626988955,17.303456215450137,4.825615951153108,1.0128079755765542,4.605644870564003,-64.37604422921419
6HMO,18,2,4,19,minor-facing,2.57652626988955,16.278457267198263,3.0545325484838837,0.12726627424194192,1.7938901018749107,-50.97509326428046
6HMO,18,3,5,18,major-facing,5.982742289081862,17.351049881779485,0.042873276378951,-1.3785633618105244,0.511515097561257,-81.16107380694156
6HMO,18,3,5,18,minor-facing,5.982742289081862,16.459308369430353,0.0,-1.786179747029251,0.8010654423925978,-82.90843957577081
6HMO,18,4,6,17,major-facing,9.867725314347702,17.266894017164756,0.0,-1.4570779351960461,0.3862349524804179,-81.06071283159221
6HMO,18,4,6,17,minor-facing,9.867725314347702,17.351049881779485,0.0,-1.4141233497357055,0.896155286917163,-82.7465450673257
6HMO,18,5,7,16,major-facing,13.907439690666981,18.892126852210158,4.634234371693589,0.9171171858467946,4.594158528286176,-65.55386617528701
6HMO,18,5,7,16,minor-facing,13.907439690666981,16.363419844274606,4.438716972629784,0.8193584863148922,1.6698541200218444,-49.01776816275094
6HMO,18,6,8,15,major-facing,17.5651135666902,17.210294361224623,4.380483814540845,0.7902419072704228,1.4400971037933852,-68.259782818821
6HMO,18,6,8,15,minor-facing,17.5651135666902,16.768987148900795,3.9953007997290553,0.5976503998645277,1.3740440675193315,-47.129780039456215
6HMO,18,7,9,13,major-facing,22.316661063448496,15.907606859612793,1.2978912040642672,-0.7510543979678663,1.08438690731849,-41.30749771731876
6HMO,18,7,9,13,minor-facing,22.316661063448496,17.14943841646134,0.48335063646017673,-1.1583246817699115,2.210298565020555,-48.20825268230513
6HMO,19,1,3,20,major-facing,0.0,18.04084105578229,4.827264997403958,1.0136324987019791,0.5904597920831574,-44.59501506406828
6HMO,19,1,3,20,minor-facing,0.0,16.80553227362942,2.4833511219743785,-0.15832443901281068,1.7289768250319626,-51.30720927065008
6HMO,19,2,4,19,major-facing,2.5003848302432328,19.09181898091431,4.773755587040247,0.9868777935201236,1.6703119559781918,-60.73466621794943
6HMO,19,2,4,19,minor-facing,2.5003848302432328,16.165729739173546,2.889020868584811,0.04451043429240564,1.999635402316486,-51.585185380934675
6HMO,19,3,5,18,major-facing,5.8459223466739365,17.36187607950247,0.0,-1.4373388800546594,0.6051645257951841,-78.84049484856459
6HMO,19,3,5,18,minor-facing,5.8459223466739365,16.475197024618556,0.0,-1.7897912725909715,0.7183084413577755,-84.20549274534226
6HMO,19,4,6,17,major-facing,9.632778465055368,17.371375391718413,0.0,-1.498646747482821,0.43029492392952073,-78.9838265748807
6HMO,19,4,6,17,minor-facing,9.632778465055368,17.36187607950247,0.0,-1.471894728716161,0.9343017467134701,-83.69590569311264
6HMO,19,5,7,16,major-facing,13.525737088597117,18.444078860165394,4.59222544786954,0.8961127239347699,6.190583283650142,-65.98806432015947
6HMO,19,5,7,16,minor-facing,13.525737088597117,16.251232199436448,4.181816479001506,0.6909082395007533,1.8119888904906614,-49.92874886459246
6HMO,19,6,8,15,major-facing,17.259017240195018,17.03976868974459,4.75121751681718,0.97560875840859,1.466558785883989,-68.22913028505384
6HMO,19,6,8,15,minor-facing,17.259017240195018,16.723325656100823,3.8885872804489936,0.5442936402244969,1.2185813795536458,-47.07048489318124
6HMO,19,7,9,13,major-facing,22.38938558078776,15.692476859947892,2.9241717949578576,0.0620858974789289,1.0142759806435788,-41.888040993279766
6HMO,19,7,9,13,minor-facing,22.38938558078776,17.179142615392657,0.6043884267754938,-1.097805786612253,1.932171129645827,-47.267299109983185
6HMO,20,1,3,20,major-facing,0.0,17.87743214222893,4.912971298445527,1.0564856492227634,0.5910906090135344,-44.28331776553634
6HMO,20,1,3,20,minor-facing,0.0,16.777286490967484,2.3359979004075178,-0.23200104979624103,1.742075500611187,-51.338708931275995
6HMO,20,2,4,19,major-facing,2.4993495502862277,19.08045437090008,4.763170714017971,0.9815853570089854,1.728590862146892,-60.31988486841325
6HMO,20,2,4,19,minor-facing,2.4993495502862277,16.293036979028805,2.9400801238572822,0.0700400619286412,1.974650174838383,-51.0207600788851
6HMO,20,3,5,18,major-facing,5.822999206003384,17.415787205865833,0.0,-1.4590093990510427,0.5340005028768123,-78.8765271880237
6HMO,20,3,5,18,minor-facing,5.822999206003384,16.5152929734837,0.0,-1.8084414170640513,0.7787007326005924,-82.93644671193196
6HMO,20,4,6,17,major-facing,9.629878429995527,17.407297406547634,0.0,-1.4816033143855432,0.4391759063549877,-78.45412856937843
6HMO,20,4,6,17,minor-facing,9.629878429995527,17.415787205865833,0.0,-1.4897978601832316,0.923353271163843,-83.08384778577067
6HMO,20,5,7,16,major-facing,13.578792192035007,18.819660809908346,4.529801078621972,0.8649005393109861,6.1215796124201445,-65.3888209308286
6HMO,20,5,7,16,minor-facing,13.578792192035007,16.23809773341693,4.253836335571712,0.7269181677858563,1.7637763607612302,-49.87512775022564
6HMO,20,6,8,15,major-facing,17.35211906957525,17.145019480887154,4.654865987077898,0.9274329935389489,1.3027114768990191,-67.55377582456453
6HMO,20,6,8,15,minor-facing,17.35211906957525,16.571719826258228,3.981570548858391,0.5907852744291955,1.3274204644058016,-47.248064269095444
6HMO,20,7,9,13,major-facing,22.34494833234395,15.86009035283217,2.686733281296862,-0.05663335935156888,1.0511511067785104,-41.234173195518004
6HMO,20,7,9,13,minor-facing,22.34494833234395,17.027467926852776,0.40063973975482803,-1.199680130122586,2.0789882430423487,-48.016724235844485
