variant,temperature_C,position,base,p_unpaired,entropy_bits
WT_model,20,1,A,0.9924764952879589,0.0640266695041073
WT_model,20,2,U,0.9480906989224083,0.2948608063663099
WT_model,20,3,A,0.11727180384398672,0.8222703674908489
WT_model,20,4,C,0.0003453918691792568,0.3165738162463633
WT_model,20,5,U,0.0010137672608137027,0.32097405277120217
WT_model,20,6,U,0.005534670136314035,0.3408685091597321
WT_model,20,7,A,0.05755774098010802,0.3176765671073321
WT_model,20,8,C,0.003933292298206159,0.4409549091613768
WT_model,20,9,C,0.023074421490199892,0.602342923311165
WT_model,20,10,U,0.07637089913736339,0.6269172896199608
WT_model,20,11,G,0.9999962655967429,7.368903355428613e-05
WT_model,20,12,U,0.9984963657552739,0.01682592446280036
WT_model,20,13,U,0.9999499692162377,0.0007985936188617993
WT_model,20,14,C,0.9999990391115243,2.1257055653420938e-05
WT_model,20,15,G,0.9314278989380194,0.4211734348782662
WT_model,20,16,G,0.03685845781625918,0.6528312626931114
WT_model,20,17,G,0.023121097391229473,0.6128166138921982
WT_model,20,18,A,0.9375747179068257,0.3697836959221674
WT_model,20,19,G,0.010136434248721682,0.42540572216701245
WT_model,20,20,U,0.00162920011733525,0.32837874825072966
WT_model,20,21,A,0.0046488652209296655,0.3366889132159019
WT_model,20,22,A,0.056506583021779244,0.3138605377062911
WT_model,20,23,G,0.05650622711780229,0.3135402405730985
WT_model,20,24,U,0.17318448155092125,0.665319703668497
WT_model,20,25,C,0.9999845040485096,0.0002894816363943587
WT_model,20,26,U,0.9924758864560761,0.06405843003322867
WT_model,25,1,A,0.9921462582904772,0.06643297007625311
WT_model,25,2,U,0.9473545804948311,0.29811326390289106
WT_model,25,3,A,0.12434313444168976,0.8475698551871005
WT_model,25,4,C,0.0007478757152477034,0.32730623107458656
WT_model,25,5,U,0.0015181490737870007,0.3314332593935543
WT_model,25,6,U,0.008078125672014491,0.3566123120378267
WT_model,25,7,A,0.05970891932031741,0.3262973606927001
WT_model,25,8,C,0.004792883079040022,0.47377921570304515
WT_model,25,9,C,0.02743986653830932,0.6573701330920877
WT_model,25,10,U,0.08067548803377833,0.6798546389900597
WT_model,25,11,G,0.9999928946780352,0.00013402494458352352
WT_model,25,12,U,0.9981710899257761,0.020078902017138675
WT_model,25,13,U,0.9999271691592244,0.0011283566835428723
WT_model,25,14,C,0.9999980673063711,4.082510431244025e-05
WT_model,25,15,G,0.9266095020272133,0.4490698310675872
WT_model,25,16,G,0.04212005309607325,0.7068526790817461
WT_model,25,17,G,0.0290732072686416,0.6699412435079335
WT_model,25,18,A,0.9350367416052532,0.38417468094222607
WT_model,25,19,G,0.01319076891160842,0.4556673534521093
WT_model,25,20,U,0.0023234690647309097,0.34047260910440696
WT_model,25,21,A,0.0057929328540090586,0.34828831386347114
WT_model,25,22,A,0.05835767320035157,0.32150897534131706
WT_model,25,23,G,0.05846584904875329,0.3215400882979999
WT_model,25,24,U,0.18169849907936675,0.6844834233035317
WT_model,25,25,C,0.999970335051399,0.0005267036437987981
WT_model,25,26,U,0.9921423365485468,0.06653746499661718
WT_model,30,1,A,0.991943387523056,0.06798866893238675
WT_model,30,2,U,0.9459755342463751,0.3040863899441585
WT_model,30,3,A,0.13182452468704597,0.8763257635421697
WT_model,30,4,C,0.0016086367481844555,0.34541521523720836
WT_model,30,5,U,0.0023765868306463434,0.3480434156874056
WT_model,30,6,U,0.011691130402587069,0.3785045647600692
WT_model,30,7,A,0.06306705389030198,0.3395231311919339
WT_model,30,8,C,0.005878918683636325,0.513495442987895
WT_model,30,9,C,0.03241233535426924,0.7193920025672453
WT_model,30,10,U,0.08631230053876482,0.7383921019266482
WT_model,30,11,G,0.9999860785970481,0.0002502365044075094
WT_model,30,12,U,0.9978518714274737,0.023285107302426847
WT_model,30,13,U,0.9998963151096447,0.0015636156131281615
WT_model,30,14,C,0.9999960436234923,7.959968477111852e-05
WT_model,30,15,G,0.9204511471753547,0.48205988100908675
WT_model,30,16,G,0.04800503666923084,0.767233946299407
WT_model,30,17,G,0.036322914440025555,0.7338548045867024
WT_model,30,18,A,0.9316062446675959,0.4023662218298527
WT_model,30,19,G,0.016941266817279144,0.4925324645649902
WT_model,30,20,U,0.0034166807345308303,0.35869397456908664
WT_model,30,21,A,0.007447536322570891,0.3657666644878358
WT_model,30,22,A,0.06136505697489103,0.3337037702647569
WT_model,30,23,G,0.06173508197264277,0.3346763822079007
WT_model,30,24,U,0.19141450125342296,0.7057650633130192
WT_model,30,25,C,0.9999380244136259,0.0010328460513530716
WT_model,30,26,U,0.9919264503703893,0.06832378614463618
WT_model,37,1,A,0.9914667500796654,0.07165239542625265
WT_model,37,2,U,0.94266805505407,0.31820949978356466
WT_model,37,3,A,0.14374897820650345,0.9253970485582415
WT_model,37,4,C,0.004655313039374276,0.39154021921814586
WT_model,37,5,U,0.004976134581045066,0.3887071081985384
WT_model,37,6,U,0.01973264405029207,0.42457300128336034
WT_model,37,7,A,0.07095224634157804,0.3695404995464874
WT_model,37,8,C,0.008276324518796896,0.5878954175230222
WT_model,37,9,C,0.04054188074784704,0.8228911545465396
WT_model,37,10,U,0.0967736505967205,0.8344470255344865
WT_model,37,11,G,0.9999640529373487,0.0006032898323012254
WT_model,37,12,U,0.997260229444899,0.029168123795600683
WT_model,37,13,U,0.999830505390336,0.0024675050482097557
WT_model,37,14,C,0.9999890625569668,0.00020423042289291387
WT_model,37,15,G,0.9083751891670511,0.5415772431300059
WT_model,37,16,G,0.05730675892636372,0.8678811293755828
WT_model,37,17,G,0.049262027867611025,0.8393794863479754
WT_model,37,18,A,0.9246594462930751,0.43753857737806445
WT_model,37,19,G,0.024391029288962307,0.5621525061216885
WT_model,37,20,U,0.006369035342555063,0.4004530102349262
WT_model,37,21,A,0.011509837886777174,0.40604742810425876
WT_model,37,22,A,0.0687566861959179,0.3627392483983872
WT_model,37,23,G,0.07002524083383932,0.3669230848929398
WT_model,37,24,U,0.20815532875745502,0.7414286742334106
WT_model,37,25,C,0.9998092743564977,0.00285437376742606
WT_model,37,26,U,0.9913808055878373,0.07302177439562937
WT_model,42,1,A,0.9912590006133104,0.07353367301744916
WT_model,42,2,U,0.9393329241141796,0.3322873077163178
WT_model,42,3,A,0.15495401963698874,0.9702772769701171
WT_model,42,4,C,0.010132273823669435,0.4500974098897173
WT_model,42,5,U,0.009385147946243233,0.43966194886540394
WT_model,42,6,U,0.02911471385769493,0.4742183673372596
WT_model,42,7,A,0.08035848118999622,0.40361521690886015
WT_model,42,8,C,0.011606033346934441,0.6601662661720747
WT_model,42,9,C,0.04856811628773616,0.9127921860146463
WT_model,42,10,U,0.10752974731712062,0.9155392844624661
WT_model,42,11,G,0.9999259923770328,0.0011785627110925728
WT_model,42,12,U,0.9967823907303272,0.03399129123932786
WT_model,42,13,U,0.9997612550125718,0.0034025013181855513
WT_model,42,14,C,0.9999768220740135,0.0004079519412878352
WT_model,42,15,G,0.8972308137129422,0.5928517034475604
WT_model,42,16,G,0.06597172445665156,0.9548802700350182
WT_model,42,17,G,0.0616403110485747,0.9303698837378126
WT_model,42,18,A,0.9180147276220803,0.4704704651805845
WT_model,42,19,G,0.03242986432777195,0.6292295483826574
WT_model,42,20,U,0.010936628807760584,0.4497248611123185
WT_model,42,21,A,0.017221724516437886,0.4535896055794798
WT_model,42,22,A,0.07798869102903483,0.3973259852063779
WT_model,42,23,G,0.08067837916629483,0.4062987159286136
WT_model,42,24,U,0.22397871991157103,0.7743641303655028
WT_model,42,25,C,0.9995549561672658,0.006095580598854951
WT_model,42,26,U,0.9910140003000286,0.07698723034997645
WT_model,50,1,A,0.9907711882987383,0.0782933419196672
WT_model,50,2,U,0.9316577383940072,0.36430490821639594
WT_model,50,3,A,0.18788501835955296,1.0803055395531982
WT_model,50,4,C,0.03750468471881907,0.6405385103172424
WT_model,50,5,U,0.032164861602022365,0.6129423525041983
WT_model,50,6,U,0.06271427976575372,0.6229689593780128
WT_model,50,7,A,0.1138611566364327,0.5121639657235687
WT_model,50,8,C,0.028793930641884513,0.8659673564878879
WT_model,50,9,C,0.07386682437082615,1.1277932098388992
WT_model,50,10,U,0.1401513134937168,1.1006687811191194
WT_model,50,11,G,0.9997619411351534,0.0034955768754847127
WT_model,50,12,U,0.9956490839731629,0.04547965757802341
WT_model,50,13,U,0.999549283035874,0.006205046884401177
WT_model,50,14,C,0.9999199830167164,0.001263381177900916
WT_model,50,15,G,0.8699394927511634,0.7082470499405178
WT_model,50,16,G,0.09126557429874682,1.1635381179618605
WT_model,50,17,G,0.09767613002893494,1.1428709513045834
WT_model,50,18,A,0.902440348395426,0.547669971308315
WT_model,50,19,G,0.06205486592563725,0.8152199322790934
WT_model,50,20,U,0.03351907900870066,0.6116878156214207
WT_model,50,21,A,0.04251208617308866,0.6085599836615464
WT_model,50,22,A,0.1121483654209584,0.5115247457338603
WT_model,50,23,G,0.11980771894668141,0.5340499943867141
WT_model,50,24,U,0.2667252018255871,0.8580494286268199
WT_model,50,25,C,0.9982555048917665,0.0203938371318134
WT_model,50,26,U,0.9896521176316764,0.09147299062834142
WT_model,60,1,A,0.9910256306578583,0.08034084657426475
WT_model,60,2,U,0.9279570760215927,0.3851078502947584
WT_model,60,3,A,0.32871958734037987,1.3032683542620576
WT_model,60,4,C,0.19336710517681832,1.1313146927521007
WT_model,60,5,U,0.17245618919668126,1.1078369244848854
WT_model,60,6,U,0.2107127789481542,1.0189581396137921
WT_model,60,7,A,0.25812961156886294,0.827569743273705
WT_model,60,8,C,0.1480974453838788,1.3730672160538298
WT_model,60,9,C,0.19295620832607263,1.5441509424765711
WT_model,60,10,U,0.26854400042149584,1.4147047635901935
WT_model,60,11,G,0.9990037518632011,0.013286528869968693
WT_model,60,12,U,0.9939001991158658,0.06459313613232462
WT_model,60,13,U,0.9988875160719992,0.014723889293078486
WT_model,60,14,C,0.9996754283001399,0.004447492386645081
WT_model,60,15,G,0.8363984945081251,0.8419885655775755
WT_model,60,16,G,0.2035867566574886,1.5740855725330571
WT_model,60,17,G,0.2319728386980724,1.5239382587084613
WT_model,60,18,A,0.8843909104471103,0.6557845353076072
WT_model,60,19,G,0.20110995757142747,1.2494316616548977
WT_model,60,20,U,0.17057188314768645,1.0662203411037698
WT_model,60,21,A,0.18367689111922436,1.0421287534535726
WT_model,60,22,A,0.26268649873734196,0.8469873475448668
WT_model,60,23,G,0.2839866551272596,0.8802599254399399
WT_model,60,24,U,0.40972815423823017,1.0455665051226561
WT_model,60,25,C,0.9921998256379786,0.07441134796432798
WT_model,60,26,U,0.9856337743097586,0.1320157500374024
mutant_model,20,1,A,0.9920578735420789,0.06705417271541453
mutant_model,20,2,U,0.9994545790321876,0.006801214708710069
mutant_model,20,3,A,0.12611735729049012,0.5661275897628187
mutant_model,20,4,C,0.0028097215391529318,0.04956710711662031
mutant_model,20,5,U,0.0047338967030657875,0.043468199339313916
mutant_model,20,6,U,0.004719006977187412,0.04352170905103564
mutant_model,20,7,A,0.005823698895674134,0.0516211042928277
mutant_model,20,8,C,0.004037571313084465,0.13021010389703622
mutant_model,20,9,C,0.028033435732877976,0.30374209989978196
mutant_model,20,10,U,0.032979930489166365,0.38831095153666667
mutant_model,20,11,G,0.9928324802819533,0.06644563153432131
mutant_model,20,12,U,0.9934983305544854,0.06143391239062354
mutant_model,20,13,U,0.9999941806090671,0.00011833328838723432
mutant_model,20,14,C,0.9999997765760527,5.400327644944517e-06
mutant_model,20,15,G,0.9826801724031501,0.1418105045033293
mutant_model,20,16,G,0.03678021841018697,0.3801035231653287
mutant_model,20,17,G,0.014590643415611115,0.3528587900361739
mutant_model,20,18,C,0.9904051686124795,0.0873675994549294
mutant_model,20,19,G,0.014528981697018328,0.1193419961804327
mutant_model,20,20,U,0.0052494611271276526,0.054330941038368774
mutant_model,20,21,A,0.004199840056805182,0.04576860982920701
mutant_model,20,22,A,0.004738052423391426,0.043415743828821476
mutant_model,20,23,G,0.0009499015452706372,0.046678376454327646
mutant_model,20,24,U,0.12405580717965659,0.5759561185509818
mutant_model,20,25,C,0.9962682053934311,0.035535110046796076
mutant_model,20,26,U,0.9890601481226075,0.09629828808423799
mutant_model,25,1,A,0.9917116445004167,0.06954693865714855
mutant_model,25,2,U,0.9992951856089054,0.008542551976082146
mutant_model,25,3,A,0.13508648402872414,0.5912250409924995
mutant_model,25,4,C,0.004885503036352268,0.06649808720200148
mutant_model,25,5,U,0.00670676058083719,0.05822764448272909
mutant_model,25,6,U,0.006688104350511592,0.05837340284512132
mutant_model,25,7,A,0.008105085896700226,0.06797115094815803
mutant_model,25,8,C,0.005741210823464238,0.16530930373101163
mutant_model,25,9,C,0.035365118306680654,0.3662233848397277
mutant_model,25,10,U,0.040596789691818125,0.4520867720763392
mutant_model,25,11,G,0.9914368794849575,0.07617676075195537
mutant_model,25,12,U,0.9921608504259546,0.07105596922344797
mutant_model,25,13,U,0.9999925798642311,0.00014865845052348695
mutant_model,25,14,C,0.9999994883585458,1.1842014812851046e-05
mutant_model,25,15,G,0.9776224423057414,0.17595192865533502
mutant_model,25,16,G,0.04328097499735806,0.4467124583635056
mutant_model,25,17,G,0.019274510037079917,0.4275728990233577
mutant_model,25,18,C,0.9873539974669653,0.11024912260302688
mutant_model,25,19,G,0.019250216331935688,0.15054521303762505
mutant_model,25,20,U,0.007356548386048489,0.07157419526982353
mutant_model,25,21,A,0.006024761520674327,0.0613087898025233
mutant_model,25,22,A,0.006713507549347408,0.05814241122986108
mutant_model,25,23,G,0.0015419599137725948,0.06403936605476648
mutant_model,25,24,U,0.13157709668782214,0.6081243393557662
mutant_model,25,25,C,0.9947917733160099,0.0471023985912744
mutant_model,25,26,U,0.9875374596625612,0.10828565913322208
mutant_model,30,1,A,0.9915033193946335,0.07111888446777531
mutant_model,30,2,U,0.9990928680417448,0.010689099944350015
mutant_model,30,3,A,0.14538886875171597,0.6192790230958226
mutant_model,30,4,C,0.008405733257923265,0.09276636989114737
mutant_model,30,5,U,0.010020569977373661,0.08121422026316877
mutant_model,30,6,U,0.009978917804825294,0.08138388544677078
mutant_model,30,7,A,0.011778658723121782,0.0924077007692096
mutant_model,30,8,C,0.008622168198922586,0.2109910460389816
mutant_model,30,9,C,0.04479056471916443,0.4387244300971393
mutant_model,30,10,U,0.05058176323915131,0.5245084300578539
mutant_model,30,11,G,0.9898307607244904,0.08686423846171248
mutant_model,30,12,U,0.9906157317293259,0.08166450655424129
mutant_model,30,13,U,0.9999898901767486,0.00019756909989168664
mutant_model,30,14,C,0.9999987156269237,2.8175019066865708e-05
mutant_model,30,15,G,0.9711406797719134,0.21837768209641983
mutant_model,30,16,G,0.050838047949694154,0.5254019365902702
mutant_model,30,17,G,0.025214237518699112,0.5151755263034428
mutant_model,30,18,C,0.9831014769245172,0.1404679984929575
mutant_model,30,19,G,0.02567356447910696,0.1903089614601556
mutant_model,30,20,U,0.010806599711406295,0.09724548301393257
mutant_model,30,21,A,0.009138014862848154,0.08524797562924209
mutant_model,30,22,A,0.010032056593225147,0.08106939588340502
mutant_model,30,23,G,0.002635153740523255,0.0919571832132472
mutant_model,30,24,U,0.13948776709185629,0.6469028017747103
mutant_model,30,25,C,0.992320529045238,0.06516981410504864
mutant_model,30,26,U,0.9853600669648506,0.12473847940149951
mutant_model,37,1,A,0.9910219337059225,0.07473772600229404
mutant_model,37,2,U,0.9987254192452334,0.01446838610281654
mutant_model,37,3,A,0.16334938550621292,0.6661489506189908
mutant_model,37,4,C,0.017448756817582844,0.15187430131175955
mutant_model,37,5,U,0.01833993538928813,0.1326969656650866
mutant_model,37,6,U,0.018147737477941295,0.13241390911269732
mutant_model,37,7,A,0.020596008911591746,0.14489107416155375
mutant_model,37,8,C,0.01578680009539235,0.3002021044629693
mutant_model,37,9,C,0.06260250160865632,0.562148380202923
mutant_model,37,10,U,0.06963701811839995,0.6448433379205964
mutant_model,37,11,G,0.9869379506484842,0.105249831601106
mutant_model,37,12,U,0.9878139477801459,0.10000882288185552
mutant_model,37,13,U,0.9999818924773588,0.000337391263359818
mutant_model,37,14,C,0.9999950772230111,9.882370100961392e-05
mutant_model,37,15,G,0.9583830908816438,0.29735979770119314
mutant_model,37,16,G,0.06357533790867964,0.6617693008125722
mutant_model,37,17,G,0.036028829161984466,0.665459672133272
mutant_model,37,18,C,0.9741638011213971,0.1988411551060919
mutant_model,37,19,G,0.03917675491885109,0.26661377139545517
mutant_model,37,20,U,0.01921496667153688,0.15217504779027383
mutant_model,37,21,A,0.017005172571725957,0.13798957740950443
mutant_model,37,22,A,0.018364737928929897,0.13238508174328478
mutant_model,37,23,G,0.006026737897706469,0.15738709613083549
mutant_model,37,24,U,0.15185048581289007,0.7157981478690704
mutant_model,37,25,C,0.9865027074459831,0.10363785092743273
mutant_model,37,26,U,0.9802548927569151,0.16007401247512318
mutant_model,42,1,A,0.9908378540351714,0.07638442483820437
mutant_model,42,2,U,0.9983869264536247,0.017876143914258617
mutant_model,42,3,A,0.1809677155251871,0.7093794239686231
mutant_model,42,4,C,0.029600964716347544,0.22025755740965247
mutant_model,42,5,U,0.029268750804529953,0.19206771174070722
mutant_model,42,6,U,0.028725113999336305,0.19048745473341053
mutant_model,42,7,A,0.03168692965446429,0.20303018873137646
mutant_model,42,8,C,0.02505445588210442,0.3892446702462778
mutant_model,42,9,C,0.08083728416333669,0.6704302423314885
mutant_model,42,10,U,0.08899600918498529,0.7481944840365458
mutant_model,42,11,G,0.9844721103558963,0.1203700815732236
mutant_model,42,12,U,0.9854397099182666,0.11499238431292239
mutant_model,42,13,U,0.9999701726535085,0.0005369393159242699
mutant_model,42,14,C,0.9999861259097184,0.0002572451383209647
mutant_model,42,15,G,0.9460654814930858,0.36947561955129493
mutant_model,42,16,G,0.07544892308398699,0.7836725841174851
mutant_model,42,17,G,0.04684675776835234,0.7986273604525455
mutant_model,42,18,C,0.9648338923137857,0.2541750454858772
mutant_model,42,19,G,0.053905641045802866,0.3415239773054465
mutant_model,42,20,U,0.02993206729841058,0.21276348550547683
mutant_model,42,21,A,0.027333657275829037,0.1976128577503023
mutant_model,42,22,A,0.029313291398173513,0.1915116277925274
mutant_model,42,23,G,0.011655496411217214,0.2360877903780852
mutant_model,42,24,U,0.1629954694756388,0.78127876764962
mutant_model,42,25,C,0.9797691082331266,0.14365844823487228
mutant_model,42,26,U,0.9747378070404468,0.19471081861455414
mutant_model,50,1,A,0.9904484063039845,0.08022412255754724
mutant_model,50,2,U,0.9976202994116343,0.02550353615624096
mutant_model,50,3,A,0.22930004704071472,0.812639484486913
mutant_model,50,4,C,0.07365475824215306,0.4148887524247644
mutant_model,50,5,U,0.06871686527905363,0.36556046750608157
mutant_model,50,6,U,0.06643159849394431,0.35866234582816225
mutant_model,50,7,A,0.07041226556310587,0.3683288689632629
mutant_model,50,8,C,0.05849171841930334,0.6247655898124669
mutant_model,50,9,C,0.13177566442369792,0.9160974675262699
mutant_model,50,10,U,0.14256375216719597,0.9777964511133854
mutant_model,50,11,G,0.978410762419077,0.15608070842147403
mutant_model,50,12,U,0.9795589926219636,0.15052913584557084
mutant_model,50,13,U,0.9999189444646819,0.0013771850748607573
mutant_model,50,14,C,0.9999187575492308,0.0012814300679981627
mutant_model,50,15,G,0.9152555359873669,0.5340360494478276
mutant_model,50,16,G,0.10875060917605661,1.0647423007948935
mutant_model,50,17,G,0.0796097875987174,1.103710672663298
mutant_model,50,18,C,0.9408779912673734,0.3792418027224529
mutant_model,50,19,G,0.09995407809314716,0.5372136811859329
mutant_model,50,20,U,0.06784811319958628,0.38408135348473815
mutant_model,50,21,A,0.06459952656070722,0.3689052377469858
mutant_model,50,22,A,0.06883982730636407,0.3640427092115383
mutant_model,50,23,G,0.0384275391746155,0.471554249620062
mutant_model,50,24,U,0.19421997015057946,0.9367443243658891
mutant_model,50,25,C,0.9620276647492481,0.2358025864709497
mutant_model,50,26,U,0.960383294784211,0.2742136493989586
mutant_model,60,1,A,0.9910282315398327,0.07946279994728411
mutant_model,60,2,U,0.9963745393090575,0.03845830034967156
mutant_model,60,3,A,0.38699778490654113,1.0134736728027545
mutant_model,60,4,C,0.24967404731155607,0.858730862453823
mutant_model,60,5,U,0.23056554011245267,0.7980284342688417
mutant_model,60,6,U,0.22110602609983376,0.7805799800906761
mutant_model,60,7,A,0.22590150303991308,0.7747246662764056
mutant_model,60,8,C,0.20220141860663554,1.1251396396474855
mutant_model,60,9,C,0.28514681127522445,1.3100376727114544
mutant_model,60,10,U,0.2988529715349848,1.3301735524256193
mutant_model,60,11,G,0.9691723350788551,0.20958550694554112
mutant_model,60,12,U,0.9706368769460332,0.20313580711785517
mutant_model,60,13,U,0.999594109415165,0.006134599122661266
mutant_model,60,14,C,0.9992821958761045,0.008820802818260127
mutant_model,60,15,G,0.8723958987882381,0.7463558230297578
mutant_model,60,16,G,0.23241971762144298,1.5363829718712803
mutant_model,60,17,G,0.2101734773089584,1.60382317453211
mutant_model,60,18,C,0.9052287980534998,0.5368588343111482
mutant_model,60,19,G,0.25643585315701545,0.9599119893652936
mutant_model,60,20,U,0.22228911461131207,0.8012761172487872
mutant_model,60,21,A,0.21905309492528546,0.7940736215751804
mutant_model,60,22,A,0.23103453371013072,0.7923261408542658
mutant_model,60,23,G,0.18777912582533152,1.042718559115802
mutant_model,60,24,U,0.32603511588950906,1.2336356184408928
mutant_model,60,25,C,0.9351718854301866,0.35634821353613444
mutant_model,60,26,U,0.9402321054299896,0.36962651844028044
