VHL_residue,VHL_atom,BRD4_residue,BRD4_atom,distance_A
ARG107,NH1,GLU383,O,2.7983625569250323
ARG108,NE,ASP381,OD2,2.8981830514996796
ARG69,NH1,GLU438,OE2,3.054651043900106
ARG107,CB,GLU383,OE2,3.14751489273681
ARG108,NH2,GLU383,OE1,3.1884952563866222
ARG108,NH2,ASP381,OD1,3.2038228727568563
ARG108,N,GLU383,OE2,3.230543762279039
ARG69,NH1,GLU438,CG,3.2574735609057526
ARG107,CA,GLU383,OE2,3.266270197029022
HIS110,N,ALA384,O,3.2888615051412553
ARG108,O,ALA384,CA,3.3137492361372183
ARG107,NH1,GLU383,CG,3.3491887077320697
ARG108,CZ,GLU383,OE1,3.4750161150705465
ARG108,NH1,GLU383,OE1,3.4816427157306076
ARG107,NH1,GLU383,C,3.528647049507787
HIS110,N,ALA384,CB,3.583708972559017
ARG69,NH1,GLU438,CD,3.6149369289103808
PRO71,CB,TRP374,CZ3,3.6303381385209814
ARG107,CZ,GLU383,CG,3.632204151751387
ARG107,NH2,GLU383,CG,3.658102786964851
ARG108,NE,ASP381,CG,3.683493721998179
ARG108,CD,ASP381,OD2,3.7247714023816276
ARG108,NE,ASP381,OD1,3.7276809144560636
PRO71,CG,TRP374,CE3,3.7340692280674173
ARG108,NH2,ASP381,OD2,3.741074310943316
ARG69,O,TRP374,CZ2,3.7483373647525333
HIS110,CB,ALA384,O,3.7526169535405542
ARG107,C,GLU383,OE2,3.763704292316283
ARG108,CZ,ASP381,OD2,3.7712345458748646
ARG108,O,ALA384,CB,3.7779441499312822
ARG108,O,ALA384,N,3.7896697745318115
ARG108,NH2,ASP381,CG,3.7931767688838347
HIS110,CG,LEU385,CD2,3.81711972565703
HIS110,N,ALA384,C,3.8397538983638015
ILE109,C,ALA384,CB,3.8697087745720617
ARG108,C,ALA384,CB,3.8752617976080024
HIS110,CB,LEU385,CD2,3.882886941439318
ARG108,C,ALA384,CA,3.8838746117762355
PRO71,CG,TRP374,CZ3,3.8966900056329843
ILE109,N,ALA384,CB,3.9004620239146024
ARG108,CZ,ASP381,OD1,3.908965336249478
ARG108,N,GLU383,CD,3.913590423128102
ARG107,CZ,GLU383,O,3.9140323197439235
PRO71,CG,TRP374,CD2,3.9283016686603913
PRO71,CB,TRP374,CE3,3.9455601630186807
HIS110,N,ALA384,CA,3.959558308700606
PRO71,CB,TRP374,CH2,3.980452486841164
ILE109,CA,ALA384,CB,3.986468487270407
HIS110,CB,ALA384,CB,4.044228727458426
HIS110,CB,ALA384,C,4.051879810655789
ARG108,NH2,GLU383,CD,4.05568909064785
ARG69,CZ,GLU438,OE2,4.056620391409576
ARG108,NH2,GLU383,CB,4.056820553093272
HIS110,CA,ALA384,O,4.062895642272887
PRO71,CD,TRP374,CE2,4.073420675550218
ILE109,CA,ALA384,CA,4.076736071908507
ARG108,O,GLU383,CG,4.089823223563581
ARG108,CB,ASP381,OD2,4.111086596023002
ARG108,O,GLU383,O,4.119299455004456
ARG108,O,GLU383,C,4.1262924035991455
ARG107,NH1,GLU383,CA,4.132504325466579
ARG107,CG,GLU383,OE2,4.147562898860006
ARG108,CZ,GLU383,CD,4.1489869847952034
HIS110,CE1,TRP374,CZ3,4.1552060117399705
PRO71,CD,TRP374,CZ2,4.16232735377697
TYR112,CE2,TRP374,CH2,4.165792361604212
ARG107,NH2,GLU383,O,4.17252082079886
ILE109,N,ALA384,CA,4.18065473341198
ILE109,CA,ALA384,O,4.1872419323463985
HIS110,ND1,LEU385,CD2,4.19221588184578
HIS110,CD2,LEU385,CD2,4.1949979737778165
PRO71,CD,TRP374,CD2,4.201737854745344
ILE109,C,ALA384,O,4.204241905504488
ARG107,CB,GLU383,CD,4.20517074564161
ARG108,NH1,GLU383,CD,4.210451994738807
ARG108,CZ,ASP381,CG,4.224987692289766
ARG108,CB,ALA384,CB,4.231276994005474
ARG69,NH2,GLU438,OE2,4.2389154273233665
PRO71,CG,TRP374,CH2,4.253274268137431
PRO71,CG,TRP374,CE2,4.27589744965896
ARG107,CZ,GLU383,OE2,4.286447130200021
ARG69,O,TRP374,CE2,4.314157623453273
ARG107,NH1,GLU383,CB,4.314241184727624
HIS110,NE2,TRP374,CZ3,4.3192218049088416
PRO71,CD,TRP374,CH2,4.325282071726651
HIS110,CA,ALA384,CB,4.326261781261048
ARG69,O,TRP374,NE1,4.3365117317955
ARG108,N,GLU383,CG,4.346661362471202
ILE109,C,ALA384,CA,4.348918716186819
ARG108,CA,GLU383,OE2,4.352811734959372
HIS110,NE2,TRP374,CH2,4.371330461083904
ARG108,NE,GLU383,OE1,4.378264724751119
ARG107,NH1,ALA384,N,4.381988589670219
PRO71,CD,TRP374,CE3,4.395614860289741
HIS110,O,ALA384,O,4.401600731552101
ARG108,O,ALA384,C,4.430735153448016
ARG107,CA,GLU383,CD,4.431345619560722
ARG107,NH1,GLU383,CD,4.437730726396095
PRO71,CD,TRP374,CZ3,4.440657834150249
GLY106,O,GLU383,OE2,4.444896624219736
ARG107,NH1,GLU383,OE2,4.4459488301148955
ARG107,CZ,GLU383,CD,4.44605555520846
PRO71,CG,TRP374,CZ2,4.454584829139524
ARG108,CB,GLU383,OE2,4.458005047103468
HIS110,CB,LEU385,N,4.472689682953647
ARG69,NH1,GLU438,CB,4.4732231109123095
ARG107,NE,GLU383,OE2,4.475915101965183
ARG108,NH1,GLU383,OE2,4.476149349608434
ARG108,O,GLU383,OE2,4.476225642212421
ARG107,NH2,GLU383,CD,4.483973795641541
ARG108,C,ALA384,N,4.4915811247265705
ARG107,NE,GLU383,CG,4.49907923913327
